video_id,channel_id,channel_name,tier,title,published_at,duration_sec,view_count,like_count,comment_count,comments_disabled,engagement_rate,duration_min,duration_bucket,publish_year,publish_month,days_since_publish,views_per_day
xxqcPMR0OhM,UCpXBGqwsBkpvcYjsJBQ7LEQ,Critical Role,large,"Gathering of Needs| Critical Role Abridged | Campaign 3, Episode 95",2026-03-31 15:01:21+00:00,4295,5981,203,12,False,0.035947166025748205,71.6,60_to_120,2026,2026-03,5,1196.2
X65FEyVSZXc,UCpXBGqwsBkpvcYjsJBQ7LEQ,Critical Role,large,"The Vanishing | Critical Role | Campaign 4, Episode 20",2026-03-30 19:00:31+00:00,13872,261504,7769,817,False,0.032833149779735685,231.2,180_plus,2026,2026-03,6,43584.0
UeXB0vSGXBU,UCpXBGqwsBkpvcYjsJBQ7LEQ,Critical Role,large,Weird Kids: Shop-A-Ganza sponsored by eBay Live,2026-03-28 01:13:22+00:00,4891,22128,712,13,False,0.03276391901663051,81.5,60_to_120,2026,2026-03,9,2458.67
lBlM7ualcN8,UCpXBGqwsBkpvcYjsJBQ7LEQ,Critical Role,large,"Where the Red Fearne Glows | Critical Role Abridged | Campaign 3, Episode 94",2026-03-24 15:01:21+00:00,4065,7306,224,9,False,0.03189159594853545,67.8,60_to_120,2026,2026-03,12,608.83
2a2bxnSgoY8,UCpXBGqwsBkpvcYjsJBQ7LEQ,Critical Role,large,"Hand & Wheel | Critical Role | Campaign 4, Episode 19",2026-03-23 19:00:03+00:00,14086,433339,11152,1261,False,0.028645010026791956,234.8,180_plus,2026,2026-03,13,33333.77
VKvpsBlPE_Q,UCpXBGqwsBkpvcYjsJBQ7LEQ,Critical Role,large,"The Seekers' Table | Previously On... | Campaign 4, Ep 12-18 Recap",2026-03-18 19:00:35+00:00,591,41613,2417,108,False,0.06067815346165862,9.8,under_60,2026,2026-03,18,2311.83
MSu8-tdqj34,UCpXBGqwsBkpvcYjsJBQ7LEQ,Critical Role,large,Tale Gate | Episode 2 | Discussing Up To C4E18,2026-03-18 03:05:50+00:00,4141,120145,5328,306,False,0.04689333721752882,69.0,60_to_120,2026,2026-03,18,6674.72
owlBcksFxgA,UCpXBGqwsBkpvcYjsJBQ7LEQ,Critical Role,large,"Bittersweet Reunions | Critical Role Abridged | Campaign 3, Episode 93",2026-03-17 15:01:31+00:00,4527,10025,230,9,False,0.023840399002493767,75.4,60_to_120,2026,2026-03,19,527.63
QHoEEo8Cqwo,UCpXBGqwsBkpvcYjsJBQ7LEQ,Critical Role,large,"Draw Your Weapons, Episode 1 | Kobolds and Congratulations",2026-03-13 02:00:06+00:00,3817,36408,1280,170,False,0.03982641177763129,63.6,60_to_120,2026,2026-03,24,1517.0
gdMGqRlFLX4,UCpXBGqwsBkpvcYjsJBQ7LEQ,Critical Role,large,"Broken Roads | Critical Role Abridged | Campaign 3, Episode 92",2026-03-10 15:01:10+00:00,4565,9946,275,17,False,0.029358536094912527,76.1,60_to_120,2026,2026-03,26,382.54
q-zflBMhaag,UCpXBGqwsBkpvcYjsJBQ7LEQ,Critical Role,large,"Vindicta & Vale | Critical Role | Campaign 4, Episode 18",2026-03-09 19:00:58+00:00,14414,500382,12060,2593,False,0.029283627308736127,240.2,180_plus,2026,2026-03,27,18532.67
5NBik7f8ASI,UCpXBGqwsBkpvcYjsJBQ7LEQ,Critical Role,large,"True Heroism | Critical Role Abridged | Campaign 3, Episode 91",2026-03-03 16:00:08+00:00,4860,11098,339,41,False,0.03424040367633808,81.0,60_to_120,2026,2026-03,33,336.3
GWNArAM0pM4,UCpXBGqwsBkpvcYjsJBQ7LEQ,Critical Role,large,"The Place of Wings | Critical Role | Campaign 4, Episode 17",2026-03-02 20:00:13+00:00,13575,550236,12560,1192,False,0.024992912132248708,226.2,180_plus,2026,2026-03,34,16183.41
Jq1fvgldtsg,UCpXBGqwsBkpvcYjsJBQ7LEQ,Critical Role,large,Leveling Up The Seekers Table | Lvl 3 to Lvl 4,2026-02-25 20:00:14+00:00,927,196988,11209,440,False,0.05913558186285459,15.4,under_60,2026,2026-02,39,5050.97
Q2YUVClpCYA,UCpXBGqwsBkpvcYjsJBQ7LEQ,Critical Role,large,"Mission Improbable | Critical Role Abridged | Campaign 3, Episode 90",2026-02-24 16:00:42+00:00,4386,9348,267,9,False,0.029525032092426188,73.1,60_to_120,2026,2026-02,40,233.7
b7EFf-QrWbM,UCpXBGqwsBkpvcYjsJBQ7LEQ,Critical Role,large,"Visions of Shadow & Stone | Critical Role | Campaign 4, Episode 16",2026-02-23 20:00:33+00:00,14112,630348,14199,1375,False,0.02470698725148648,235.2,180_plus,2026,2026-02,41,15374.34
F7bt1FzGxS0,UCpXBGqwsBkpvcYjsJBQ7LEQ,Critical Role,large,Kingdom Come: Deliverance II One-Shot,2026-02-19 20:00:08+00:00,14063,116426,4259,386,False,0.039896586673079895,234.4,180_plus,2026,2026-02,45,2587.24
6HmtMRETRLM,UCpXBGqwsBkpvcYjsJBQ7LEQ,Critical Role,large,"Divisive Portents | Critical Role Abridged | Campaign 3, Episode 89",2026-02-17 16:00:11+00:00,4223,9515,265,6,False,0.028481345244351024,70.4,60_to_120,2026,2026-02,47,202.45
qPLCCtUGyoY,UCpXBGqwsBkpvcYjsJBQ7LEQ,Critical Role,large,"Flight to Castle Torch | Critical Role | Campaign 4, Episode 15",2026-02-16 20:00:42+00:00,13530,667500,15099,1398,False,0.024714606741573032,225.5,180_plus,2026,2026-02,48,13906.25
1r1Vtt0tWWM,UCpXBGqwsBkpvcYjsJBQ7LEQ,Critical Role,large,"Seeking Sedition | Critical Role Abridged | Campaign 3, Episode 88",2026-02-10 16:00:04+00:00,4204,10585,279,7,False,0.02701936702881436,70.1,60_to_120,2026,2026-02,54,196.02
TRDzQIenIPQ,UCpXBGqwsBkpvcYjsJBQ7LEQ,Critical Role,large,"A Bridge Too Far | Critical Role | Campaign 4, Episode 14",2026-02-09 20:00:20+00:00,13336,672689,16236,1514,False,0.02638663632079609,222.3,180_plus,2026,2026-02,55,12230.71
jk2m-3rpj54,UCpXBGqwsBkpvcYjsJBQ7LEQ,Critical Role,large,"Arrival at Kreviris | Critical Role Abridged | Campaign 3, Episode 87",2026-02-03 16:00:59+00:00,4494,11326,270,18,False,0.025428218258873387,74.9,60_to_120,2026,2026-02,61,185.67
RWh4BFyW15M,UCpXBGqwsBkpvcYjsJBQ7LEQ,Critical Role,large,"Seeking Sanctuary | Critical Role | Campaign 4, Episode 13",2026-02-02 20:00:15+00:00,13090,760141,17297,1326,False,0.02449940208461325,218.2,180_plus,2026,2026-02,62,12260.34
LDvpppNISws,UCpXBGqwsBkpvcYjsJBQ7LEQ,Critical Role,large,"Doorways to Darker Depths | Critical Role Abridged | Campaign 3, Episode 86",2026-01-27 16:00:27+00:00,4496,11891,280,12,False,0.024556387183584223,74.9,60_to_120,2026,2026-01,68,174.87
WRtb_XzfNTA,UCpXBGqwsBkpvcYjsJBQ7LEQ,Critical Role,large,"The Giant's Belt | Critical Role | Campaign 4, Episode 12",2026-01-26 20:00:23+00:00,12990,892349,19154,1676,False,0.0233428849026558,216.5,180_plus,2026,2026-01,69,12932.59
-ewgMIEA3ag,UCpXBGqwsBkpvcYjsJBQ7LEQ,Critical Role,large,"The Soldier's Table | Previously On... | Campaign 4, Ep 5-11 Recap",2026-01-21 20:00:00+00:00,586,73974,4358,163,False,0.06111606780760808,9.8,under_60,2026,2026-01,74,999.65
lxCQ9n5Q8vY,UCpXBGqwsBkpvcYjsJBQ7LEQ,Critical Role,large,Tale Gate | Episode 1 | Discussing Up To C4E11,2026-01-21 04:07:06+00:00,4496,290580,12546,515,False,0.04494803496455365,74.9,60_to_120,2026,2026-01,74,3926.76
-NCqEHEXgwU,UCpXBGqwsBkpvcYjsJBQ7LEQ,Critical Role,large,"Intense Interrogations | Critical Role Abridged | Campaign 3, Episode 85",2026-01-20 16:00:00+00:00,4305,9720,260,6,False,0.027366255144032924,71.8,60_to_120,2026,2026-01,75,129.6
Ta2rfRcooZE,UCpXBGqwsBkpvcYjsJBQ7LEQ,Critical Role,large,"Make Merry | Critical Role | Campaign 4, Episode 11",2026-01-19 20:00:23+00:00,13225,987704,22245,1475,False,0.02401529203081085,220.4,180_plus,2026,2026-01,76,12996.11
Mw9DaiPDGCs,UCpXBGqwsBkpvcYjsJBQ7LEQ,Critical Role,large,"Red Rural Revelations | Critical Role Abridged | Campaign 3, Episode 84",2026-01-13 16:00:41+00:00,4133,15308,358,16,False,0.024431669715181605,68.9,60_to_120,2026,2026-01,82,186.68
eZNIweY0jOM,UCpXBGqwsBkpvcYjsJBQ7LEQ,Critical Role,large,"Ruidus | Critical Role Abridged | Campaign 3, Episode 83",2026-01-06 16:01:08+00:00,4359,22689,435,19,False,0.02000969632861739,72.6,60_to_120,2026,2026-01,89,254.93
ohxUh7n7kJw,UCpXBGqwsBkpvcYjsJBQ7LEQ,Critical Role,large,"Blood for Blood | Critical Role | Campaign 4, Episode 10",2025-12-22 20:00:49+00:00,12741,948521,22795,1746,False,0.025872911617138682,212.4,180_plus,2025,2025-12,104,9120.39
sxheCPQ9mBo,UCpXBGqwsBkpvcYjsJBQ7LEQ,Critical Role,large,The Long Rest | The Winters Feast & Himmelsschloss: The Castle in the Sky,2025-12-19 20:00:53+00:00,3043,76624,3440,120,False,0.04646063896429317,50.7,under_60,2025,2025-12,107,716.11
74NkbJlV604,UCpXBGqwsBkpvcYjsJBQ7LEQ,Critical Role,large,Leveling Up The Soldier Table | Lvl 3 to Lvl 4,2025-12-17 20:00:13+00:00,1067,368953,19638,785,False,0.055353933969909445,17.8,under_60,2025,2025-12,109,3384.89
3c8Pxk_LZ68,UCpXBGqwsBkpvcYjsJBQ7LEQ,Critical Role,large,"Rush for the Bloody Bridge | Critical Role Abridged | Campaign 3, Episode 82",2025-12-16 16:00:06+00:00,4548,16893,360,14,False,0.022139347658793582,75.8,60_to_120,2025,2025-12,110,153.57
NR4rk3oma8A,UCpXBGqwsBkpvcYjsJBQ7LEQ,Critical Role,large,"To the Hounds! | Critical Role | Campaign 4, Episode 9",2025-12-15 20:00:22+00:00,15314,1322259,26414,1799,False,0.02133696953471294,255.2,180_plus,2025,2025-12,111,11912.24
rGe2SC_yhNM,UCpXBGqwsBkpvcYjsJBQ7LEQ,Critical Role,large,10 Year Anniversary Charity Auction | Benefitting CRF | Sponsored by eBay Live,2025-12-11 06:25:26+00:00,12521,125040,3838,119,False,0.03164587332053743,208.7,180_plus,2025,2025-12,115,1087.3
e_AowMiNT1o,UCpXBGqwsBkpvcYjsJBQ7LEQ,Critical Role,large,"The Eve of the Red Moon | Critical Role Abridged | Campaign 3, Episode 81",2025-12-09 13:01:20+00:00,4602,15942,377,15,False,0.024589135616610212,76.7,60_to_120,2025,2025-12,117,136.26
UBgjcSc9QOw,UCpXBGqwsBkpvcYjsJBQ7LEQ,Critical Role,large,"Fanged Revenge | Critical Role | Campaign 4, Episode 8",2025-12-08 20:00:19+00:00,16170,1275311,28900,2270,False,0.024441097112782684,269.5,180_plus,2025,2025-12,118,10807.72
fqLx5pOidG4,UCpXBGqwsBkpvcYjsJBQ7LEQ,Critical Role,large,"A Test of Truth | Critical Role Abridged | Campaign 3, Episode 80",2025-12-02 16:01:07+00:00,4046,21473,416,28,False,0.02067712941833931,67.4,60_to_120,2025,2025-12,124,173.17
jaiksF2l_-k,UCpXBGqwsBkpvcYjsJBQ7LEQ,Critical Role,large,"To Hurt Is to Heal | Critical Role Abridged | Campaign 3, Episode 79",2025-11-25 16:01:15+00:00,4676,23604,440,28,False,0.019827147941026944,77.9,60_to_120,2025,2025-11,131,180.18
qxUDUV2iQvI,UCpXBGqwsBkpvcYjsJBQ7LEQ,Critical Role,large,"On the Scent | Critical Role | Campaign 4, Episode 7",2025-11-24 20:00:53+00:00,14759,1470771,29976,1830,False,0.021625392396232995,246.0,180_plus,2025,2025-11,132,11142.2
qxrSlzKwh9w,UCpXBGqwsBkpvcYjsJBQ7LEQ,Critical Role,large,Critical Role: Jester and Fjord’s Wedding - Live from Radio City Music Hall,2025-11-21 20:00:52+00:00,15844,656077,22962,1502,False,0.03728830609821713,264.1,180_plus,2025,2025-11,135,4859.83
RiI_APSGw8U,UCpXBGqwsBkpvcYjsJBQ7LEQ,Critical Role,large,Inside the Mighty Nein: Premiere Cocktail Party | Livestream,2025-11-20 04:43:40+00:00,6611,137704,5470,189,False,0.041095393016905825,110.2,60_to_120,2025,2025-11,136,1012.53
pN2xi8-bm4c,UCpXBGqwsBkpvcYjsJBQ7LEQ,Critical Role,large,"Fractures | Critical Role Abridged | Campaign 3, Episode 78",2025-11-18 16:01:21+00:00,4974,17749,383,27,False,0.02309989295171559,82.9,60_to_120,2025,2025-11,138,128.62
WP8XS5SG04Y,UCpXBGqwsBkpvcYjsJBQ7LEQ,Critical Role,large,"Knives and Thorns | Critical Role | Campaign 4, Episode 6",2025-11-17 20:00:25+00:00,16759,1725100,34589,2668,False,0.021597008869051068,279.3,180_plus,2025,2025-11,139,12410.79
xFZtnxqNjFE,UCpXBGqwsBkpvcYjsJBQ7LEQ,Critical Role,large,"The Promise and the Price | Critical Role Abridged | Campaign 3, Episode 77",2025-11-11 16:01:28+00:00,4580,20898,376,19,False,0.018901330270839314,76.3,60_to_120,2025,2025-11,145,144.12
w8ddrhcaqLk,UCpXBGqwsBkpvcYjsJBQ7LEQ,Critical Role,large,"Branching Paths | Critical Role | Campaign 4, Episode 5",2025-11-10 20:00:00+00:00,13456,1744318,38507,2629,False,0.023582855878343283,224.3,180_plus,2025,2025-11,146,11947.38
BGxghJAjiuE,UCpXBGqwsBkpvcYjsJBQ7LEQ,Critical Role,large,"A Gathering of Heroes | Critical Role Abridged | Campaign 3, Episode 76",2025-11-04 16:00:25+00:00,4256,22139,466,32,False,0.02249424093229143,70.9,60_to_120,2025,2025-11,152,145.65
METTzGKzmxU,UCpXBGqwsBkpvcYjsJBQ7LEQ,Critical Role,large,Dispatch One-Shot,2025-11-03 20:00:30+00:00,15288,524602,20295,754,False,0.04012375095786901,254.8,180_plus,2025,2025-11,153,3428.77
hdLPwuKMlIY,UCpXBGqwsBkpvcYjsJBQ7LEQ,Critical Role,large,"Overview of the Overture | Previously On... | Campaign 4, Ep 1-4 Recap",2025-10-28 21:01:04+00:00,1010,409104,21491,820,False,0.05453625483984512,16.8,under_60,2025,2025-10,159,2572.98
XM7nyfeW8eM,UCpXBGqwsBkpvcYjsJBQ7LEQ,Critical Role,large,"An Ancient Flame | Critical Role Abridged | Campaign 3, Episode 75",2025-10-28 17:00:55+00:00,3962,16697,369,11,False,0.022758579385518358,66.0,60_to_120,2025,2025-10,159,105.01
jfUPvccklhY,UCpXBGqwsBkpvcYjsJBQ7LEQ,Critical Role,large,"Stone-Faced | Critical Role | Campaign 4, Episode 4",2025-10-27 19:00:48+00:00,18697,2280680,47589,4459,False,0.02282126383359349,311.6,180_plus,2025,2025-10,160,14254.25
QX2bXJXmK3g,UCpXBGqwsBkpvcYjsJBQ7LEQ,Critical Role,large,"Roots Between Worlds | Critical Role Abridged | Campaign 3, Episode 74",2025-10-21 17:00:37+00:00,4135,25519,434,26,False,0.018025784709432186,68.9,60_to_120,2025,2025-10,166,153.73
-9sEmHv26js,UCpXBGqwsBkpvcYjsJBQ7LEQ,Critical Role,large,"The Snipping of Shears | Critical Role | Campaign 4, Episode 3",2025-10-20 19:00:01+00:00,18054,2694102,53857,4809,False,0.02177571598996623,300.9,180_plus,2025,2025-10,167,16132.35
3LT10ASSs7c,UCpXBGqwsBkpvcYjsJBQ7LEQ,Critical Role,large,"Kindling the Spirits | Critical Role Abridged | Campaign 3, Episode 73",2025-10-14 17:00:08+00:00,4748,24828,471,19,False,0.019735782181408087,79.1,60_to_120,2025,2025-10,173,143.51
mBQMuDAe4rE,UCpXBGqwsBkpvcYjsJBQ7LEQ,Critical Role,large,"Broken Wing | Critical Role | Campaign 4, Episode 2",2025-10-13 19:00:42+00:00,16399,3552404,65968,5873,False,0.020223206594745417,273.3,180_plus,2025,2025-10,174,20416.11
h3MYMD08Wws,UCpXBGqwsBkpvcYjsJBQ7LEQ,Critical Role,large,Narrative Telephone: Disaster Down Under,2025-10-08 19:00:42+00:00,3037,31189,1237,129,False,0.043797492705761644,50.6,under_60,2025,2025-10,179,174.24
HvpF1EhOyKw,UCpXBGqwsBkpvcYjsJBQ7LEQ,Critical Role,large,"Critical Role Cooldown | Campaign 4, Episode 1 | Beacon Exclusive!",2025-10-08 17:00:32+00:00,1605,478998,24282,988,False,0.0527559614027616,26.8,under_60,2025,2025-10,179,2675.97
61nqSxLFnqI,UCpXBGqwsBkpvcYjsJBQ7LEQ,Critical Role,large,"Phantasmal Parley | Critical Role Abridged | Campaign 3, Episode 72",2025-10-07 17:00:08+00:00,4502,21192,423,18,False,0.02080973952434881,75.0,60_to_120,2025,2025-10,180,117.73
3Mbynm0pGX0,UCpXBGqwsBkpvcYjsJBQ7LEQ,Critical Role,large,"The Fall of Thjazi Fang | Critical Role | Campaign 4, Episode 1",2025-10-06 19:00:08+00:00,16068,6026540,142215,11112,False,0.025441961722646827,267.8,180_plus,2025,2025-10,181,33295.8
-QT4jwr_2io,UCpXBGqwsBkpvcYjsJBQ7LEQ,Critical Role,large,"Mist and Whimsy | Critical Role Abridged | Campaign 3, Episode 71",2025-09-30 17:00:00+00:00,4555,32191,505,21,False,0.01633997079929173,75.9,60_to_120,2025,2025-09,187,172.14
Z9dB9aPJuEs,UCpXBGqwsBkpvcYjsJBQ7LEQ,Critical Role,large,WEDDING ONE SHOT SESSION ZERO | JESTER & FJORDS WEDDING,2025-09-25 19:00:35+00:00,1172,401015,24796,1462,False,0.06547884742465993,19.5,under_60,2025,2025-09,192,2088.62
L6MASQbEBCc,UCpXBGqwsBkpvcYjsJBQ7LEQ,Critical Role,large,"Embattled in Bassuras | Critical Role Abridged | Campaign 3, Episode 70",2025-09-23 17:00:33+00:00,4250,23918,521,15,False,0.022409900493352286,70.8,60_to_120,2025,2025-09,194,123.29
gCNugmcewYc,UCpXBGqwsBkpvcYjsJBQ7LEQ,Critical Role,large,Thank Goodness it's Thursday! CRF's 90s Charity One-Shot Benefitting NCWIT | Sponsored by Ebay Live,2025-09-19 06:56:24+00:00,17132,167851,4452,184,False,0.02761973416899512,285.5,180_plus,2025,2025-09,198,847.73
DIEYAEouyoE,UCpXBGqwsBkpvcYjsJBQ7LEQ,Critical Role,large,Narrative Telephone: Dark Caves and Demon Spawn,2025-09-17 19:00:20+00:00,4126,77346,3877,276,False,0.05369379153414527,68.8,60_to_120,2025,2025-09,200,386.73
zkZxUQc5xOI,UCpXBGqwsBkpvcYjsJBQ7LEQ,Critical Role,large,"Nice | Critical Role Abridged | Campaign 3, Episode 69",2025-09-16 17:01:31+00:00,4465,22251,516,55,False,0.025661768010426498,74.4,60_to_120,2025,2025-09,201,110.7
giqrfQrfI8s,UCpXBGqwsBkpvcYjsJBQ7LEQ,Critical Role,large,Oaths & Ash | Critical Role | Indianapolis Live Show 2025,2025-09-15 19:00:43+00:00,16790,312541,8173,605,False,0.028085915127935214,279.8,180_plus,2025,2025-09,202,1547.23
U6zSu_UxhUA,UCpXBGqwsBkpvcYjsJBQ7LEQ,Critical Role,large,Travis Willingham Builds Chetney Pock O'Pea in Daggerheart,2025-09-09 19:00:33+00:00,1157,123909,7058,317,False,0.05951948607445787,19.3,under_60,2025,2025-09,208,595.72
CMSQinhcnl0,UCpXBGqwsBkpvcYjsJBQ7LEQ,Critical Role,large,"For the Tempest | Critical Role Abridged | Campaign 3, Episode 68",2025-09-09 17:00:15+00:00,4171,18058,476,14,False,0.027134787905637392,69.5,60_to_120,2025,2025-09,208,86.82
OoC3jC5q8mk,UCpXBGqwsBkpvcYjsJBQ7LEQ,Critical Role,large,Robbie Daymond builds Dorian in Daggerheart,2025-09-02 19:00:21+00:00,1139,108595,7116,292,False,0.06821676872784198,19.0,under_60,2025,2025-09,215,505.09
PciZllZhkXI,UCpXBGqwsBkpvcYjsJBQ7LEQ,Critical Role,large,Ashley Johnson builds Fearne Calloway in Daggerheart,2025-08-26 19:00:31+00:00,1002,190781,10205,453,False,0.05586510187073136,16.7,under_60,2025,2025-08,222,859.37
dKqu0N49WWQ,UCpXBGqwsBkpvcYjsJBQ7LEQ,Critical Role,large,"Bloody Flowers | Critical Role Abridged | Campaign 3, Episode 67",2025-08-26 17:00:48+00:00,4084,21202,528,21,False,0.025893783605320252,68.1,60_to_120,2025,2025-08,222,95.5
zR91U4WKw0c,UCpXBGqwsBkpvcYjsJBQ7LEQ,Critical Role,large,Fireside Chat LIVE With Matthew Mercer & Brennan Lee Mulligan,2025-08-22 03:13:17+00:00,4661,645981,30214,1938,False,0.049772361725809275,77.7,60_to_120,2025,2025-08,226,2858.32
nY1JaWT-CKo,UCpXBGqwsBkpvcYjsJBQ7LEQ,Critical Role,large,What Is Campaign Four?,2025-08-21 17:00:03+00:00,1010,1279710,95643,6272,False,0.07963913699197474,16.8,under_60,2025,2025-08,227,5637.49
DWZmaA8AjMA,UCpXBGqwsBkpvcYjsJBQ7LEQ,Critical Role,large,"Aid of the Tempest | Critical Role Abridged | Campaign 3, Episode 66",2025-08-19 17:00:16+00:00,4091,22277,507,21,False,0.023701575616106297,68.2,60_to_120,2025,2025-08,229,97.28
CusjN8Knyqk,UCpXBGqwsBkpvcYjsJBQ7LEQ,Critical Role,large,"A Path of Vengeance  | Critical Role Abridged | Campaign 3, Episode 65",2025-08-12 17:00:13+00:00,3975,23922,578,27,False,0.02529052754786389,66.2,60_to_120,2025,2025-08,236,101.36
jE4BT-H9oIw,UCpXBGqwsBkpvcYjsJBQ7LEQ,Critical Role,large,Tag Team At The Teeth: Beyond The Shroud | Critical Role | Melbourne Live Show 2025,2025-08-11 19:00:49+00:00,16075,302194,8088,564,False,0.028630614770644023,267.9,180_plus,2025,2025-08,237,1275.08
-1voxp0jJ9w,UCpXBGqwsBkpvcYjsJBQ7LEQ,Critical Role,large,San Diego Comic-Con 2025 | Critical Role: 10 Years and Still Rolling,2025-08-07 18:04:37+00:00,3353,127708,5134,208,False,0.04182979922949228,55.9,under_60,2025,2025-08,241,529.91
zscAP2_F41M,UCpXBGqwsBkpvcYjsJBQ7LEQ,Critical Role,large,"Reunited | Critical Role Abridged | Campaign 3, Episode 64",2025-08-05 17:01:27+00:00,4125,23885,557,22,False,0.024241155536947875,68.8,60_to_120,2025,2025-08,243,98.29
GHslzYgwjjQ,UCpXBGqwsBkpvcYjsJBQ7LEQ,Critical Role,large,Tag Team At The Teeth: The Misty Ascent | Critical Role | Sydney Live Show 2025,2025-08-04 19:00:12+00:00,15440,394402,10336,804,False,0.02824529287376839,257.3,180_plus,2025,2025-08,244,1616.4
mEuwZbNde2s,UCpXBGqwsBkpvcYjsJBQ7LEQ,Critical Role,large,Critical Role Direct: Campaign 4 Announcement,2025-08-02 23:34:48+00:00,685,1030765,56700,4529,False,0.05940151246889446,11.4,under_60,2025,2025-08,246,4190.1
_-EMQaP_cWY,UCpXBGqwsBkpvcYjsJBQ7LEQ,Critical Role,large,"A Haunted Past | Critical Role Abridged | Campaign 3, Episode 63",2025-07-29 17:00:46+00:00,3814,22428,518,22,False,0.024077046548956663,63.6,60_to_120,2025,2025-07,250,89.71
xuqL0kYwvSQ,UCpXBGqwsBkpvcYjsJBQ7LEQ,Critical Role,large,The Tomb of the Heretic Saint | Age of Umbra | Episode 8,2025-07-28 19:00:50+00:00,13895,341814,10162,850,False,0.03221635158302469,231.6,180_plus,2025,2025-07,251,1361.81
d7gXuLLxQzo,UCpXBGqwsBkpvcYjsJBQ7LEQ,Critical Role,large,"A Long Walk of Reflection | Critical Role Abridged | Campaign 3, Episode 62",2025-07-22 17:00:53+00:00,3847,19722,466,18,False,0.024541121590102424,64.1,60_to_120,2025,2025-07,257,76.74
z5jrMxJaT28,UCpXBGqwsBkpvcYjsJBQ7LEQ,Critical Role,large,Escape from the Reach | Age of Umbra | Episode 7,2025-07-21 19:01:02+00:00,10260,306534,8306,411,False,0.02843730222422309,171.0,120_to_180,2025,2025-07,258,1188.12
E-ScGjoaXAk,UCpXBGqwsBkpvcYjsJBQ7LEQ,Critical Role,large,LET’S PLAY SOLAR GARDENS,2025-07-16 19:00:21+00:00,4526,38131,1419,150,False,0.04114762266921927,75.4,60_to_120,2025,2025-07,263,144.98
_2fSnDXUItA,UCpXBGqwsBkpvcYjsJBQ7LEQ,Critical Role,large,"Crisis of Faith | Critical Role Abridged | Campaign 3, Episode 61",2025-07-15 17:00:49+00:00,4069,19138,452,19,False,0.02461072212352388,67.8,60_to_120,2025,2025-07,264,72.49
3f_QlnMskGs,UCpXBGqwsBkpvcYjsJBQ7LEQ,Critical Role,large,The Unforgiving City | Age of Umbra | Episode 6,2025-07-14 19:00:07+00:00,12511,413005,9926,691,False,0.02570671057251123,208.5,180_plus,2025,2025-07,265,1558.51
dq4QTVvZnNw,UCpXBGqwsBkpvcYjsJBQ7LEQ,Critical Role,large,Narrative Telephone: Stancetrance,2025-07-09 19:00:41+00:00,2917,40338,1647,153,False,0.04462293618920125,48.6,under_60,2025,2025-07,270,149.4
4SQzwfy5rAo,UCpXBGqwsBkpvcYjsJBQ7LEQ,Critical Role,large,"Faith or Famine | Critical Role Abridged | Campaign 3, Episode 60",2025-07-08 17:00:06+00:00,4093,22581,512,22,False,0.023648199814002922,68.2,60_to_120,2025,2025-07,271,83.32
nqydIa2PjGs,UCpXBGqwsBkpvcYjsJBQ7LEQ,Critical Role,large,"Somewhere Out There | Critical Role Abridged | Campaign 3, Episode 59",2025-07-01 17:01:14+00:00,4393,24273,594,28,False,0.02562518024142051,73.2,60_to_120,2025,2025-07,278,87.31
T1vxU6heNjg,UCpXBGqwsBkpvcYjsJBQ7LEQ,Critical Role,large,Ages of Pain | Age of Umbra | Episode 5,2025-06-30 19:00:26+00:00,14216,574349,12271,896,False,0.02292508561867436,236.9,180_plus,2025,2025-06,279,2058.6
s6koCqtYyAo,UCpXBGqwsBkpvcYjsJBQ7LEQ,Critical Role,large,Level Up! | Age of Umbra,2025-06-26 22:01:04+00:00,856,147891,7624,225,False,0.05307287123624832,14.3,under_60,2025,2025-06,283,522.58
l-HoC3EjvKc,UCpXBGqwsBkpvcYjsJBQ7LEQ,Critical Role,large,#EVERYTHINGISCONTENT | Horrified: Dungeons & Dragons,2025-06-26 19:00:45+00:00,5945,70072,1988,92,False,0.029683753853179586,99.1,60_to_120,2025,2025-06,283,247.6
-yiFuJXK4A8,UCpXBGqwsBkpvcYjsJBQ7LEQ,Critical Role,large,The Rampart and Beyond | Age of Umbra | Episode 4,2025-06-23 19:00:00+00:00,12696,618769,14197,1043,False,0.024629546729070136,211.6,180_plus,2025,2025-06,286,2163.53
nl8Gr1ZJdaY,UCpXBGqwsBkpvcYjsJBQ7LEQ,Critical Role,large,#EVERYTHINGISCONTENT | Magic The Gathering: Final Fantasy Commander Night!,2025-06-19 19:01:00+00:00,7373,258782,6683,605,False,0.02816270065151363,122.9,120_to_180,2025,2025-06,290,892.35
oq8RYa0M5Ek,UCpXBGqwsBkpvcYjsJBQ7LEQ,Critical Role,large,Tag Team at the Teeth | Prologue,2025-06-18 07:00:54+00:00,548,214291,10185,585,False,0.050258760283913,9.1,under_60,2025,2025-06,291,736.4
V5eJHzSzEnI,UCpXBGqwsBkpvcYjsJBQ7LEQ,Critical Role,large,"Escape from the Past | Critical Role Abridged | Campaign 3, Episode 58",2025-06-17 17:00:38+00:00,3793,20943,528,14,False,0.02587976889652867,63.2,60_to_120,2025,2025-06,292,71.72
tEfdnuPLt24,UCpXBGqwsBkpvcYjsJBQ7LEQ,Critical Role,large,"What Is Gained, What Is Lost | Age of Umbra | Episode 3",2025-06-16 19:00:58+00:00,11093,622678,15084,771,False,0.025462598646491447,184.9,180_plus,2025,2025-06,293,2125.18
6UwXxerG1kE,UCpXBGqwsBkpvcYjsJBQ7LEQ,Critical Role,large,"The Sorrow of Molaesmyr | Critical Role Abridged | Campaign 3, Episode 57",2025-06-10 17:00:08+00:00,3901,23887,526,20,False,0.02285762130028886,65.0,60_to_120,2025,2025-06,299,79.89
gOaTrl1L3UY,UCpXBGqwsBkpvcYjsJBQ7LEQ,Critical Role,large,The Lost Monastery | Age of Umbra | Episode 2,2025-06-09 19:00:38+00:00,12509,858524,20305,1341,False,0.025213040054791712,208.5,180_plus,2025,2025-06,300,2861.75
S1miw-yVZDI,UCpXBGqwsBkpvcYjsJBQ7LEQ,Critical Role,large,"By Goat or By Boat | Critical Role Abridged | Campaign 3, Episode 56",2025-06-03 17:00:30+00:00,3858,26673,572,22,False,0.02226971094365088,64.3,60_to_120,2025,2025-06,306,87.17
GETs5_4NThU,UCpXBGqwsBkpvcYjsJBQ7LEQ,Critical Role,large,Desperloch | Age of Umbra | Episode 1,2025-06-02 19:00:14+00:00,13340,1890588,41077,1811,False,0.022685005934661596,222.3,180_plus,2025,2025-06,307,6158.27
VuKst2lbb2A,UCpXBGqwsBkpvcYjsJBQ7LEQ,Critical Role,large,Narrative Telephone |  Dial M for Mephistopheles,2025-05-28 19:00:36+00:00,3685,36548,1393,109,False,0.04109664003502243,61.4,60_to_120,2025,2025-05,312,117.14
IjdZ87ba9i8,UCpXBGqwsBkpvcYjsJBQ7LEQ,Critical Role,large,Game Mastering in Daggerheart! | Get Your Sheet Together,2025-05-27 19:00:25+00:00,714,248331,12022,330,False,0.049740064671748595,11.9,under_60,2025,2025-05,313,793.39
71C0DoylH9o,UCpXBGqwsBkpvcYjsJBQ7LEQ,Critical Role,large,"Hope Within History | Critical Role Abridged | Campaign 3, Episode 55",2025-05-27 17:00:19+00:00,4242,23047,566,15,False,0.025209354796719746,70.7,60_to_120,2025,2025-05,313,73.63
4VyFOXBU8dM,UCpXBGqwsBkpvcYjsJBQ7LEQ,Critical Role,large,Creating Characters Matt Wants to Kill | Age of Umbra | Session Zero,2025-05-26 19:00:03+00:00,7571,1157201,32600,1782,False,0.02971134660270774,126.2,120_to_180,2025,2025-05,314,3685.35
doHJUIu07Hc,UCpXBGqwsBkpvcYjsJBQ7LEQ,Critical Role,large,Daggerheart Launch Day LIVE! | Livestream,2025-05-20 21:11:22+00:00,4379,106058,3874,218,False,0.0385826623168455,73.0,60_to_120,2025,2025-05,320,331.43
6bV2K5eoJgk,UCpXBGqwsBkpvcYjsJBQ7LEQ,Critical Role,large,How to Play Daggerheart! | Get Your Sheet Together,2025-05-20 19:00:12+00:00,373,555493,26559,662,False,0.04900331777358131,6.2,under_60,2025,2025-05,320,1735.92
WRYSMR6VsfI,UCpXBGqwsBkpvcYjsJBQ7LEQ,Critical Role,large,"Treacherous Toys | Critical Role Abridged | Campaign 3, Episode 54",2025-05-20 17:00:42+00:00,4159,20668,549,10,False,0.02704664215211922,69.3,60_to_120,2025,2025-05,320,64.59
KfNZX-UQmns,UCpXBGqwsBkpvcYjsJBQ7LEQ,Critical Role,large,Weird Kids X Third Person Crossover!,2025-05-13 17:00:33+00:00,6712,29986,1337,114,False,0.04838924831588074,111.9,60_to_120,2025,2025-05,327,91.7
HUjLpFSekew,UCpXBGqwsBkpvcYjsJBQ7LEQ,Critical Role,large,"Ripples | Critical Role Abridged | Campaign 3, Episode 53",2025-05-13 17:00:18+00:00,3916,21173,579,13,False,0.02796013791149105,65.3,60_to_120,2025,2025-05,327,64.75
ScRlVtu90bk,UCpXBGqwsBkpvcYjsJBQ7LEQ,Critical Role,large,TOTAL PARTY KILL | Critical Role | Chicago Live 2025,2025-05-12 19:00:21+00:00,15216,555373,16451,1055,False,0.031521157852470325,253.6,180_plus,2025,2025-05,328,1693.21
WXx9AmaJLR8,UCpXBGqwsBkpvcYjsJBQ7LEQ,Critical Role,large,Behind the Cards: Critical Role Tarot Deck Celebration Livestream,2025-05-09 23:55:40+00:00,3790,31067,1082,40,False,0.036115492323043744,63.2,60_to_120,2025,2025-05,331,93.86
xME0MuHWRPs,UCpXBGqwsBkpvcYjsJBQ7LEQ,Critical Role,large,Narrative Telephone: The Tragic Tale of Sir Jrumjpus Jpuljfinkjis,2025-05-07 19:01:00+00:00,4218,61405,2285,231,False,0.04097386206334989,70.3,60_to_120,2025,2025-05,333,184.4
QZ2JZnOROR8,UCpXBGqwsBkpvcYjsJBQ7LEQ,Critical Role,large,"Far From the Others | Critical Role Abridged | Campaign 3, Episode 52",2025-05-06 17:00:29+00:00,4231,23193,616,16,False,0.027249601172767646,70.5,60_to_120,2025,2025-05,334,69.44
dPK6yrJmSjQ,UCpXBGqwsBkpvcYjsJBQ7LEQ,Critical Role,large,"Thresher: 2-Part Underwater Epic | Episode 2, Power Rises",2025-05-05 19:00:29+00:00,5691,48067,2928,209,False,0.06526307029770945,94.8,60_to_120,2025,2025-05,335,143.48
HJDTlX8205w,UCpXBGqwsBkpvcYjsJBQ7LEQ,Critical Role,large,The Elder Scrolls Online One-Shot,2025-05-01 19:00:15+00:00,18299,286310,7249,432,False,0.026827564527959206,305.0,180_plus,2025,2025-05,339,844.57
pUnUGgqxYQM,UCpXBGqwsBkpvcYjsJBQ7LEQ,Critical Role,large,"The Apogee Solstice | Critical Role Abridged | Campaign 3, Episode 51",2025-04-29 17:01:06+00:00,4515,25266,669,21,False,0.027309427689384946,75.2,60_to_120,2025,2025-04,341,74.09
BhZBaor25as,UCpXBGqwsBkpvcYjsJBQ7LEQ,Critical Role,large,"Thresher: 2-Part Underwater Epic | Episode 1, From the Deep",2025-04-28 19:00:10+00:00,8218,144203,5470,466,False,0.04116419214579447,137.0,120_to_180,2025,2025-04,342,421.65
hPGg_hgkQ7w,UCpXBGqwsBkpvcYjsJBQ7LEQ,Critical Role,large,"Red Moon Rising | Critical Role Abridged | Campaign 3, Episode 50",2025-04-22 17:01:01+00:00,3744,27356,641,19,False,0.024126334259394647,62.4,60_to_120,2025,2025-04,348,78.61
WkLShekygZM,UCpXBGqwsBkpvcYjsJBQ7LEQ,Critical Role,large,Wilde Out | Wildemount Wildlings | Episode 3,2025-04-21 19:00:35+00:00,8334,335549,12362,730,False,0.03901665628566916,138.9,120_to_180,2025,2025-04,349,961.46
FxtblZ9VICA,UCpXBGqwsBkpvcYjsJBQ7LEQ,Critical Role,large,#EVERYTHINGISCONTENT | Humblewood: Beyond the Canopy,2025-04-17 19:00:26+00:00,9061,64593,2051,116,False,0.03354852693016271,151.0,120_to_180,2025,2025-04,353,182.98
fRLVpAzKp7k,UCpXBGqwsBkpvcYjsJBQ7LEQ,Critical Role,large,"The Aurora Grows | Critical Role Abridged | Campaign 3, Episode 49",2025-04-15 17:00:52+00:00,4099,24933,591,30,False,0.024906750090241847,68.3,60_to_120,2025,2025-04,355,70.23
y-R2n9fUyD0,UCpXBGqwsBkpvcYjsJBQ7LEQ,Critical Role,large,Into the Wilde | Wildemount Wildlings | Episode 2,2025-04-14 19:00:49+00:00,8561,519377,15139,934,False,0.030946691902028776,142.7,120_to_180,2025,2025-04,356,1458.92
WS9jN26EJdY,UCpXBGqwsBkpvcYjsJBQ7LEQ,Critical Role,large,Narrative Telephone: A Flavorful Tale,2025-04-09 19:00:31+00:00,3170,41217,1829,143,False,0.04784433607492054,52.8,under_60,2025,2025-04,361,114.17
Jn-oWk5g_yQ,UCpXBGqwsBkpvcYjsJBQ7LEQ,Critical Role,large,"An Exit Most Fraught  | Critical Role Abridged | Campaign 3, Episode 48",2025-04-08 17:00:28+00:00,4124,24815,643,16,False,0.026556518234938545,68.7,60_to_120,2025,2025-04,362,68.55
-NwLjKYJngM,UCpXBGqwsBkpvcYjsJBQ7LEQ,Critical Role,large,"Welcome, Campers! | Wildemount Wildlings | Episode 1",2025-04-07 19:00:00+00:00,10124,1075724,33163,1899,False,0.03259386236618315,168.7,120_to_180,2025,2025-04,363,2963.43
RijB5zM8I4k,UCpXBGqwsBkpvcYjsJBQ7LEQ,Critical Role,large,"The Fey Key | Critical Role Abridged | Campaign 3, Episode 47",2025-04-01 17:00:33+00:00,4322,28997,659,25,False,0.023588647101424286,72.0,60_to_120,2025,2025-04,369,78.58
0g3LS7HfVj4,UCpXBGqwsBkpvcYjsJBQ7LEQ,Critical Role,large,"Night at the Ligament Manor | Critical Role Abridged | Campaign 3, Episode 46",2025-03-25 17:00:01+00:00,4162,30062,722,25,False,0.02484864613132859,69.4,60_to_120,2025,2025-03,376,79.95
q2gTLGmaer8,UCpXBGqwsBkpvcYjsJBQ7LEQ,Critical Role,large,Weird Kids | Episode 1: Welcome to Weird Kids,2025-03-25 16:01:03+00:00,3185,308158,19355,900,False,0.06572926875174423,53.1,under_60,2025,2025-03,376,819.57
cx2Ew3UI7xg,UCpXBGqwsBkpvcYjsJBQ7LEQ,Critical Role,large,"Ominous Lectures | Critical Role Abridged | Campaign 3, Episode 45",2025-03-18 17:00:47+00:00,4205,31434,750,28,False,0.024750270407838646,70.1,60_to_120,2025,2025-03,383,82.07
wfx74BeBSqE,UCpXBGqwsBkpvcYjsJBQ7LEQ,Critical Role,large,Wrap Up: Campaign 3 and the Era of Reclamation,2025-03-17 19:00:46+00:00,13881,676199,16247,1147,False,0.025723196869560587,231.4,180_plus,2025,2025-03,384,1760.93
MXxYAxfAb1I,UCpXBGqwsBkpvcYjsJBQ7LEQ,Critical Role,large,Suikoden One-Shot,2025-03-13 19:00:25+00:00,18662,551405,18759,1112,False,0.036037032671085684,311.0,180_plus,2025,2025-03,388,1421.15
CeFpppT6Flo,UCpXBGqwsBkpvcYjsJBQ7LEQ,Critical Role,large,Narrative Telephone: Battle at the Big Top,2025-03-12 19:00:09+00:00,3079,58146,2628,187,False,0.0484126165170433,51.3,under_60,2025,2025-03,389,149.48
aDVzf9odcow,UCpXBGqwsBkpvcYjsJBQ7LEQ,Critical Role,large,"Bawdy Basement Belligerence | Critical Role Abridged | Campaign 3, Episode 44",2025-03-11 17:00:03+00:00,4221,30989,705,25,False,0.02355674594210849,70.4,60_to_120,2025,2025-03,390,79.46
18fmhCYrRo8,UCpXBGqwsBkpvcYjsJBQ7LEQ,Critical Role,large,By Heart Alone | Exandria Unlimited: Divergence | Episode 4,2025-03-10 19:00:01+00:00,19309,498577,13768,1183,False,0.02998734398096984,321.8,180_plus,2025,2025-03,391,1275.13
xtQDulsY_aQ,UCpXBGqwsBkpvcYjsJBQ7LEQ,Critical Role,large,"Axiom Shaken | Critical Role Abridged | Campaign 3, Episode 43",2025-03-04 18:00:57+00:00,4211,34673,728,26,False,0.021746027168113517,70.2,60_to_120,2025,2025-03,397,87.34
WHNLk29NGk8,UCpXBGqwsBkpvcYjsJBQ7LEQ,Critical Role,large,Mirror and Key  | Exandria Unlimited: Divergence | Episode 3,2025-03-03 20:00:25+00:00,16653,546717,11945,1015,False,0.0237051344662778,277.6,180_plus,2025,2025-03,398,1373.66
MVZ7qCx_lEc,UCpXBGqwsBkpvcYjsJBQ7LEQ,Critical Role,large,S2 E19 | The Re-Slayer’s Take | The Broken Beacon (featuring Ashley Johnson),2025-03-03 14:23:36+00:00,3011,11936,202,22,False,0.01876675603217158,50.2,under_60,2025,2025-03,398,29.99
kDYkZXryaTE,UCpXBGqwsBkpvcYjsJBQ7LEQ,Critical Role,large,"The City of Flowing Light | Critical Role Abridged | Campaign 3, Episode 42",2025-02-25 18:00:36+00:00,3919,35145,808,23,False,0.023644899701237728,65.3,60_to_120,2025,2025-02,404,86.99
l0wXgIKKCeA,UCpXBGqwsBkpvcYjsJBQ7LEQ,Critical Role,large,Seven of Them | Exandria Unlimited: Divergence | Episode 2,2025-02-24 20:00:33+00:00,17778,623826,14329,1183,False,0.024865908121816018,296.3,180_plus,2025,2025-02,405,1540.31
VvreV1LRfxI,UCpXBGqwsBkpvcYjsJBQ7LEQ,Critical Role,large,S2 E18 | The Re-Slayer’s Take | The Stalked Spirit,2025-02-24 13:48:35+00:00,2683,8233,166,4,False,0.020648609255435442,44.7,under_60,2025,2025-02,405,20.33
LhtVxw5xZRY,UCpXBGqwsBkpvcYjsJBQ7LEQ,Critical Role,large,Avowed One-Shot,2025-02-20 20:00:12+00:00,18679,218501,5629,392,False,0.027555937959094008,311.3,180_plus,2025,2025-02,409,534.23
wkvJhM4LZDc,UCpXBGqwsBkpvcYjsJBQ7LEQ,Critical Role,large,"Call of the Wild | Critical Role Abridged | Campaign 3, Episode 41",2025-02-18 18:00:46+00:00,4224,32244,798,33,False,0.025772236695199107,70.4,60_to_120,2025,2025-02,411,78.45
Pt_EbSwgoTU,UCpXBGqwsBkpvcYjsJBQ7LEQ,Critical Role,large,Give and Take | Exandria Unlimited: Divergence | Episode 1,2025-02-17 20:00:14+00:00,18731,1193892,26532,1541,False,0.023513852174233515,312.2,180_plus,2025,2025-02,412,2897.8
iXB1shHoWaw,UCpXBGqwsBkpvcYjsJBQ7LEQ,Critical Role,large,S2 E17 | The Re-Slayer’s Take | The Fading Frosts,2025-02-17 13:11:14+00:00,2229,8713,161,4,False,0.01893722024561001,37.2,under_60,2025,2025-02,412,21.15
VYoWuionCug,UCpXBGqwsBkpvcYjsJBQ7LEQ,Critical Role,large,"Compulsions | Critical Role Abridged | Campaign 3, Episode 40",2025-02-11 18:00:19+00:00,4206,38304,826,40,False,0.02260860484544695,70.1,60_to_120,2025,2025-02,418,91.64
fvV-a5J7JF8,UCpXBGqwsBkpvcYjsJBQ7LEQ,Critical Role,large,"A New Age Begins | Critical Role | Campaign 3, Episode 121",2025-02-10 20:00:32+00:00,31030,1348198,28596,2801,False,0.023288122367782774,517.2,180_plus,2025,2025-02,419,3217.66
R-P-b5fUPZk,UCpXBGqwsBkpvcYjsJBQ7LEQ,Critical Role,large,S2 E16 | The Re-Slayer’s Take | The Cursed Contract,2025-02-10 13:24:59+00:00,3110,9421,174,14,False,0.01995541874535612,51.8,under_60,2025,2025-02,419,22.48
5_JPpInvaAo,UCpXBGqwsBkpvcYjsJBQ7LEQ,Critical Role,large,Campaign 3 Tale Gate!,2025-02-07 20:00:05+00:00,3307,220028,7864,416,False,0.03763157416328831,55.1,under_60,2025,2025-02,422,521.39
dQhh0kV5b4k,UCpXBGqwsBkpvcYjsJBQ7LEQ,Critical Role,large,Narrative Telephone: Lost in the Vamspyre,2025-02-05 20:00:23+00:00,3076,83753,3681,283,False,0.04732964789320979,51.3,under_60,2025,2025-02,424,197.53
OlIBkefjTZE,UCpXBGqwsBkpvcYjsJBQ7LEQ,Critical Role,large,"The Momentum of Murder | Critical Role Abridged | Campaign 3, Episode 39",2025-02-04 18:00:29+00:00,4023,31807,803,30,False,0.026189203634420097,67.0,60_to_120,2025,2025-02,425,74.84
Rabse2drxe4,UCpXBGqwsBkpvcYjsJBQ7LEQ,Critical Role,large,S2 E15 | The Re-Slayer’s Take | The Mummified Menace,2025-02-03 13:22:04+00:00,2980,9584,174,2,False,0.018363939899833055,49.7,under_60,2025,2025-02,426,22.5
nfRr8k3uWj4,UCpXBGqwsBkpvcYjsJBQ7LEQ,Critical Role,large,Freaky Thursday: A Bells Hells Charity One Shot for LA Wildfire Recovery with CRF | Livestream,2025-01-31 07:39:58+00:00,16587,597476,14849,656,False,0.025950833171541617,276.4,180_plus,2025,2025-01,429,1392.72
qkGd2RR-UbM,UCpXBGqwsBkpvcYjsJBQ7LEQ,Critical Role,large,State of the Role: Campaign 3 Finale and What’s Next for 2025!,2025-01-30 17:00:03+00:00,790,507523,28415,1670,False,0.05927810168209126,13.2,under_60,2025,2025-01,430,1180.29
TV0IDIcBotw,UCpXBGqwsBkpvcYjsJBQ7LEQ,Critical Role,large,"A Dark Balance | Critical Role Abridged | Campaign 3, Episode 38",2025-01-28 18:00:22+00:00,4424,31690,813,34,False,0.02672767434521931,73.7,60_to_120,2025,2025-01,432,73.36
oMfPAUUoe9c,UCpXBGqwsBkpvcYjsJBQ7LEQ,Critical Role,large,"The Red End | Critical Role | Campaign 3, Episode 120",2025-01-27 20:00:33+00:00,17354,761239,17564,1555,False,0.025115633854807754,289.2,180_plus,2025,2025-01,433,1758.06
SniQ7wfWIqA,UCpXBGqwsBkpvcYjsJBQ7LEQ,Critical Role,large,The Re-Slayers (Bonus) Take w/ Jasmine Chiong,2025-01-27 13:10:26+00:00,2199,6680,151,6,False,0.023502994011976048,36.6,under_60,2025,2025-01,433,15.43
LHT4vB216wk,UCpXBGqwsBkpvcYjsJBQ7LEQ,Critical Role,large,"From the Boughs | Critical Role Abridged | Campaign 3, Episode 37",2025-01-21 18:00:23+00:00,4040,33837,881,39,False,0.02718917161686911,67.3,60_to_120,2025,2025-01,439,77.08
CGGs7MO1w20,UCpXBGqwsBkpvcYjsJBQ7LEQ,Critical Role,large,"Predathos Awakened | Critical Role | Campaign 3, Episode 119",2025-01-20 20:00:07+00:00,14737,703092,16236,1429,False,0.025124734743106166,245.6,180_plus,2025,2025-01,440,1597.94
r5amCDKj420,UCpXBGqwsBkpvcYjsJBQ7LEQ,Critical Role,large,S2 E14 | The Re-Slayer’s Take | The Hopeless Hostages,2025-01-20 13:28:37+00:00,3709,9030,160,9,False,0.018715393133997785,61.8,60_to_120,2025,2025-01,440,20.52
1zuh90ScU4Q,UCpXBGqwsBkpvcYjsJBQ7LEQ,Critical Role,large,Assassin's Creed Shadows One-Shot,2025-01-16 20:00:02+00:00,13700,208711,6293,647,False,0.03325172127966423,228.3,180_plus,2025,2025-01,444,470.07
hDxhxxWTz2k,UCpXBGqwsBkpvcYjsJBQ7LEQ,Critical Role,large,Narrative Telephone: The Case of the Desecrated Locks,2025-01-08 20:00:28+00:00,4022,92683,4016,435,False,0.048023909454808326,67.0,60_to_120,2025,2025-01,452,205.05
mPtYNuDXJoE,UCpXBGqwsBkpvcYjsJBQ7LEQ,Critical Role,large,"A Desperate Call | Critical Role Abridged | Campaign 3, Episode 36",2025-01-07 18:00:33+00:00,4227,36165,900,42,False,0.026047283284944007,70.4,60_to_120,2025,2025-01,453,79.83
yCmKOXXY62k,UCpXBGqwsBkpvcYjsJBQ7LEQ,Critical Role,large,"The Hallowed Cage | Critical Role | Campaign 3, Episode 118",2025-01-06 20:00:34+00:00,17900,803347,16268,1342,False,0.02192078889944196,298.3,180_plus,2025,2025-01,454,1769.49
ursmgzhJD38,UCpXBGqwsBkpvcYjsJBQ7LEQ,Critical Role,large,S2 E13 | The Re-Slayer’s Take | The Decomposing Domicile,2025-01-06 13:21:43+00:00,2786,9455,205,6,False,0.02231623479640402,46.4,under_60,2025,2025-01,454,20.83
kJX0kIvWrAU,UCpXBGqwsBkpvcYjsJBQ7LEQ,Critical Role,large,Critical Role Presents: A Daggerheart Critmas Story | Live Show,2024-12-23 20:00:19+00:00,15751,587525,14654,842,False,0.02637504787030339,262.5,180_plus,2024,2024-12,468,1255.4
k_iVE2eyqJU,UCpXBGqwsBkpvcYjsJBQ7LEQ,Critical Role,large,What Bits May Come  | 4-Sided Dive | Episode 30 Discussing Up To C3117,2024-12-18 20:00:31+00:00,9009,261175,8195,959,False,0.03504929644874127,150.2,120_to_180,2024,2024-12,473,552.17
Xlw2cFAYraA,UCpXBGqwsBkpvcYjsJBQ7LEQ,Critical Role,large,"Pyrrhic Return | Critical Role Abridged | Campaign 3, Episode 35",2024-12-17 18:00:28+00:00,4805,36557,894,23,False,0.025084115217331837,80.1,60_to_120,2024,2024-12,474,77.12
lB8QzJIdsXk,UCpXBGqwsBkpvcYjsJBQ7LEQ,Critical Role,large,"Race to the Ruidian Core | Critical Role | Campaign 3, Episode 117",2024-12-16 20:00:31+00:00,16643,812774,15995,991,False,0.02089879843597359,277.4,180_plus,2024,2024-12,475,1711.1
HV4lldVXBcs,UCpXBGqwsBkpvcYjsJBQ7LEQ,Critical Role,large,S2 E12 | The Re-Slayer’s Take | The Hexed Hive (featuring Billy Boyd),2024-12-16 13:29:06+00:00,2616,9723,190,6,False,0.020158387329013677,43.6,under_60,2024,2024-12,475,20.47
wZtGmph8gxo,UCpXBGqwsBkpvcYjsJBQ7LEQ,Critical Role,large,"What Dreams May Come | Critical Role Abridged | Campaign 3, Episode 34",2024-12-10 18:00:42+00:00,4688,35953,1003,51,False,0.029316051511695824,78.1,60_to_120,2024,2024-12,481,74.75
38zB-_3WZa8,UCpXBGqwsBkpvcYjsJBQ7LEQ,Critical Role,large,"The Weave Mind | Critical Role | Campaign 3, Episode 116",2024-12-09 20:00:02+00:00,17250,819611,16757,1304,False,0.02203606344961207,287.5,180_plus,2024,2024-12,482,1700.44
zsG4Qoja2tE,UCpXBGqwsBkpvcYjsJBQ7LEQ,Critical Role,large,S2 E11 | The Re-Slayer’s Take |  The Terrible Twigmen (feat. Billy Boyd),2024-12-09 13:33:37+00:00,2141,9587,187,8,False,0.020340043809325126,35.7,under_60,2024,2024-12,482,19.89
S1UpEfV4ziw,UCpXBGqwsBkpvcYjsJBQ7LEQ,Critical Role,large,#EVERYTHINGISCONTENT: Let's Play Magic: The Gathering,2024-12-05 20:00:13+00:00,8051,484736,13743,1062,False,0.030542398336414048,134.2,120_to_180,2024,2024-12,486,997.4
ZfJIOCop4pg,UCpXBGqwsBkpvcYjsJBQ7LEQ,Critical Role,large,Narrative Telephone: Drag Me to Hells,2024-12-04 20:00:26+00:00,2111,145346,8051,551,False,0.05918291525050569,35.2,under_60,2024,2024-12,487,298.45
ehS8IsvJHaA,UCpXBGqwsBkpvcYjsJBQ7LEQ,Critical Role,large,"Blood and Dust | Critical Role Abridged | Campaign 3, Episode 33",2024-12-03 18:00:22+00:00,4431,36645,989,50,False,0.028353117751398555,73.8,60_to_120,2024,2024-12,488,75.09
LKXurDMdE3Y,UCpXBGqwsBkpvcYjsJBQ7LEQ,Critical Role,large,S2 E10 | The Re-Slayer’s Take | The Hermit’s Hill (featuring Billy Boyd),2024-12-02 13:19:58+00:00,3138,11142,215,9,False,0.02010411057260815,52.3,under_60,2024,2024-12,489,22.79
SSmD-tcGWkU,UCpXBGqwsBkpvcYjsJBQ7LEQ,Critical Role,large,"A Stage Set | Critical Role Abridged | Campaign 3, Episode 32",2024-11-26 18:00:30+00:00,4218,37859,930,21,False,0.025119522438521884,70.3,60_to_120,2024,2024-11,495,76.48
sSmCDyGs01o,UCpXBGqwsBkpvcYjsJBQ7LEQ,Critical Role,large,"To the Arx Creonum | Critical Role | Campaign 3, Episode 115",2024-11-25 20:00:32+00:00,15801,891296,16829,1087,False,0.02010106631242595,263.4,180_plus,2024,2024-11,496,1796.97
Jq8rYV-5hjE,UCpXBGqwsBkpvcYjsJBQ7LEQ,Critical Role,large,Let's Play Queen By Midnight: Quarter Past!,2024-11-22 18:00:14+00:00,12397,77924,1943,97,False,0.02617935424259535,206.6,180_plus,2024,2024-11,499,156.16
dpeH3fs-FkM,UCpXBGqwsBkpvcYjsJBQ7LEQ,Critical Role,large,"Breaking Point | Critical Role Abridged | Campaign 3, Episode 31",2024-11-19 18:00:32+00:00,4192,40268,1035,37,False,0.02662163504519718,69.9,60_to_120,2024,2024-11,502,80.22
eS88k3VxT_I,UCpXBGqwsBkpvcYjsJBQ7LEQ,Critical Role,large,"Fight for the Bloody Bridge | Critical Role | Campaign 3, Episode 114",2024-11-18 20:00:20+00:00,17287,839039,17898,1389,False,0.022987012522659854,288.1,180_plus,2024,2024-11,503,1668.07
dlWYtV48GAs,UCpXBGqwsBkpvcYjsJBQ7LEQ,Critical Role,large,The Re-Slayers (Bonus) Take w/ Jasmine Bhullar,2024-11-18 13:24:01+00:00,2324,8446,175,11,False,0.022022259057542033,38.7,under_60,2024,2024-11,503,16.79
ZvrQR6LAqYU,UCpXBGqwsBkpvcYjsJBQ7LEQ,Critical Role,large,A Daggerheart Critmas Story: Session Zero,2024-11-15 20:00:18+00:00,6402,534368,17222,1389,False,0.03482805856638122,106.7,60_to_120,2024,2024-11,506,1056.06
DN4gPEYAJlo,UCpXBGqwsBkpvcYjsJBQ7LEQ,Critical Role,large,The Tower | 4-Sided Dive | Episode 29 Discussing Up To C3113,2024-11-13 20:00:04+00:00,5971,223154,8283,726,False,0.04037122346003209,99.5,60_to_120,2024,2024-11,508,439.28
6Zif0XLDxsM,UCpXBGqwsBkpvcYjsJBQ7LEQ,Critical Role,large,"Reunion & Revenge | Critical Role Abridged | Campaign 3, Episode 30",2024-11-12 18:00:04+00:00,3896,38253,976,22,False,0.02608945703604946,64.9,60_to_120,2024,2024-11,509,75.15
h6wXgGNZpA4,UCpXBGqwsBkpvcYjsJBQ7LEQ,Critical Role,large,"Assault on the Malleus Key | Critical Role | Campaign 3, Episode 113",2024-11-11 20:00:21+00:00,18370,965414,18585,1450,False,0.020752754776707193,306.2,180_plus,2024,2024-11,510,1892.97
mGxORHleN7Y,UCpXBGqwsBkpvcYjsJBQ7LEQ,Critical Role,large,S2 E9 | The Re-Slayer's Take | The Restless Retreat,2024-11-11 13:22:10+00:00,2714,9773,178,16,False,0.01985060882021897,45.2,under_60,2024,2024-11,510,19.16
qHK7LsJ-DA0,UCpXBGqwsBkpvcYjsJBQ7LEQ,Critical Role,large,"Dark Portents | Critical Role Abridged | Campaign 3, Episode 29",2024-11-05 18:00:33+00:00,3759,43049,1029,50,False,0.02506446142767544,62.6,60_to_120,2024,2024-11,516,83.43
25LXHhvonB4,UCpXBGqwsBkpvcYjsJBQ7LEQ,Critical Role,large,S2 E8 | The Re-Slayer’s Take | The Melancholic March (featuring. Xander Jeanneret),2024-11-04 13:13:10+00:00,2721,13597,204,6,False,0.015444583363977348,45.4,under_60,2024,2024-11,517,26.3
xBuJyDL4uic,UCpXBGqwsBkpvcYjsJBQ7LEQ,Critical Role,large,Narrative Telephone: A Florid Floral Fable,2024-10-30 19:00:44+00:00,2163,239560,14225,1045,False,0.06374186007680747,36.0,under_60,2024,2024-10,522,458.93
GTPO7Nruim4,UCpXBGqwsBkpvcYjsJBQ7LEQ,Critical Role,large,"The Legend of Vox Machina, Season Finale Roundtable | Season 3, Episodes 7-12",2024-10-30 03:15:50+00:00,4795,153871,5864,423,False,0.04085890128744208,79.9,60_to_120,2024,2024-10,522,294.77
_zyWoClGqiU,UCpXBGqwsBkpvcYjsJBQ7LEQ,Critical Role,large,"The Deathwish Run | Critical Role Abridged | Campaign 3, Episode 28",2024-10-29 17:00:36+00:00,3946,40476,1086,34,False,0.027670718450439766,65.8,60_to_120,2024,2024-10,523,77.39
_MQFn1lxKV0,UCpXBGqwsBkpvcYjsJBQ7LEQ,Critical Role,large,"The Assembling of Legends | Critical Role | Campaign 3, Episode 112",2024-10-28 19:00:23+00:00,15995,992607,21330,1536,False,0.023036307420761692,266.6,180_plus,2024,2024-10,524,1894.29
PButnrBSh68,UCpXBGqwsBkpvcYjsJBQ7LEQ,Critical Role,large,S2 E7 | The Re-Slayer’s Take | The Promised Pact (featuring. Xander Jeanneret),2024-10-28 12:16:57+00:00,2478,13498,206,17,False,0.016520966069047266,41.3,under_60,2024,2024-10,524,25.76
dBoj37dBrNM,UCpXBGqwsBkpvcYjsJBQ7LEQ,Critical Role,large,"A Race to the Prize | Critical Role Abridged | Campaign 3, Episode 27",2024-10-22 17:00:33+00:00,3830,44323,1101,39,False,0.025720280666922366,63.8,60_to_120,2024,2024-10,530,83.63
eK44w-yGX-w,UCpXBGqwsBkpvcYjsJBQ7LEQ,Critical Role,large,"The Nein Hells | Critical Role | Campaign 3, Episode 111",2024-10-21 19:00:19+00:00,12811,851684,22545,2092,False,0.02892739560682131,213.5,180_plus,2024,2024-10,531,1603.92
1QjdiTOPy7w,UCpXBGqwsBkpvcYjsJBQ7LEQ,Critical Role,large,S2 E6 | The Re-Slayer’s Take | The Confounding Cavern (featuring. Xander Jeanneret),2024-10-22 19:30:56+00:00,2583,17932,236,28,False,0.014722284184697747,43.0,under_60,2024,2024-10,530,33.83
20T3lr1dd_A,UCpXBGqwsBkpvcYjsJBQ7LEQ,Critical Role,large,"The Legend of Vox Machina, Mid-Season Roundtable | Season 3, Episodes 1-6",2024-10-17 17:00:05+00:00,5071,174961,6369,382,False,0.03858574196535228,84.5,60_to_120,2024,2024-10,535,327.03
YkPsZTRUU4o,UCpXBGqwsBkpvcYjsJBQ7LEQ,Critical Role,large,"Hidden Truths | Critical Role Abridged | Campaign 3, Episode 26",2024-10-15 17:00:27+00:00,4236,40985,1059,37,False,0.026741490789313163,70.6,60_to_120,2024,2024-10,537,76.32
mgBRDF1Q-Ao,UCpXBGqwsBkpvcYjsJBQ7LEQ,Critical Role,large,"In the Shadow of War | Critical Role | Campaign 3, Episode 110",2024-10-14 19:00:32+00:00,14771,837270,19527,1408,False,0.025003881663023874,246.2,180_plus,2024,2024-10,538,1556.26
FjvuCSqjiNI,UCpXBGqwsBkpvcYjsJBQ7LEQ,Critical Role,large,S2 E5 | The Re-Slayer’s Take | The Befuddled Bravehearts (featuring Xander Jeanneret),2024-10-18 17:22:26+00:00,3614,3896,87,6,False,0.023870636550308008,60.2,60_to_120,2024,2024-10,534,7.3
oJKLSoezIYc,UCpXBGqwsBkpvcYjsJBQ7LEQ,Critical Role,large,Way of the Swordguy | 4-Sided Dive | Episode 28 Discussing Up To C3109,2024-10-09 19:00:25+00:00,7714,246404,7535,677,False,0.033327381049008946,128.6,120_to_180,2024,2024-10,543,453.78
5PvFrrM7IJs,UCpXBGqwsBkpvcYjsJBQ7LEQ,Critical Role,large,"A Taste of Tal'Dorei | Critical Role Abridged | Campaign 3, Episode 25",2024-10-08 17:00:05+00:00,4358,44564,1194,39,False,0.027668072883942196,72.6,60_to_120,2024,2024-10,544,81.92
NH5odIjsy8g,UCpXBGqwsBkpvcYjsJBQ7LEQ,Critical Role,large,"A Test of Fate | Critical Role | Campaign 3, Episode 109",2024-10-07 19:00:14+00:00,16765,856615,16903,1184,False,0.021114503014773266,279.4,180_plus,2024,2024-10,545,1571.77
FHWDEukywbg,UCpXBGqwsBkpvcYjsJBQ7LEQ,Critical Role,large,The Re-Slayers (Bonus) Take w/ Caroline Lux,2024-10-18 17:22:25+00:00,2205,1691,55,6,False,0.036073329390892965,36.8,under_60,2024,2024-10,534,3.17
sZ4MxuHyL3E,UCpXBGqwsBkpvcYjsJBQ7LEQ,Critical Role,large,"The Legend of Vox Machina, Season 3 Launch Party",2024-10-05 03:07:33+00:00,5947,197728,7552,298,False,0.03970100339860819,99.1,60_to_120,2024,2024-10,547,361.48
DqrBhh87PXo,UCpXBGqwsBkpvcYjsJBQ7LEQ,Critical Role,large,"The Hellcatch Valley | Critical Role Abridged | Campaign 3, Episode 24",2024-10-01 17:00:17+00:00,4311,49220,1232,34,False,0.025721251523770826,71.8,60_to_120,2024,2024-10,551,89.33
QfrW_n4tRH8,UCpXBGqwsBkpvcYjsJBQ7LEQ,Critical Role,large,S2 E4 | The Re-Slayer’s Take | The Monstrous Mine  (featuring Alexander Ward),2024-10-18 17:22:25+00:00,3063,2621,78,6,False,0.032048836322014496,51.0,under_60,2024,2024-10,534,4.91
6F7FXfP9ykE,UCpXBGqwsBkpvcYjsJBQ7LEQ,Critical Role,large,#EVERYTHINGISCONTENT: Let's Play SINK!,2024-09-26 19:00:03+00:00,5836,61096,1838,93,False,0.03160599711928768,97.3,60_to_120,2024,2024-09,556,109.88
gW4aEIbSuMs,UCpXBGqwsBkpvcYjsJBQ7LEQ,Critical Role,large,"To the Skies | Critical Role Abridged | Campaign 3, Episode 23",2024-09-24 17:00:34+00:00,3910,44847,1259,44,False,0.029054340312618457,65.2,60_to_120,2024,2024-09,558,80.37
ojpqaSkeDz8,UCpXBGqwsBkpvcYjsJBQ7LEQ,Critical Role,large,"Looming | Critical Role | Campaign 3, Episode 108",2024-09-23 19:00:32+00:00,15492,856095,17335,1528,False,0.022033769616689736,258.2,180_plus,2024,2024-09,559,1531.48
3z4OnyAuXo8,UCpXBGqwsBkpvcYjsJBQ7LEQ,Critical Role,large,S2 E3 | The Re-Slayer’s Take | The Dire Descent (featuring Alexander Ward),2024-10-18 17:22:25+00:00,3470,2580,83,8,False,0.03527131782945737,57.8,under_60,2024,2024-10,534,4.83
BGKZCQRC6vI,UCpXBGqwsBkpvcYjsJBQ7LEQ,Critical Role,large,Daggerheart Pre-Order Update with Matthew Mercer and Spenser Starke | Livestream,2024-09-17 22:01:42+00:00,4265,63575,2415,210,False,0.04128981517892253,71.1,60_to_120,2024,2024-09,565,112.52
U21u22MXdZE,UCpXBGqwsBkpvcYjsJBQ7LEQ,Critical Role,large,"Promise and Potential | Critical Role Abridged | Campaign 3, Episode 22",2024-09-17 17:00:19+00:00,4234,48282,1263,26,False,0.026697319912182594,70.6,60_to_120,2024,2024-09,565,85.45
ddzU1KWq3hM,UCpXBGqwsBkpvcYjsJBQ7LEQ,Critical Role,large,"Under the Arch Heart's Eye | Critical Role | Campaign 3, Episode 107",2024-09-16 19:00:29+00:00,16176,833925,19210,1572,False,0.024920706298528043,269.6,180_plus,2024,2024-09,566,1473.37
vfsY5X4kF8E,UCpXBGqwsBkpvcYjsJBQ7LEQ,Critical Role,large,S2 E2 | The Re-Slayer’s Take | The Masked Man (featuring Matthew Mercer),2024-10-18 17:22:25+00:00,3639,2761,102,7,False,0.039478449837015574,60.6,60_to_120,2024,2024-10,534,5.17
NsZUshJNXNo,UCpXBGqwsBkpvcYjsJBQ7LEQ,Critical Role,large,"Fight at the Museum... | Critical Role Abridged | Campaign 3, Episode 21",2024-09-10 17:00:28+00:00,4002,48199,1268,26,False,0.026847030021369737,66.7,60_to_120,2024,2024-09,572,84.26
1fFvR8Diz3s,UCpXBGqwsBkpvcYjsJBQ7LEQ,Critical Role,large,"Unseelie Interrupted | Critical Role | Campaign 3, Episode 106",2024-09-09 19:00:01+00:00,15066,923927,17742,1306,False,0.02061634739541111,251.1,180_plus,2024,2024-09,573,1612.44
5VHcdM59aQI,UCpXBGqwsBkpvcYjsJBQ7LEQ,Critical Role,large,S2 E1 | The Re-Slayer’s Take |  The Cat’s Cathedral (featuring Laura Bailey),2024-10-18 17:22:25+00:00,2829,4946,120,5,False,0.025272947836635664,47.2,under_60,2024,2024-10,534,9.26
vQRKL-Zs1fU,UCpXBGqwsBkpvcYjsJBQ7LEQ,Critical Role,large,Queries & Quandaries | 4-Sided Dive | Episode 27 Discussing Up To C3105,2024-09-04 19:00:34+00:00,6833,271763,8423,557,False,0.03304349745918318,113.9,60_to_120,2024,2024-09,578,470.18
nxmTIpfRpT4,UCpXBGqwsBkpvcYjsJBQ7LEQ,Critical Role,large,"Breaking and Entering... | Critical Role Abridged | Campaign 3, Episode 20",2024-09-03 17:00:41+00:00,3828,51257,1316,32,False,0.026298846986753027,63.8,60_to_120,2024,2024-09,579,88.53
7lia7nIr100,UCpXBGqwsBkpvcYjsJBQ7LEQ,Critical Role,large,Anime NYC 2024 | Critical Role: Fireside Chat & Cast Q&A,2024-08-29 19:00:05+00:00,3555,201050,8506,373,False,0.044163143496642625,59.2,under_60,2024,2024-08,584,344.26
VLEmZGvmW40,UCpXBGqwsBkpvcYjsJBQ7LEQ,Critical Role,large,"Omens Above | Critical Role Abridged | Campaign 3, Episode 19",2024-08-27 17:00:25+00:00,3960,52323,1320,32,False,0.025839496970739444,66.0,60_to_120,2024,2024-08,586,89.29
oH3oEMAaUgE,UCpXBGqwsBkpvcYjsJBQ7LEQ,Critical Role,large,"Collecting Legends | Critical Role | Campaign 3, Episode 105",2024-08-26 19:00:25+00:00,14052,976686,20075,1484,False,0.022073624481153617,234.2,180_plus,2024,2024-08,587,1663.86
G3JIuChwBw8,UCpXBGqwsBkpvcYjsJBQ7LEQ,Critical Role,large,"A Hungry Jungle | Critical Role Abridged | Campaign 3, Episode 18",2024-08-20 17:00:10+00:00,3739,57917,1336,31,False,0.02360274185472314,62.3,60_to_120,2024,2024-08,593,97.67
FjiEWTjuWDk,UCpXBGqwsBkpvcYjsJBQ7LEQ,Critical Role,large,"The Cradle's Convocation | Critical Role | Campaign 3, Episode 104",2024-08-19 19:00:07+00:00,16379,954373,19338,1705,False,0.022049031144007636,273.0,180_plus,2024,2024-08,594,1606.69
4NTh5wNJMRs,UCpXBGqwsBkpvcYjsJBQ7LEQ,Critical Role,large,S1 E12 | The Re-Slayer’s Take |  The Timberblight of Dead Man’s Table,2024-10-18 17:22:25+00:00,2561,2216,85,7,False,0.04151624548736462,42.7,under_60,2024,2024-10,534,4.15
JJIqTEYDQkU,UCpXBGqwsBkpvcYjsJBQ7LEQ,Critical Role,large,#EVERYTHINGISCONTENT: Let's Play SteamWorld Heist II!,2024-08-14 19:00:15+00:00,3800,48219,1703,89,False,0.03716377361620938,63.3,60_to_120,2024,2024-08,599,80.5
FYzvQiunrcs,UCpXBGqwsBkpvcYjsJBQ7LEQ,Critical Role,large,"Heart-to-Heartmoor | Critical Role Abridged | Campaign 3, Episode 17",2024-08-13 17:00:21+00:00,3745,55709,1517,70,False,0.028487318027607747,62.4,60_to_120,2024,2024-08,600,92.85
_mJ0-amzog0,UCpXBGqwsBkpvcYjsJBQ7LEQ,Critical Role,large,"Cages | Critical Role | Campaign 3, Episode 103",2024-08-12 19:00:17+00:00,13672,960955,19947,1435,False,0.022250781774380696,227.9,180_plus,2024,2024-08,601,1598.93
DLF2B5M0aRw,UCpXBGqwsBkpvcYjsJBQ7LEQ,Critical Role,large,S1 E11 | The Re-Slayer’s Take | The Rotten Soldiers  (featuring Sam Riegel),2024-10-18 17:22:25+00:00,2818,2228,87,3,False,0.04039497307001795,47.0,under_60,2024,2024-10,534,4.17
K_FwkWTTZzg,UCpXBGqwsBkpvcYjsJBQ7LEQ,Critical Role,large,Moonward | Part 1,2024-08-08 04:15:13+00:00,7434,121500,5170,441,False,0.046181069958847736,123.9,120_to_180,2024,2024-08,605,200.83
CiP5Mkc6iGE,UCpXBGqwsBkpvcYjsJBQ7LEQ,Critical Role,large,"The Shade Mother | Critical Role Abridged | Campaign 3, Episode 16",2024-08-06 17:00:06+00:00,4431,60009,1604,55,False,0.027645853122031695,73.8,60_to_120,2024,2024-08,607,98.86
MCn5E7USp2E,UCpXBGqwsBkpvcYjsJBQ7LEQ,Critical Role,large,"Reconciliation | Critical Role | Campaign 3, Episode 102",2024-08-05 19:00:11+00:00,14817,911710,20174,2221,False,0.024563731888429436,247.0,180_plus,2024,2024-08,608,1499.52
VraNQRyfhRw,UCpXBGqwsBkpvcYjsJBQ7LEQ,Critical Role,large,S1 E10 | The Re-Slayer’s Take | The Curse of Strife  (featuring Sam Riegel),2024-10-18 17:22:25+00:00,2695,2338,85,5,False,0.03849443969204448,44.9,under_60,2024,2024-10,534,4.38
4hRIfoXejRc,UCpXBGqwsBkpvcYjsJBQ7LEQ,Critical Role,large,Oh My Gods | 4-Sided Dive | Episode 26: Discussing Up To C3101,2024-07-31 19:00:02+00:00,9949,411978,11840,1008,False,0.031186131298273207,165.8,120_to_180,2024,2024-07,613,672.07
lX_cULe3_ps,UCpXBGqwsBkpvcYjsJBQ7LEQ,Critical Role,large,San Diego Comic-Con 2024 | Critical Role: Fireside Chat & Cast Q&A,2024-07-30 19:00:21+00:00,2622,137485,6420,259,False,0.048579845074008074,43.7,under_60,2024,2024-07,614,223.92
O_fTvG5QX30,UCpXBGqwsBkpvcYjsJBQ7LEQ,Critical Role,large,"The Tunnels Below | Critical Role Abridged | Campaign 3, Episode 15",2024-07-30 17:00:13+00:00,4148,59933,1528,34,False,0.026062436387299152,69.1,60_to_120,2024,2024-07,614,97.61
n5r_pBOQPBc,UCpXBGqwsBkpvcYjsJBQ7LEQ,Critical Role,large,"Downfall: Part Three | Critical Role | Campaign 3, Episode 101",2024-07-29 19:00:23+00:00,22263,1027355,21215,2286,False,0.022875247601851355,371.0,180_plus,2024,2024-07,615,1670.5
MmV0ev5GU2A,UCpXBGqwsBkpvcYjsJBQ7LEQ,Critical Role,large,The Re-Slayers (Bonus) Take w/ Dani Carr,2024-10-18 17:22:28+00:00,2354,1554,58,3,False,0.039253539253539256,39.2,under_60,2024,2024-10,534,2.91
Ej1idai3Now,UCpXBGqwsBkpvcYjsJBQ7LEQ,Critical Role,large,"In Too Deep | Critical Role Abridged | Campaign 3, Episode 14",2024-07-23 17:00:09+00:00,4382,60296,1619,54,False,0.027746450842510283,73.0,60_to_120,2024,2024-07,621,97.1
EM7Ft2I1SVE,UCpXBGqwsBkpvcYjsJBQ7LEQ,Critical Role,large,"Downfall: Part Two | Critical Role | Campaign 3, Episode 100",2024-07-22 19:00:07+00:00,14401,941827,18953,1385,False,0.021594199359330324,240.0,180_plus,2024,2024-07,622,1514.19
-QUikcqC5nc,UCpXBGqwsBkpvcYjsJBQ7LEQ,Critical Role,large,S1 E9 | The Re-Slayer’s Take | The Dark Well  (featuring Christian Navarro),2024-10-18 17:22:28+00:00,3473,2518,87,6,False,0.036934074662430504,57.9,under_60,2024,2024-10,534,4.72
AzXWZy6EcsQ,UCpXBGqwsBkpvcYjsJBQ7LEQ,Critical Role,large,"A Dance of Deception | Critical Role Abridged | Campaign 3, Episode 13",2024-07-16 17:00:06+00:00,3822,65948,1675,51,False,0.026172135622005217,63.7,60_to_120,2024,2024-07,628,105.01
wQWZV_LzT4k,UCpXBGqwsBkpvcYjsJBQ7LEQ,Critical Role,large,"Downfall: Part One | Critical Role | Campaign 3, Episode 99",2024-07-15 19:00:46+00:00,15421,1394292,26858,2535,False,0.021080950044897337,257.0,180_plus,2024,2024-07,629,2216.68
iaQHRsNJyAA,UCpXBGqwsBkpvcYjsJBQ7LEQ,Critical Role,large,S1 E8 | The Re-Slayer’s Take | The Lost Light (featuring Christian Navarro),2024-10-18 17:22:28+00:00,2657,2477,96,8,False,0.04198627371820751,44.3,under_60,2024,2024-10,534,4.64
ZzAb5-R_SRQ,UCpXBGqwsBkpvcYjsJBQ7LEQ,Critical Role,large,Midst Season 3 Roundtable,2024-07-11 03:30:14+00:00,4806,60262,2564,225,False,0.04628123859148386,80.1,60_to_120,2024,2024-07,633,95.2
TJkUpMyvbUU,UCpXBGqwsBkpvcYjsJBQ7LEQ,Critical Role,large,Roll For It! | More-Sided Dive | 4SDE25,2024-07-10 20:00:09+00:00,1164,77525,3002,60,False,0.039496936472105774,19.4,under_60,2024,2024-07,634,122.28
58p4OUNu1bU,UCpXBGqwsBkpvcYjsJBQ7LEQ,Critical Role,large,Suddenly Samuel | 4-Sided Dive | Episode 25: Discussing Up To C3E98,2024-07-10 19:00:02+00:00,6413,424882,12623,711,False,0.03138283099778291,106.9,60_to_120,2024,2024-07,634,670.16
EPMcMva1WLg,UCpXBGqwsBkpvcYjsJBQ7LEQ,Critical Role,large,Daggerheart Version 1.5 Updates with Matthew Mercer and Spenser Starke | Open Beta | Livestream,2024-07-10 00:31:56+00:00,5973,59629,1802,126,False,0.03233326066175854,99.6,60_to_120,2024,2024-07,635,93.9
cKTsp9o4W94,UCpXBGqwsBkpvcYjsJBQ7LEQ,Critical Role,large,"Make It Fashion | Critical Role Abridged | Campaign 3, Episode 12",2024-07-09 17:00:25+00:00,4171,76345,1775,58,False,0.024009430873010676,69.5,60_to_120,2024,2024-07,635,120.23
caRT9xzddxY,UCpXBGqwsBkpvcYjsJBQ7LEQ,Critical Role,large,It's Been A While,2024-07-08 17:00:24+00:00,342,2901614,270904,13818,False,0.09812538814604561,5.7,under_60,2024,2024-07,636,4562.29
WPOKppvpLnk,UCpXBGqwsBkpvcYjsJBQ7LEQ,Critical Role,large,S1 E7 | The Re-Slayer’s Take | The Monster in the Mirror (featuring Christian Navarro),2024-10-18 17:22:28+00:00,2782,2676,92,4,False,0.03587443946188341,46.4,under_60,2024,2024-10,534,5.01
dcRbxfb7If4,UCpXBGqwsBkpvcYjsJBQ7LEQ,Critical Role,large,"Chasing Nightmares | Critical Role Abridged | Campaign 3, Episode 11",2024-07-02 17:00:22+00:00,4346,89451,2009,86,False,0.023420643704374463,72.4,60_to_120,2024,2024-07,642,139.33
mXiJHvSSS4s,UCpXBGqwsBkpvcYjsJBQ7LEQ,Critical Role,large,The Re-Slayers (Bonus) Take w/ Matthew Mercer,2024-10-18 17:22:28+00:00,2618,2244,76,4,False,0.035650623885918005,43.6,under_60,2024,2024-10,534,4.2
_Il8RWE2lYE,UCpXBGqwsBkpvcYjsJBQ7LEQ,Critical Role,large,Ménagerie a Trois | Daggerheart | Open Beta,2024-06-27 19:00:17+00:00,14984,169636,4135,276,False,0.02600273526845717,249.7,180_plus,2024,2024-06,647,262.19
CunX0vpkm5k,UCpXBGqwsBkpvcYjsJBQ7LEQ,Critical Role,large,Candela Obscura: Game Master Roundtable,2024-06-27 17:00:08+00:00,4753,65822,2746,162,False,0.04417975752787822,79.2,60_to_120,2024,2024-06,647,101.73
hYgtMywILPI,UCpXBGqwsBkpvcYjsJBQ7LEQ,Critical Role,large,Balance | MIDST | Season 3 Episode 19,2024-06-26 17:00:34+00:00,3530,34037,2846,420,False,0.09595440256191791,58.8,under_60,2024,2024-06,648,52.53
8tLUUN6ZKMI,UCpXBGqwsBkpvcYjsJBQ7LEQ,Critical Role,large,"Ghosts Dates and Darker Fates | Critical Role Abridged | Campaign 3, Episode 10",2024-06-25 17:00:04+00:00,3802,73241,1855,64,False,0.026201171474993516,63.4,60_to_120,2024,2024-06,649,112.85
LMitfdtObs8,UCpXBGqwsBkpvcYjsJBQ7LEQ,Critical Role,large,"The Nox Engine | Critical Role | Campaign 3, Episode 98",2024-06-24 19:00:17+00:00,13969,1171334,26176,2019,False,0.02407084571949589,232.8,180_plus,2024,2024-06,650,1802.05
RgXPW4F1LJA,UCpXBGqwsBkpvcYjsJBQ7LEQ,Critical Role,large,S1 E6 | The Re-Slayer’s Take | The Hungry Cloud (featuring Dominic Monaghan),2024-10-18 17:22:28+00:00,3943,3147,111,5,False,0.03686050206545917,65.7,60_to_120,2024,2024-10,534,5.89
8rR2YWGtCHQ,UCpXBGqwsBkpvcYjsJBQ7LEQ,Critical Role,large,"Thicker Grows the Meal and Plot | Critical Role Abridged | Campaign 3, Episode 9",2024-06-18 17:00:11+00:00,4264,94687,2109,85,False,0.023171079451244626,71.1,60_to_120,2024,2024-06,656,144.34
8f1TNHs0uVM,UCpXBGqwsBkpvcYjsJBQ7LEQ,Critical Role,large,S1 E5 | The Re-Slayer’s Take | The Whispers (featuring Dominic Monaghan),2024-10-18 17:22:28+00:00,3513,3421,117,8,False,0.03653902367728734,58.6,under_60,2024,2024-10,534,6.41
onI6q3e4XTY,UCpXBGqwsBkpvcYjsJBQ7LEQ,Critical Role,large,The Menagerie Levels Up! | Levels 4-6 | Daggerheart | Open Beta,2024-06-13 17:00:40+00:00,1540,93684,3858,255,False,0.04390290764698348,25.7,under_60,2024,2024-06,661,141.73
BhLNN5nnnIw,UCpXBGqwsBkpvcYjsJBQ7LEQ,Critical Role,large,Daggerheart Version 1.4.2 Updates with Matthew Mercer and Spenser Starke | Open Beta,2024-06-12 19:17:04+00:00,4621,48109,1798,102,False,0.03949364983682887,77.0,60_to_120,2024,2024-06,662,72.67
Pooiy1gGiec,UCpXBGqwsBkpvcYjsJBQ7LEQ,Critical Role,large,Home | MIDST | Season 3 Episode 18,2024-06-12 17:00:26+00:00,1723,27962,1812,99,False,0.06834275087618912,28.7,under_60,2024,2024-06,662,42.24
JhHulGemxXY,UCpXBGqwsBkpvcYjsJBQ7LEQ,Critical Role,large,"A Woodworker’s Quandary | Critical Role Abridged | Campaign 3, Episode 8",2024-06-11 17:00:12+00:00,3656,84750,2201,69,False,0.026784660766961652,60.9,60_to_120,2024,2024-06,663,127.83
-5mAPO3Opi4,UCpXBGqwsBkpvcYjsJBQ7LEQ,Critical Role,large,"Ancient Sins | Critical Role | Campaign 3, Episode 97",2024-06-10 19:00:00+00:00,13325,1028898,19476,1376,False,0.020266343213807395,222.1,180_plus,2024,2024-06,664,1549.55
vDZ4bcox2kM,UCpXBGqwsBkpvcYjsJBQ7LEQ,Critical Role,large,S1 E4 | The Re-Slayer’s Take | The Voiceless Village,2024-10-18 17:22:28+00:00,2448,3308,118,3,False,0.03657799274486094,40.8,under_60,2024,2024-10,534,6.19
GatQFa-fXVQ,UCpXBGqwsBkpvcYjsJBQ7LEQ,Critical Role,large,We’re Doomed! | More-Sided Dive | 4SDE24,2024-06-05 20:00:09+00:00,1432,90849,3197,134,False,0.03666523572081146,23.9,under_60,2024,2024-06,669,135.8
MdCHmMM_CCw,UCpXBGqwsBkpvcYjsJBQ7LEQ,Critical Role,large,Swordgate | 4-Sided Dive | Episode 24: Discussing Up To C3E96,2024-06-05 19:00:21+00:00,6318,278805,8450,654,False,0.032653646814081526,105.3,60_to_120,2024,2024-06,669,416.75
PdKLqxu4JQY,UCpXBGqwsBkpvcYjsJBQ7LEQ,Critical Role,large,Ghosts | MIDST | Season 3 Episode 17,2024-06-05 17:00:25+00:00,2452,27473,2201,231,False,0.08852327739962873,40.9,under_60,2024,2024-06,669,41.07
70QDS6bTjB4,UCpXBGqwsBkpvcYjsJBQ7LEQ,Critical Role,large,"Behind the Curtain | Critical Role Abridged | Campaign 3, Episode 7",2024-06-04 17:00:08+00:00,3990,91221,2202,66,False,0.024862696089716183,66.5,60_to_120,2024,2024-06,670,136.15
9lMJ4uQSS0I,UCpXBGqwsBkpvcYjsJBQ7LEQ,Critical Role,large,Candela Obscura Live | The Circle of the Silver Screen,2024-06-03 19:00:04+00:00,13580,170785,5668,340,False,0.035178733495330385,226.3,180_plus,2024,2024-06,671,254.52
BFuMpl3kXQM,UCpXBGqwsBkpvcYjsJBQ7LEQ,Critical Role,large,S1 E3 | The Re-Slayer’s Take | The Frozen Puppet,2024-10-18 17:22:28+00:00,3497,4106,131,5,False,0.033122260107160253,58.3,under_60,2024,2024-10,534,7.69
EAmNd623QTg,UCpXBGqwsBkpvcYjsJBQ7LEQ,Critical Role,large,The Menagerie Returns! | Live One-Shot | Open Beta,2024-05-30 19:00:05+00:00,13439,302401,6629,429,False,0.023339869907837606,224.0,180_plus,2024,2024-05,675,448.0
vvb8c07Cvgs,UCpXBGqwsBkpvcYjsJBQ7LEQ,Critical Role,large,Trustfall | MIDST | Season 3 Episode 16,2024-05-29 17:00:42+00:00,2538,31234,2208,303,False,0.08039316129858487,42.3,under_60,2024,2024-05,676,46.2
TUJJ76aw-ds,UCpXBGqwsBkpvcYjsJBQ7LEQ,Critical Role,large,"Growing Bonds and Teasing Threads | Critical Role Abridged | Campaign 3, Episode 6",2024-05-28 17:00:18+00:00,3795,102661,2253,58,False,0.022510982749047836,63.2,60_to_120,2024,2024-05,677,151.64
_0q56mZdgpM,UCpXBGqwsBkpvcYjsJBQ7LEQ,Critical Role,large,"Shadows New and Old | Critical Role | Campaign 3, Episode 96",2024-05-27 19:00:15+00:00,14768,990178,19272,1635,False,0.021114385494325264,246.1,180_plus,2024,2024-05,678,1460.44
Oczo5SaCnKg,UCpXBGqwsBkpvcYjsJBQ7LEQ,Critical Role,large,S1 E2 | The Re-Slayer’s Take | The Bog House,2024-10-18 17:22:28+00:00,2998,5739,166,12,False,0.031015856420979263,50.0,under_60,2024,2024-10,534,10.75
13M1YSLYjxY,UCpXBGqwsBkpvcYjsJBQ7LEQ,Critical Role,large,Breach | MIDST | Season 3 Episode 15,2024-05-22 17:00:01+00:00,2631,30715,2067,184,False,0.07328666775191274,43.8,under_60,2024,2024-05,683,44.97
h9P8MAuN1bE,UCpXBGqwsBkpvcYjsJBQ7LEQ,Critical Role,large,"The Threat Between the Walls | Critical Role Abridged | Campaign 3, Episode 5",2024-05-21 17:00:24+00:00,3818,105963,2542,56,False,0.02451799212932816,63.6,60_to_120,2024,2024-05,684,154.92
lt2DV74KMMk,UCpXBGqwsBkpvcYjsJBQ7LEQ,Critical Role,large,"Gathering of Needs | Critical Role | Campaign 3, Episode 95",2024-05-20 19:00:18+00:00,16725,982243,20733,2943,False,0.02410401499425295,278.8,180_plus,2024,2024-05,685,1433.93
5bwV8WmW3nw,UCpXBGqwsBkpvcYjsJBQ7LEQ,Critical Role,large,S1 E1 | The Re-Slayer’s Take | The Carnivorous Cube,2024-10-18 17:22:30+00:00,3138,27003,430,37,False,0.017294374699107506,52.3,under_60,2024,2024-10,534,50.57
VsEn-eJ70mY,UCpXBGqwsBkpvcYjsJBQ7LEQ,Critical Role,large,"On the Trail of a Killer | Critical Role Abridged | Campaign 3, Episode 4",2024-05-17 17:00:31+00:00,3770,118171,2741,71,False,0.023796024405310947,62.8,60_to_120,2024,2024-05,688,171.76
6O_qX935S68,UCpXBGqwsBkpvcYjsJBQ7LEQ,Critical Role,large,Shindig | MIDST | Season 3 Episode 14,2024-05-15 17:00:08+00:00,1679,30684,2009,171,False,0.07104679963498892,28.0,under_60,2024,2024-05,690,44.47
6VaGJzB6tms,UCpXBGqwsBkpvcYjsJBQ7LEQ,Critical Role,large,The Menagerie Levels Up with Daggerheart! | Open Beta,2024-05-14 18:00:05+00:00,1522,166788,6833,267,False,0.04256900976089407,25.4,under_60,2024,2024-05,691,241.37
CXcdxAYAEA0,UCpXBGqwsBkpvcYjsJBQ7LEQ,Critical Role,large,"The Trail and the Toll | Critical Role Abridged | Campaign 3, Episode 3",2024-05-14 17:00:07+00:00,3809,123550,3047,114,False,0.02558478348846621,63.5,60_to_120,2024,2024-05,691,178.8
Q44Ege9o_Dg,UCpXBGqwsBkpvcYjsJBQ7LEQ,Critical Role,large,"Where The Red Fearne Glows | Critical Role | Campaign 3, Episode 94",2024-05-13 19:00:08+00:00,13440,956632,20642,1378,False,0.023018255713795902,224.0,180_plus,2024,2024-05,692,1382.42
G7nfTG1gpG4,UCpXBGqwsBkpvcYjsJBQ7LEQ,Critical Role,large,"Trial by Firelight | Critical Role Abridged | Campaign 3, Episode 2",2024-05-10 18:00:17+00:00,4353,179975,4149,162,False,0.02395332685095152,72.6,60_to_120,2024,2024-05,695,258.96
soRuWjCg6GM,UCpXBGqwsBkpvcYjsJBQ7LEQ,Critical Role,large,"The Draw of Destiny | Critical Role Abridged | Campaign 3, Episode 1",2024-05-10 17:00:46+00:00,5030,585268,12912,606,False,0.02309711106706671,83.8,60_to_120,2024,2024-05,695,842.11
A8E6D-rW4dE,UCpXBGqwsBkpvcYjsJBQ7LEQ,Critical Role,large,State of the Role: Announcing Beacon! Our New Membership Service,2024-05-09 16:04:07+00:00,476,246894,13979,1650,False,0.06330246988586195,7.9,under_60,2024,2024-05,696,354.73
o3wUSRQ0d2M,UCpXBGqwsBkpvcYjsJBQ7LEQ,Critical Role,large,For the Queen | More-Sided Dive | 4SD E23,2024-05-08 20:00:14+00:00,3972,82196,2927,115,False,0.03700910019952309,66.2,60_to_120,2024,2024-05,697,117.93
Rj23FG8rUa0,UCpXBGqwsBkpvcYjsJBQ7LEQ,Critical Role,large,Still Blessed | 4-Sided Dive | Episode 23: Discussing Up To C3E93,2024-05-08 19:00:11+00:00,7341,243485,7307,697,False,0.032872661560260384,122.4,120_to_180,2024,2024-05,697,349.33
UB4rCchwXTk,UCpXBGqwsBkpvcYjsJBQ7LEQ,Critical Role,large,Machinations | MIDST | Season 3 Episode 13,2024-05-08 17:00:20+00:00,1805,25985,1910,129,False,0.07846834712334039,30.1,under_60,2024,2024-05,697,37.28
oO4DPvgh5l4,UCpXBGqwsBkpvcYjsJBQ7LEQ,Critical Role,large,Daggerheart Version 1.4 Updates with Matthew Mercer and Spenser Starke | Open Beta | Livestream,2024-05-08 00:25:25+00:00,4480,82198,2989,200,False,0.03879656439329424,74.7,60_to_120,2024,2024-05,698,117.76
JHA4NflX7qM,UCpXBGqwsBkpvcYjsJBQ7LEQ,Critical Role,large,Crafting a Mystery with Liam O'Brien | Candela Obscura,2024-05-07 17:00:12+00:00,838,29437,1773,44,False,0.06172503991575228,14.0,under_60,2024,2024-05,698,42.17
HNvfma0wTVw,UCpXBGqwsBkpvcYjsJBQ7LEQ,Critical Role,large,"Bittersweet Reunions | Critical Role | Campaign 3, Episode 93",2024-05-06 19:00:08+00:00,14720,878050,19675,2685,False,0.02546552018677752,245.3,180_plus,2024,2024-05,699,1256.15
RIrCXBGbEEE,UCpXBGqwsBkpvcYjsJBQ7LEQ,Critical Role,large,Interest | MIDST | Season 3 Episode 12,2024-05-01 17:00:24+00:00,1599,30023,1831,250,False,0.06931352629650601,26.6,under_60,2024,2024-05,704,42.65
N7oY1CsCymc,UCpXBGqwsBkpvcYjsJBQ7LEQ,Critical Role,large,Creating Characters for Candela Obscura: The Crimson Mirror,2024-04-30 17:00:20+00:00,5993,88441,2771,180,False,0.033366877353263755,99.9,60_to_120,2024,2024-04,705,125.45
hVnZe6KAld0,UCpXBGqwsBkpvcYjsJBQ7LEQ,Critical Role,large,Candela Obscura: The Circle of The Crimson Mirror | Episode 3 | Into the Abyss,2024-04-29 19:00:19+00:00,20028,107548,2691,224,False,0.027104176739688325,333.8,180_plus,2024,2024-04,706,152.33
kfOAPe78RQE,UCpXBGqwsBkpvcYjsJBQ7LEQ,Critical Role,large,Resolve | MIDST | Season 3 Episode 11,2024-04-24 17:00:36+00:00,1348,28230,1850,83,False,0.06847325540205455,22.5,under_60,2024,2024-04,711,39.7
7xK3qmtpFMw,UCpXBGqwsBkpvcYjsJBQ7LEQ,Critical Role,large,"Broken Roads | Critical Role | Campaign 3, Episode 92",2024-04-22 19:00:06+00:00,15987,1169118,22079,3179,False,0.021604320521966133,266.4,180_plus,2024,2024-04,713,1639.72
rsecRRdhAVA,UCpXBGqwsBkpvcYjsJBQ7LEQ,Critical Role,large,Bedrock | MIDST | Season 3 Episode 10,2024-04-17 17:00:29+00:00,1415,31162,1961,99,False,0.06610615493228933,23.6,under_60,2024,2024-04,718,43.4
EJSGR3voqU4,UCpXBGqwsBkpvcYjsJBQ7LEQ,Critical Role,large,"True Heroism | Critical Role | Campaign 3, Episode 91",2024-04-15 19:00:07+00:00,16976,1162770,30260,4337,False,0.02975394962030324,282.9,180_plus,2024,2024-04,720,1614.96
ynE5CEIfuDs,UCpXBGqwsBkpvcYjsJBQ7LEQ,Critical Role,large,Ravensburger's Party Game Gauntlet | More-Sided Dive | 4SDE22,2024-04-10 20:00:25+00:00,2320,101133,3643,118,False,0.03718865256642243,38.7,under_60,2024,2024-04,725,139.49
nGzL0iuu6vA,UCpXBGqwsBkpvcYjsJBQ7LEQ,Critical Role,large,Witch Sesh | 4-Sided Dive | Episode 22: Discussing Up To C3E90,2024-04-10 19:00:16+00:00,6293,270906,7891,578,False,0.03126176607384111,104.9,60_to_120,2024,2024-04,725,373.66
NjOcq3OKkRc,UCpXBGqwsBkpvcYjsJBQ7LEQ,Critical Role,large,Baron | MIDST | Season 3 Episode 9,2024-04-10 17:00:18+00:00,1034,27716,2047,189,False,0.08067542213883677,17.2,under_60,2024,2024-04,725,38.23
q9mVtQLNwDY,UCpXBGqwsBkpvcYjsJBQ7LEQ,Critical Role,large,Daggerheart Version 1.3 Updates with Matthew Mercer and Spenser Starke | Open Beta | Livestream,2024-04-09 23:11:42+00:00,4758,141109,5050,278,False,0.037758045199101406,79.3,60_to_120,2024,2024-04,726,194.37
v9owZNNrL-Y,UCpXBGqwsBkpvcYjsJBQ7LEQ,Critical Role,large,"Mission Improbable | Critical Role | Campaign 3, Episode 90",2024-04-08 19:00:31+00:00,15487,1138896,21870,1066,False,0.020138801084559083,258.1,180_plus,2024,2024-04,727,1566.57
_4Jla7bZqUI,UCpXBGqwsBkpvcYjsJBQ7LEQ,Critical Role,large,Fault | MIDST | Season 3 Episode 8,2024-04-03 17:00:31+00:00,1128,28636,1800,110,False,0.06669925967313871,18.8,under_60,2024,2024-04,732,39.12
PgqgDpQiVvE,UCpXBGqwsBkpvcYjsJBQ7LEQ,Critical Role,large,Candela Obscura: The Circle of The Crimson Mirror | Episode 2 | The Gilded Graveyard,2024-04-01 19:00:17+00:00,17970,148815,3482,276,False,0.025252830695830394,299.5,180_plus,2024,2024-04,734,202.75
9xS2DR9cl4s,UCpXBGqwsBkpvcYjsJBQ7LEQ,Critical Role,large,Tempest | MIDST | Season 3 Episode 7,2024-03-27 17:00:14+00:00,1151,31502,1986,276,False,0.07180496476414196,19.2,under_60,2024,2024-03,739,42.63
7jmd-XO5-LE,UCpXBGqwsBkpvcYjsJBQ7LEQ,Critical Role,large,#EVERYTHINGISCONTENT: Let's Play the Critical Role Challenger Series by UniVersus!,2024-03-23 19:00:03+00:00,6732,143725,3752,184,False,0.027385632283875458,112.2,60_to_120,2024,2024-03,743,193.44
-qyDpB_o2Hk,UCpXBGqwsBkpvcYjsJBQ7LEQ,Critical Role,large,"Divisive Portents | Critical Role | Campaign 3, Episode 89",2024-03-22 01:59:06+00:00,12970,1061691,21201,1450,False,0.021334832828007397,216.2,180_plus,2024,2024-03,745,1425.09
QmvAb2cUwrc,UCpXBGqwsBkpvcYjsJBQ7LEQ,Critical Role,large,Switcheroo | MIDST | Season 3 Episode 6,2024-03-20 17:00:16+00:00,1301,30530,1950,65,False,0.0660006550933508,21.7,under_60,2024,2024-03,746,40.92
dLmyw-rO7HY,UCpXBGqwsBkpvcYjsJBQ7LEQ,Critical Role,large,"Seeking Sedition | Critical Role | Campaign 3, Episode 88",2024-03-15 01:59:07+00:00,12285,1030788,21955,1075,False,0.0223421304865792,204.8,180_plus,2024,2024-03,752,1370.73
6lLDwozTDgE,UCpXBGqwsBkpvcYjsJBQ7LEQ,Critical Role,large,Acculturation | MIDST | Season 3 Episode 5,2024-03-13 17:00:07+00:00,1257,35111,1822,118,False,0.05525333940930193,21.0,under_60,2024,2024-03,753,46.63
8vXe48xQSoo,UCpXBGqwsBkpvcYjsJBQ7LEQ,Critical Role,large,Critical Role plays Daggerheart | Live One-Shot | Open Beta,2024-03-13 06:28:40+00:00,16438,1196985,27278,1889,False,0.02436705556042891,274.0,180_plus,2024,2024-03,753,1589.62
pvX_IVul9HE,UCpXBGqwsBkpvcYjsJBQ7LEQ,Critical Role,large,Critical Role Creates Characters in Daggerheart | Open Beta,2024-03-12 17:00:39+00:00,7206,1216050,33672,2345,False,0.029618025574606306,120.1,120_to_180,2024,2024-03,754,1612.8
IbNsxHuX1FE,UCpXBGqwsBkpvcYjsJBQ7LEQ,Critical Role,large,How to Make a Character in Daggerheart | Open Beta,2024-03-12 15:01:28+00:00,1916,399183,16679,625,False,0.04334853939170756,31.9,under_60,2024,2024-03,754,529.42
nYVrzqTPHRA,UCpXBGqwsBkpvcYjsJBQ7LEQ,Critical Role,large,How to Play Daggerheart | Open Beta,2024-03-12 15:01:23+00:00,979,503253,20124,1084,False,0.04214182528469776,16.3,under_60,2024,2024-03,754,667.44
In_5yOJJSbU,UCpXBGqwsBkpvcYjsJBQ7LEQ,Critical Role,large,"Arrival at Kreviris | Critical Role | Campaign 3, Episode 87",2024-03-08 02:55:06+00:00,15694,1218841,21686,1274,False,0.01883756782057709,261.6,180_plus,2024,2024-03,758,1607.97
nSVjbZOTjOU,UCpXBGqwsBkpvcYjsJBQ7LEQ,Critical Role,large,Caper Cards | More-Sided Dive | 4SDE21,2024-03-06 20:00:18+00:00,1863,103338,3874,129,False,0.03873696026631055,31.0,under_60,2024,2024-03,760,135.97
Ms-x1qHoU0U,UCpXBGqwsBkpvcYjsJBQ7LEQ,Critical Role,large,Foundation | MIDST | Season 3 Episode 4,2024-03-06 18:00:19+00:00,1623,31714,2116,108,False,0.0701267578987198,27.0,under_60,2024,2024-03,760,41.73
A9mxIQidGd4,UCpXBGqwsBkpvcYjsJBQ7LEQ,Critical Role,large,Feat Fetishes | 4-Sided Dive | Episode 21: Discussing Up To C3E86,2024-03-06 08:00:03+00:00,5324,239727,8102,636,False,0.03644979497511753,88.7,60_to_120,2024,2024-03,760,315.43
YxxQgGmDR-g,UCpXBGqwsBkpvcYjsJBQ7LEQ,Critical Role,large,Candela Obscura: The Circle of The Crimson Mirror | Episode 1 | Seeking Serenity,2024-03-04 20:00:11+00:00,17671,292142,7197,449,False,0.026172203928226685,294.5,180_plus,2024,2024-03,762,383.39
NuPoBbI77gE,UCpXBGqwsBkpvcYjsJBQ7LEQ,Critical Role,large,Change | MIDST | Season 3 Episode 3,2024-02-28 18:00:12+00:00,1472,34287,2051,143,False,0.06398926706915158,24.5,under_60,2024,2024-02,767,44.7
PRZniVnEioQ,UCpXBGqwsBkpvcYjsJBQ7LEQ,Critical Role,large,"Doorways to Darker Depths | Critical Role | Campaign 3, Episode 86",2024-02-26 20:00:13+00:00,14331,1356108,22470,1366,False,0.0175767711716176,238.8,180_plus,2024,2024-02,769,1763.47
qQTupT0-H3g,UCpXBGqwsBkpvcYjsJBQ7LEQ,Critical Role,large,Breakfast | MIDST | Season 3 Episode 2,2024-02-21 18:00:34+00:00,919,32776,1875,94,False,0.060074444715645596,15.3,under_60,2024,2024-02,774,42.35
qTo0Q7gbhcQ,UCpXBGqwsBkpvcYjsJBQ7LEQ,Critical Role,large,"Intense Interrogations | Critical Role | Campaign 3, Episode 85",2024-02-19 20:00:30+00:00,12589,1067961,20991,1289,False,0.020862185042337687,209.8,180_plus,2024,2024-02,776,1376.24
FZy-Q5F4ygk,UCpXBGqwsBkpvcYjsJBQ7LEQ,Critical Role,large,Imbalance | MIDST | Season 3 Episode 1,2024-02-14 18:00:08+00:00,1247,43916,2358,154,False,0.05720010929957191,20.8,under_60,2024,2024-02,781,56.23
UQAsrol9FM4,UCpXBGqwsBkpvcYjsJBQ7LEQ,Critical Role,large,"Red Rural Revelations | Critical Role | Campaign 3, Episode 84",2024-02-12 20:00:14+00:00,13940,1317880,21508,995,False,0.017075151000091056,232.3,180_plus,2024,2024-02,783,1683.12
L_NkShAbP-s,UCpXBGqwsBkpvcYjsJBQ7LEQ,Critical Role,large,Midst Season 2 Roundtable Discussion w/ Sam & Marisha,2024-02-09 18:00:10+00:00,3757,38529,1680,100,False,0.04619896701186119,62.6,60_to_120,2024,2024-02,786,49.02
oqEZcShal1s,UCpXBGqwsBkpvcYjsJBQ7LEQ,Critical Role,large,Crafting a Mystery with Aabria Iyengar | Candela Obscura,2024-02-06 18:00:23+00:00,971,40392,2420,116,False,0.06278470984353338,16.2,under_60,2024,2024-02,789,51.19
XFRu0oNpQaE,UCpXBGqwsBkpvcYjsJBQ7LEQ,Critical Role,large,"Ruidus | Critical Role | Campaign 3, Episode 83",2024-02-05 20:00:19+00:00,14051,1324989,22461,1217,False,0.017870337036760307,234.2,180_plus,2024,2024-02,790,1677.2
DoimgDfA6AM,UCpXBGqwsBkpvcYjsJBQ7LEQ,Critical Role,large,Creating Characters for Candela Obscura: Tide & Bone,2024-01-30 18:00:10+00:00,5713,96481,3750,281,False,0.04178024688798831,95.2,60_to_120,2024,2024-01,796,121.21
K4qKDAXQxBU,UCpXBGqwsBkpvcYjsJBQ7LEQ,Critical Role,large,Candela Obscura: Tide & Bone | Episode 3 | Candles in the Dark,2024-01-29 20:00:06+00:00,17128,138525,3762,409,False,0.03011008843169103,285.5,180_plus,2024,2024-01,797,173.81
3kGyyTzrUCc,UCpXBGqwsBkpvcYjsJBQ7LEQ,Critical Role,large,Critical Role: Sick Day | Creating Our Characters with Baldur's Gate 3!,2024-01-22 20:00:01+00:00,6861,1234278,30875,1398,False,0.026147269901918367,114.4,60_to_120,2024,2024-01,804,1535.17
WKK1ztwdpP0,UCpXBGqwsBkpvcYjsJBQ7LEQ,Critical Role,large,Episode Twenty | 4-Sided Dive | Episode 20: Discussing Up To C3E82,2024-01-17 20:00:21+00:00,9099,304384,9355,1280,False,0.034939418629100084,151.6,120_to_180,2024,2024-01,809,376.25
nYJizUv8yk8,UCpXBGqwsBkpvcYjsJBQ7LEQ,Critical Role,large,MIDST | Exposed | Season 2 Episode 19,2024-01-17 18:00:26+00:00,2178,40341,2498,195,False,0.06675590590218389,36.3,under_60,2024,2024-01,809,49.87
2tQnOnK9hPA,UCpXBGqwsBkpvcYjsJBQ7LEQ,Critical Role,large,"Rush for the Bloody Bridge | Critical Role | Campaign 3, Episode 82",2024-01-15 20:00:00+00:00,15581,1270705,23407,1258,False,0.01941048473091709,259.7,180_plus,2024,2024-01,811,1566.84
kE1aIcIv6E0,UCpXBGqwsBkpvcYjsJBQ7LEQ,Critical Role,large,MIDST | Boss | Season 2 Episode 18,2024-01-10 18:00:21+00:00,1421,41028,2203,112,False,0.05642488056936726,23.7,under_60,2024,2024-01,816,50.28
dWzx2cKKRac,UCpXBGqwsBkpvcYjsJBQ7LEQ,Critical Role,large,Candela Obscura: Tide & Bone | Episode 2 | The Guardian of Groundswell,2024-01-08 20:00:13+00:00,13746,176943,4273,257,False,0.025601464878520202,229.1,180_plus,2024,2024-01,818,216.31
tLwKtLiVdrU,UCpXBGqwsBkpvcYjsJBQ7LEQ,Critical Role,large,MIDST | Compensation | Season 2 Episode 17,2024-01-03 18:00:27+00:00,1738,41904,2250,101,False,0.05610442917143948,29.0,under_60,2024,2024-01,823,50.92
YP3pzBMyk0M,UCpXBGqwsBkpvcYjsJBQ7LEQ,Critical Role,large,"The Eve of the Red Moon | Critical Role | Campaign 3, Episode 81",2023-12-25 20:00:14+00:00,12967,1230402,23491,1365,False,0.02020152763080684,216.1,180_plus,2023,2023-12,832,1478.85
07RDNb98k-w,UCpXBGqwsBkpvcYjsJBQ7LEQ,Critical Role,large,"A Test of Trust | Critical Role | Campaign 3, Episode 80",2023-12-18 20:00:00+00:00,13843,1301351,25083,1207,False,0.020202082297550775,230.7,180_plus,2023,2023-12,839,1551.07
Isa8PLNMWpw,UCpXBGqwsBkpvcYjsJBQ7LEQ,Critical Role,large,MIDST | Blood Ties | Season 2 Episode 16,2023-12-13 18:00:07+00:00,1643,42259,2188,178,False,0.05598807354646348,27.4,under_60,2023,2023-12,844,50.07
w-mXett_v6o,UCpXBGqwsBkpvcYjsJBQ7LEQ,Critical Role,large,"To Hurt Is to Heal | Critical Role | Campaign 3, Episode 79",2023-12-11 20:00:30+00:00,14359,1407031,27245,1933,False,0.020737282973864825,239.3,180_plus,2023,2023-12,846,1663.16
IQnaCLXEU0E,UCpXBGqwsBkpvcYjsJBQ7LEQ,Critical Role,large,Shard Candy | 4-Sided Dive | Episode 19: Discussing Up To C3E78,2023-12-06 20:00:12+00:00,9497,475172,11399,1004,False,0.026102127229718924,158.3,120_to_180,2023,2023-12,851,558.37
z1k8BxMsjAI,UCpXBGqwsBkpvcYjsJBQ7LEQ,Critical Role,large,MIDST | Truth | Season 2 Episode 15,2023-12-06 18:00:35+00:00,1211,37660,2211,141,False,0.06245353159851301,20.2,under_60,2023,2023-12,851,44.25
lHwiIb-PHBM,UCpXBGqwsBkpvcYjsJBQ7LEQ,Critical Role,large,Candela Obscura: Tide & Bone | Episode 1 | The Antiquarian,2023-12-04 20:00:23+00:00,15916,367611,9058,711,False,0.0265742864060107,265.3,180_plus,2023,2023-12,853,430.96
1rAp9263bs4,UCpXBGqwsBkpvcYjsJBQ7LEQ,Critical Role,large,Choose Their Adventure...Again! Critical Role Foundation One-Shot to Benefit Red Nose Day,2023-11-29 20:00:01+00:00,8934,374471,9245,611,False,0.026319795124322042,148.9,120_to_180,2023,2023-11,858,436.45
bdwWlKo5b2U,UCpXBGqwsBkpvcYjsJBQ7LEQ,Critical Role,large,MIDST | Imago | Season 2 Episode 14,2023-11-29 18:00:20+00:00,1794,39902,2428,156,False,0.06475865871384894,29.9,under_60,2023,2023-11,858,46.51
IKmcF0TrxY4,UCpXBGqwsBkpvcYjsJBQ7LEQ,Critical Role,large,Queen by Midnight: Let's Build the Clocktower & Rebox the Game!,2023-11-22 17:00:14+00:00,904,27829,830,40,False,0.031262352222501705,15.1,under_60,2023,2023-11,865,32.17
PyiefRe_gkE,UCpXBGqwsBkpvcYjsJBQ7LEQ,Critical Role,large,Crafting a Mystery with Spenser Starke | Candela Obscura,2023-11-21 17:00:30+00:00,850,51573,2414,99,False,0.048727047098287866,14.2,under_60,2023,2023-11,866,59.55
sD4AyM80HEo,UCpXBGqwsBkpvcYjsJBQ7LEQ,Critical Role,large,"Fractures | Critical Role | Campaign 3, Episode 78",2023-11-20 20:00:21+00:00,14442,1127876,24223,3018,False,0.024152477754646788,240.7,180_plus,2023,2023-11,867,1300.9
_zs-c67IOA4,UCpXBGqwsBkpvcYjsJBQ7LEQ,Critical Role,large,Persona 5 Tactica One-Shot,2023-11-18 20:00:14+00:00,15239,348697,10368,490,False,0.03113878238126511,254.0,180_plus,2023,2023-11,869,401.26
n2XOTK_j0cI,UCpXBGqwsBkpvcYjsJBQ7LEQ,Critical Role,large,MIDST | Inside | Season 2 Episode 13,2023-11-15 18:00:19+00:00,2459,43922,2758,347,False,0.07069350211738992,41.0,under_60,2023,2023-11,872,50.37
c19OqYrGq4A,UCpXBGqwsBkpvcYjsJBQ7LEQ,Critical Role,large,Creating Characters for Candela Obscura: Needle & Thread,2023-11-14 20:00:13+00:00,5133,161886,6022,299,False,0.03904599533004707,85.6,60_to_120,2023,2023-11,873,185.44
VgXuije9ahI,UCpXBGqwsBkpvcYjsJBQ7LEQ,Critical Role,large,"The Promise and the Price | Critical Role | Campaign 3, Episode 77",2023-11-13 20:00:14+00:00,16207,1345982,27077,3261,False,0.022539677350811527,270.1,180_plus,2023,2023-11,874,1540.03
Wsz2cYlqQSY,UCpXBGqwsBkpvcYjsJBQ7LEQ,Critical Role,large,Anxiety Game Gauntlet | 4-Sided Dive | Episode 18: Discussing Up To C3E76,2023-11-08 20:00:23+00:00,7844,366438,10351,943,False,0.030821039302692407,130.7,120_to_180,2023,2023-11,879,416.88
HejtpyD4KQs,UCpXBGqwsBkpvcYjsJBQ7LEQ,Critical Role,large,MIDST | Lazaretto | Season 2 Episode 12,2023-11-08 18:00:15+00:00,1571,35964,2138,114,False,0.06261817372928484,26.2,under_60,2023,2023-11,879,40.91
L-e3nnUSI1w,UCpXBGqwsBkpvcYjsJBQ7LEQ,Critical Role,large,Candela Obscura: Needle & Thread | Episode 3 | Broken Path,2023-11-06 20:00:07+00:00,22393,338364,7906,777,False,0.02566171342104952,373.2,180_plus,2023,2023-11,881,384.07
l87SC2mt7Vg,UCpXBGqwsBkpvcYjsJBQ7LEQ,Critical Role,large,MIDST | Buddies | Season 2 Episode 11,2023-11-01 17:00:43+00:00,1472,41299,2192,100,False,0.05549771180900264,24.5,under_60,2023,2023-11,886,46.61
-RAmTSX8Ef8,UCpXBGqwsBkpvcYjsJBQ7LEQ,Critical Role,large,The Mighty Nein Reunion: Echoes of the Solstice | Live from London!,2023-10-30 19:00:00+00:00,16993,1265061,34563,2713,False,0.029465772796726797,283.2,180_plus,2023,2023-10,888,1424.62
dhSXBcoeGsE,UCpXBGqwsBkpvcYjsJBQ7LEQ,Critical Role,large,MIDST | Oversight | Season 2 Episode 10,2023-10-25 17:00:31+00:00,1647,43805,2144,117,False,0.05161511243008789,27.4,under_60,2023,2023-10,893,49.05
wqmxUfHoc6I,UCpXBGqwsBkpvcYjsJBQ7LEQ,Critical Role,large,"A Gathering of Heroes | Critical Role | Campaign 3, Episode 76",2023-10-23 19:00:33+00:00,14465,1288635,26075,1761,False,0.0216011516061569,241.1,180_plus,2023,2023-10,895,1439.82
yulrl0YnPZs,UCpXBGqwsBkpvcYjsJBQ7LEQ,Critical Role,large,MIDST | Crossroads | Season 2 Episode 9,2023-10-19 00:51:54+00:00,1665,45469,2228,92,False,0.051023774439728165,27.8,under_60,2023,2023-10,900,50.52
2vJ4d8xRt7E,UCpXBGqwsBkpvcYjsJBQ7LEQ,Critical Role,large,"An Ancient Flame | Critical Role | Campaign 3, Episode 75",2023-10-16 19:00:01+00:00,14127,1334197,24530,1891,False,0.019802922656849027,235.4,180_plus,2023,2023-10,902,1479.15
WGchDPSs38k,UCpXBGqwsBkpvcYjsJBQ7LEQ,Critical Role,large,MIDST | Wake | Season 2 Episode 8,2023-10-11 17:00:16+00:00,1387,43293,2403,172,False,0.05947843762271037,23.1,under_60,2023,2023-10,907,47.73
c-gXWKcQy5s,UCpXBGqwsBkpvcYjsJBQ7LEQ,Critical Role,large,"Roots Between Worlds | Critical Role | Campaign 3, Episode 74",2023-10-09 19:00:16+00:00,13628,1344569,23347,1183,False,0.018243764358690406,227.1,180_plus,2023,2023-10,909,1479.17
yE5L_FV3Mpk,UCpXBGqwsBkpvcYjsJBQ7LEQ,Critical Role,large,Night of the Living Bits | 4-Sided Dive | Episode 17: Discussing Up To C3E73,2023-10-04 19:00:31+00:00,7613,336868,8762,675,False,0.028013940178348788,126.9,120_to_180,2023,2023-10,914,368.56
3qmkQqcCIDM,UCpXBGqwsBkpvcYjsJBQ7LEQ,Critical Role,large,MIDST | Security | Season 2 Episode 7,2023-10-04 17:00:02+00:00,1358,38764,2267,115,False,0.06144876689712104,22.6,under_60,2023,2023-10,914,42.41
SnkjFhlhxwc,UCpXBGqwsBkpvcYjsJBQ7LEQ,Critical Role,large,Candela Obscura: Needle & Thread | Episode 2 | Flesh and Blood,2023-10-02 19:00:15+00:00,14496,350499,8419,617,False,0.025780387390548904,241.6,180_plus,2023,2023-10,916,382.64
zXpsRJpZH1A,UCpXBGqwsBkpvcYjsJBQ7LEQ,Critical Role,large,MIDST | Tinderbox | Season 2 Episode 6,2023-09-27 17:00:46+00:00,1301,43215,2584,164,False,0.06358903158625477,21.7,under_60,2023,2023-09,921,46.92
Cmkws6AQj4k,UCpXBGqwsBkpvcYjsJBQ7LEQ,Critical Role,large,"Kindling the Spirits | Critical Role | Campaign 3, Episode 73",2023-09-25 19:00:06+00:00,16046,1420364,25654,1642,False,0.01921760900726856,267.4,180_plus,2023,2023-09,923,1538.86
IttkDREc-PI,UCpXBGqwsBkpvcYjsJBQ7LEQ,Critical Role,large,Mortal Kombat 1 One-Shot | Sindel Vs. The Realms,2023-09-21 17:00:11+00:00,14141,420237,11146,577,False,0.027896163355439905,235.7,180_plus,2023,2023-09,927,453.33
hAzE0uOdZdk,UCpXBGqwsBkpvcYjsJBQ7LEQ,Critical Role,large,MIDST | Sugarcoat | Season 2 Episode 5,2023-09-20 17:00:28+00:00,1869,45986,2404,186,False,0.0563214891488714,31.2,under_60,2023,2023-09,928,49.55
8TlZPoR442Q,UCpXBGqwsBkpvcYjsJBQ7LEQ,Critical Role,large,"Phantasmal Parley | Critical Role | Campaign 3, Episode 72",2023-09-18 19:00:03+00:00,14103,1477174,24521,1325,False,0.01749692317898907,235.0,180_plus,2023,2023-09,930,1588.36
ODcL1mrNCmo,UCpXBGqwsBkpvcYjsJBQ7LEQ,Critical Role,large,Let's Play Queen by Midnight!,2023-09-14 17:00:23+00:00,10624,208652,5816,320,False,0.029407817801890227,177.1,120_to_180,2023,2023-09,934,223.4
xFUa0lCgfFY,UCpXBGqwsBkpvcYjsJBQ7LEQ,Critical Role,large,MIDST | Weather | Season 2 Episode 4,2023-09-13 17:00:40+00:00,1493,44629,2912,252,False,0.07089560599610119,24.9,under_60,2023,2023-09,935,47.73
gV68IKU2k78,UCpXBGqwsBkpvcYjsJBQ7LEQ,Critical Role,large,"Mist and Whimsy | Critical Role | Campaign 3, Episode 71",2023-09-11 19:00:30+00:00,15472,1444606,24994,1348,False,0.018234729746380674,257.9,180_plus,2023,2023-09,937,1541.74
VWnIcFyqDMI,UCpXBGqwsBkpvcYjsJBQ7LEQ,Critical Role,large,Kiss and Tell | 4-Sided Dive | Episode 16: Discussing Up To C3E70,2023-09-06 19:00:12+00:00,8043,460478,12314,1105,False,0.029141457355183094,134.0,120_to_180,2023,2023-09,942,488.83
AjguM1duCMU,UCpXBGqwsBkpvcYjsJBQ7LEQ,Critical Role,large,MIDST | Stalemate | Season 2 Episode 3,2023-09-06 17:00:10+00:00,843,41274,2468,140,False,0.0631874788002132,14.0,under_60,2023,2023-09,942,43.82
lx2XboDog04,UCpXBGqwsBkpvcYjsJBQ7LEQ,Critical Role,large,Candela Obscura: Needle & Thread | Episode 1 | Eye for an Eye,2023-09-04 19:00:17+00:00,16586,800111,17103,1491,False,0.023239275550517365,276.4,180_plus,2023,2023-09,944,847.58
Ekg5ToDCqwo,UCpXBGqwsBkpvcYjsJBQ7LEQ,Critical Role,large,MIDST | Ascendancy | Season 2 Episode 2,2023-08-30 17:00:18+00:00,858,46728,2476,177,False,0.0567753809279233,14.3,under_60,2023,2023-08,949,49.24
DDQPNiXiytY,UCpXBGqwsBkpvcYjsJBQ7LEQ,Critical Role,large,"Embattled in Bassuras | Critical Role | Campaign 3, Episode 70",2023-08-28 19:00:04+00:00,16706,1515747,25091,1346,False,0.01744156511607808,278.4,180_plus,2023,2023-08,951,1593.85
2nxAjw1mQkA,UCpXBGqwsBkpvcYjsJBQ7LEQ,Critical Role,large,MIDST | Shelter | Season 2 Episode 1,2023-08-23 17:00:02+00:00,1158,69766,3433,253,False,0.052833758564343664,19.3,under_60,2023,2023-08,956,72.98
s0iuLHM6XXM,UCpXBGqwsBkpvcYjsJBQ7LEQ,Critical Role,large,"Nice | Critical Role | Campaign 3, Episode 69",2023-08-21 19:00:26+00:00,14276,1543213,27890,2077,False,0.019418576696800766,237.9,180_plus,2023,2023-08,958,1610.87
OiaZqXRbjI0,UCpXBGqwsBkpvcYjsJBQ7LEQ,Critical Role,large,Sam & Marisha Meet the Creators of Midst! (Midst Roundtable),2023-08-18 17:00:15+00:00,4020,87767,3603,279,False,0.0442307473196076,67.0,60_to_120,2023,2023-08,961,91.33
pk8L-X0S_6g,UCpXBGqwsBkpvcYjsJBQ7LEQ,Critical Role,large,"For The Tempest | Critical Role | Campaign 3, Episode 68",2023-08-14 19:00:20+00:00,13707,1509640,25982,1573,False,0.018252696006995046,228.4,180_plus,2023,2023-08,965,1564.39
pOIxIVHZZSw,UCpXBGqwsBkpvcYjsJBQ7LEQ,Critical Role,large,Creating Characters for Candela Obscura: Vassal & Veil,2023-08-11 17:00:36+00:00,4033,410614,11706,425,False,0.02954356159312639,67.2,60_to_120,2023,2023-08,968,424.19
SAzuaZkKCFI,UCpXBGqwsBkpvcYjsJBQ7LEQ,Critical Role,large,Crafting a Mystery with Matthew Mercer | Candela Obscura,2023-08-11 17:00:28+00:00,802,108664,5367,116,False,0.050458293455054114,13.4,under_60,2023,2023-08,968,112.26
mRhqpSO_QZg,UCpXBGqwsBkpvcYjsJBQ7LEQ,Critical Role,large,Candela Obscura: Vassal & Veil | Episode 3 | The Collectors,2023-08-10 19:00:21+00:00,18114,457375,10245,541,False,0.023582399562722057,301.9,180_plus,2023,2023-08,969,472.01
1gdIdIVliz8,UCpXBGqwsBkpvcYjsJBQ7LEQ,Critical Role,large,"Bloody Flowers | Critical Role | Campaign 3, Episode 67",2023-08-07 19:00:01+00:00,17252,1589048,27162,1785,False,0.018216567403879554,287.5,180_plus,2023,2023-08,972,1634.82
sc8glkZXOKg,UCpXBGqwsBkpvcYjsJBQ7LEQ,Critical Role,large,"Why, Matthew?! Why? | 4-Sided Dive | Episode 15: Discussing Up To C3E66",2023-08-02 19:00:17+00:00,7934,477687,11662,823,False,0.02613636125747613,132.2,120_to_180,2023,2023-08,977,488.93
0jRm7f8OpZ8,UCpXBGqwsBkpvcYjsJBQ7LEQ,Critical Role,large,MIDST | Moonfall | Season 1 Episode 19,2023-08-02 17:00:00+00:00,1809,52179,3032,191,False,0.061768144272600085,30.2,under_60,2023,2023-08,977,53.41
0wfzPuqRYt8,UCpXBGqwsBkpvcYjsJBQ7LEQ,Critical Role,large,San Diego Comic-Con 2023 | Critical Role: Fireside Chat & Cast Q&A,2023-07-31 19:00:02+00:00,3477,409822,14898,663,False,0.037970143135312405,58.0,under_60,2023,2023-07,979,418.61
dVbmae5qalo,UCpXBGqwsBkpvcYjsJBQ7LEQ,Critical Role,large,San Diego Comic-Con 2023 | Critical Role: Making Candela Obscura!,2023-07-28 17:00:22+00:00,3510,133903,5783,308,False,0.045488151871130596,58.5,under_60,2023,2023-07,982,136.36
0bza-jqskD4,UCpXBGqwsBkpvcYjsJBQ7LEQ,Critical Role,large,MIDST | A Good Man | Season 1 Episode 18,2023-07-26 17:00:00+00:00,1454,50303,2778,225,False,0.05969822873387273,24.2,under_60,2023,2023-07,984,51.12
TduTeQVMwjw,UCpXBGqwsBkpvcYjsJBQ7LEQ,Critical Role,large,"Aid of the Tempest | Critical Role | Campaign 3, Episode 66",2023-07-24 19:00:11+00:00,17010,1634647,26827,1661,False,0.017427615870582457,283.5,180_plus,2023,2023-07,986,1657.86
BqIojN6hOek,UCpXBGqwsBkpvcYjsJBQ7LEQ,Critical Role,large,MIDST | Convergence | Season 1 Episode 17,2023-07-19 17:00:05+00:00,1007,48670,2338,127,False,0.050647215944113415,16.8,under_60,2023,2023-07,991,49.11
uDeMunAHgL4,UCpXBGqwsBkpvcYjsJBQ7LEQ,Critical Role,large,"A Path of Vengeance | Critical Role | Campaign 3, Episode 65",2023-07-17 19:00:32+00:00,14841,1522242,28923,2751,False,0.020807466881087238,247.4,180_plus,2023,2023-07,993,1532.97
XBz2gf2Li1c,UCpXBGqwsBkpvcYjsJBQ7LEQ,Critical Role,large,Candela Obscura: Vassal & Veil | Episode 2 | Ravage of Red Lamp,2023-07-13 19:00:25+00:00,15502,688408,14695,739,False,0.022419844045972737,258.4,180_plus,2023,2023-07,997,690.48
h00_5Jtjmb8,UCpXBGqwsBkpvcYjsJBQ7LEQ,Critical Role,large,A Very Special Six-Sided Dive | 4-Sided Dive | Episode 14: Discussing Up To C3E64,2023-07-12 19:00:31+00:00,8989,566063,14123,1040,False,0.02678677108378396,149.8,120_to_180,2023,2023-07,998,567.2
WSP-c1BMuAU,UCpXBGqwsBkpvcYjsJBQ7LEQ,Critical Role,large,MIDST | Garage Sale | Season 1 Episode 16,2023-07-12 17:00:29+00:00,782,41959,2342,135,False,0.05903381872780571,13.0,under_60,2023,2023-07,998,42.04
voL2H0vLPm4,UCpXBGqwsBkpvcYjsJBQ7LEQ,Critical Role,large,"Reunited | Critical Role | Campaign 3, Episode 64",2023-07-10 19:00:23+00:00,15381,1507628,29940,1954,False,0.021155086002647868,256.4,180_plus,2023,2023-07,1000,1507.63
ppnvtwH93a0,UCpXBGqwsBkpvcYjsJBQ7LEQ,Critical Role,large,MIDST | Accounting | Season 1 Episode 15,2023-07-05 17:00:27+00:00,1335,49552,2641,127,False,0.05586051017113335,22.2,under_60,2023,2023-07,1005,49.31
qSRWYaOCKsA,UCpXBGqwsBkpvcYjsJBQ7LEQ,Critical Role,large,MIDST | Remains | Season 1 Episode 14,2023-06-28 17:00:26+00:00,1073,51801,2664,104,False,0.05343526186753152,17.9,under_60,2023,2023-06,1012,51.19
2h6W3XmAgG0,UCpXBGqwsBkpvcYjsJBQ7LEQ,Critical Role,large,"A Haunted Past | Critical Role | Campaign 3, Episode 63",2023-06-26 19:00:03+00:00,14726,1343810,27894,2303,False,0.02247118268207559,245.4,180_plus,2023,2023-06,1014,1325.26
CXdMnAoflnA,UCpXBGqwsBkpvcYjsJBQ7LEQ,Critical Role,large,MIDST | Loose End | Season 1 Episode 13,2023-06-21 17:00:09+00:00,1513,55715,2871,108,False,0.05346854527506058,25.2,under_60,2023,2023-06,1019,54.68
5d76B2G57xM,UCpXBGqwsBkpvcYjsJBQ7LEQ,Critical Role,large,"A Long Walk of Reflection | Critical Role | Campaign 3, Episode 62",2023-06-19 19:00:02+00:00,13425,1593927,25557,1753,False,0.01713378341668094,223.8,180_plus,2023,2023-06,1021,1561.14
ufDt_VbvEak,UCpXBGqwsBkpvcYjsJBQ7LEQ,Critical Role,large,MIDST | Coda | Season 1 Episode 12,2023-06-14 17:00:37+00:00,1083,57959,3119,256,False,0.058230818337100365,18.0,under_60,2023,2023-06,1026,56.49
ijHmbdl3uYw,UCpXBGqwsBkpvcYjsJBQ7LEQ,Critical Role,large,"Crisis of Faith | Critical Role | Campaign 3, Episode 61",2023-06-12 19:00:15+00:00,17577,1646262,27020,2267,False,0.017789999404712008,293.0,180_plus,2023,2023-06,1028,1601.42
V5uaLTXnGP0,UCpXBGqwsBkpvcYjsJBQ7LEQ,Critical Role,large,Candela Obscura: Vassal & Veil | Episode 1 | The Cold Embrace,2023-06-08 19:00:22+00:00,13057,1823893,39463,1772,False,0.022608234145314446,217.6,180_plus,2023,2023-06,1032,1767.34
euT_Rzl2VkA,UCpXBGqwsBkpvcYjsJBQ7LEQ,Critical Role,large,Wrong Distance Relationships | 4-Sided Dive | Episode 13: Discussing Up To C3E60,2023-06-07 19:00:22+00:00,8859,467775,10791,778,False,0.024731975843086954,147.6,120_to_180,2023,2023-06,1033,452.83
8_lOZW6Zy6c,UCpXBGqwsBkpvcYjsJBQ7LEQ,Critical Role,large,MIDST | Descent | Season 1 Episode 11,2023-06-07 17:00:03+00:00,1132,52593,2743,113,False,0.054303804688836915,18.9,under_60,2023,2023-06,1033,50.91
nEQH5tYMFxk,UCpXBGqwsBkpvcYjsJBQ7LEQ,Critical Role,large,"Faith or Famine | Critical Role | Campaign 3, Episode 60",2023-06-05 19:00:30+00:00,15199,1685233,27615,1830,False,0.01747236138860324,253.3,180_plus,2023,2023-06,1035,1628.24
8SbKt0jcX-I,UCpXBGqwsBkpvcYjsJBQ7LEQ,Critical Role,large,"The Legend of Zelda One-Shot | Lookout, Here We Come!",2023-06-01 19:00:02+00:00,18302,1003292,26807,1389,False,0.028103483332868197,305.0,180_plus,2023,2023-06,1039,965.63
DP_r9fwcZa4,UCpXBGqwsBkpvcYjsJBQ7LEQ,Critical Role,large,MIDST | Trust | Season 1 Episode 10,2023-05-31 17:00:07+00:00,1073,59298,2991,189,False,0.05362744106040676,17.9,under_60,2023,2023-05,1040,57.02
lj3esbC29bE,UCpXBGqwsBkpvcYjsJBQ7LEQ,Critical Role,large,How To Play: Candela Obscura (Critical Role's New RPG),2023-05-25 16:00:34+00:00,371,467637,19921,1405,False,0.04560374820640796,6.2,under_60,2023,2023-05,1046,447.07
PEa_jPgtKhc,UCpXBGqwsBkpvcYjsJBQ7LEQ,Critical Role,large,MIDST | Convert | Season 1 Episode 9,2023-05-24 17:00:19+00:00,1593,67264,3021,112,False,0.04657766412940057,26.6,under_60,2023,2023-05,1047,64.24
22phdGcSO6k,UCpXBGqwsBkpvcYjsJBQ7LEQ,Critical Role,large,"Somewhere Out There | Critical Role | Campaign 3, Episode 59",2023-05-22 19:00:02+00:00,15012,1679785,31084,2548,False,0.020021609908410898,250.2,180_plus,2023,2023-05,1049,1601.32
NL4txBqjKhE,UCpXBGqwsBkpvcYjsJBQ7LEQ,Critical Role,large,Wildemount Things | 4-Sided Dive | Episode 12: Discussing Up To C3E58,2023-05-17 19:00:10+00:00,6300,374531,10376,574,False,0.02923656519754039,105.0,60_to_120,2023,2023-05,1054,355.34
lT93cfN_XEI,UCpXBGqwsBkpvcYjsJBQ7LEQ,Critical Role,large,MIDST | Gala | Season 1 Episode 8,2023-05-17 17:00:29+00:00,1961,69741,3220,136,False,0.04812090448946817,32.7,under_60,2023,2023-05,1054,66.17
w0Z2GDuHaog,UCpXBGqwsBkpvcYjsJBQ7LEQ,Critical Role,large,"Escape From The Past | Critical Role | Campaign 3, Episode 58",2023-05-15 19:00:31+00:00,14662,1486932,29093,1821,False,0.020790459819278892,244.4,180_plus,2023,2023-05,1056,1408.08
srZcixGDLpE,UCpXBGqwsBkpvcYjsJBQ7LEQ,Critical Role,large,MIDST | Scry | Season 1 Episode 7,2023-05-10 17:00:37+00:00,1309,73044,3450,121,False,0.04888834127375281,21.8,under_60,2023,2023-05,1061,68.84
T5k_BurVhOE,UCpXBGqwsBkpvcYjsJBQ7LEQ,Critical Role,large,"The Sorrow of Molaesmyr | Critical Role | Campaign 3, Episode 57",2023-05-08 19:00:17+00:00,13053,1604241,27068,1554,False,0.017841458982783758,217.6,180_plus,2023,2023-05,1063,1509.16
hYXNLM_h2T4,UCpXBGqwsBkpvcYjsJBQ7LEQ,Critical Role,large,MIDST | Zero | Season 1 Episode 6,2023-05-03 17:00:20+00:00,1323,78509,3648,136,False,0.04819829573679451,22.0,under_60,2023,2023-05,1068,73.51
fOi8DFziIPo,UCpXBGqwsBkpvcYjsJBQ7LEQ,Critical Role,large,MIDST | Missions | Season 1 Episode 5,2023-04-26 17:00:34+00:00,1923,107275,4277,176,False,0.04151013749708692,32.0,under_60,2023,2023-04,1075,99.79
NLR-MQZYXIs,UCpXBGqwsBkpvcYjsJBQ7LEQ,Critical Role,large,"By Goat or By Boat | Critical Role | Campaign 3, Episode 56",2023-04-24 19:00:08+00:00,15039,1664377,29022,2079,False,0.0186862711993737,250.6,180_plus,2023,2023-04,1077,1545.38
_Ynl9weMWb8,UCpXBGqwsBkpvcYjsJBQ7LEQ,Critical Role,large,State of the Press | Darrington Press 2023 Announcements,2023-04-20 16:00:17+00:00,477,333070,19014,758,False,0.05936289668838382,8.0,under_60,2023,2023-04,1081,308.11
epZ6NGJemik,UCpXBGqwsBkpvcYjsJBQ7LEQ,Critical Role,large,MIDST | Fold | Season 1 Episode 4,2023-04-19 17:00:31+00:00,1284,107841,4641,131,False,0.04425033150656986,21.4,under_60,2023,2023-04,1082,99.67
LduZQAaJq4c,UCpXBGqwsBkpvcYjsJBQ7LEQ,Critical Role,large,"Hope Within History | Critical Role | Campaign 3, Episode 55",2023-04-17 19:00:12+00:00,12916,1660485,29098,2009,False,0.018733683231104165,215.3,180_plus,2023,2023-04,1084,1531.81
Ax0VXWxCCcQ,UCpXBGqwsBkpvcYjsJBQ7LEQ,Critical Role,large,Creator Clash 2: Marisha Ray,2023-04-15 22:01:43+00:00,755,586064,25391,1158,False,0.0453005132545251,12.6,under_60,2023,2023-04,1086,539.65
eOm3MH7Qa60,UCpXBGqwsBkpvcYjsJBQ7LEQ,Critical Role,large,MIDST | Mica | Season 1 Episode 3,2023-04-13 17:00:31+00:00,1495,125557,5602,198,False,0.04619415882826127,24.9,under_60,2023,2023-04,1088,115.4
wXk_oRTVcHM,UCpXBGqwsBkpvcYjsJBQ7LEQ,Critical Role,large,MIDST | Secrets | Season 1 Episode 2,2023-04-12 17:00:29+00:00,1490,170475,7493,333,False,0.04590702449039449,24.8,under_60,2023,2023-04,1089,156.54
4aDnSc9pcKI,UCpXBGqwsBkpvcYjsJBQ7LEQ,Critical Role,large,MIDST | Unrise | Season 1 Episode 1,2023-04-11 17:00:05+00:00,942,485601,18369,894,False,0.03966836971093552,15.7,under_60,2023,2023-04,1090,445.51
smuccdNGyQc,UCpXBGqwsBkpvcYjsJBQ7LEQ,Critical Role,large,"Treacherous Toys | Critical Role | Campaign 3, Episode 54",2023-04-10 19:00:20+00:00,15514,1718402,31171,1883,False,0.019235312808062375,258.6,180_plus,2023,2023-04,1091,1575.07
SktTMO4dFJc,UCpXBGqwsBkpvcYjsJBQ7LEQ,Critical Role,large,"Ripples | Critical Role | Campaign 3, Episode 53",2023-03-27 19:00:18+00:00,14566,1734248,30779,1798,False,0.01878451063515714,242.8,180_plus,2023,2023-03,1105,1569.46
Jo66UUVhE2w,UCpXBGqwsBkpvcYjsJBQ7LEQ,Critical Role,large,Previously On…| 4-Sided Dive | Episode 11: Discussing Up To C3E52,2023-03-22 19:00:06+00:00,9149,532119,12735,968,False,0.02575175853521487,152.5,120_to_180,2023,2023-03,1110,479.39
SbQku4wzMk8,UCpXBGqwsBkpvcYjsJBQ7LEQ,Critical Role,large,"Far From The Others | Critical Role | Campaign 3, Episode 52",2023-03-20 19:00:11+00:00,13716,2103600,33226,2315,False,0.01689532230462065,228.6,180_plus,2023,2023-03,1112,1891.73
SQIrVHIyPnw,UCpXBGqwsBkpvcYjsJBQ7LEQ,Critical Role,large,Exandria: An Intimate Appendix | Ruidus and the Gods,2023-03-16 17:00:15+00:00,327,298810,18779,972,False,0.0660988588065995,5.4,under_60,2023,2023-03,1116,267.75
i7GjrGmq_l4,UCpXBGqwsBkpvcYjsJBQ7LEQ,Critical Role,large,"The Apogee Solstice | Critical Role | Campaign 3, Episode 51",2023-03-13 19:21:46+00:00,16625,1896111,37442,3387,False,0.02153302206463651,277.1,180_plus,2023,2023-03,1119,1694.47
xxvAWGNgq3w,UCpXBGqwsBkpvcYjsJBQ7LEQ,Critical Role,large,"Red Moon Rising | Critical Role | Campaign 3, Episode 50",2023-03-06 20:00:20+00:00,13903,1930910,32636,1812,False,0.017840292918882807,231.7,180_plus,2023,2023-03,1126,1714.84
0_NVdZp8haA,UCpXBGqwsBkpvcYjsJBQ7LEQ,Critical Role,large,"The Aurora Grows | Critical Role | Campaign 3, Episode 49",2023-02-20 20:00:01+00:00,18106,2203811,33643,2744,False,0.01651094399655869,301.8,180_plus,2023,2023-02,1140,1933.17
ORUD8YqDp5E,UCpXBGqwsBkpvcYjsJBQ7LEQ,Critical Role,large,"The Legend of Vox Machina Season 2, Episodes 10-12 Q&A",2023-02-16 18:00:09+00:00,4458,181736,6051,389,False,0.035436017079720036,74.3,60_to_120,2023,2023-02,1144,158.86
wQGk9ZUIOUU,UCpXBGqwsBkpvcYjsJBQ7LEQ,Critical Role,large,"An Exit Most Fraught | Critical Role | Campaign 3, Episode 48",2023-02-13 20:00:31+00:00,14130,2339827,33450,1617,False,0.014987005449548193,235.5,180_plus,2023,2023-02,1147,2039.95
h-Df3BQ3FmM,UCpXBGqwsBkpvcYjsJBQ7LEQ,Critical Role,large,"The Legend of Vox Machina Season 2, Episodes 7-9 Q&A",2023-02-09 18:00:14+00:00,4091,211699,6973,515,False,0.0353709748274673,68.2,60_to_120,2023,2023-02,1151,183.93
yGzf-LmpWz8,UCpXBGqwsBkpvcYjsJBQ7LEQ,Critical Role,large,"The Fey Key | Critical Role | Campaign 3, Episode 47",2023-02-06 20:00:17+00:00,15621,2021696,31755,1749,False,0.01657222450853145,260.4,180_plus,2023,2023-02,1154,1751.9
2DWZO-J4zps,UCpXBGqwsBkpvcYjsJBQ7LEQ,Critical Role,large,"The Legend of Vox Machina Season 2, Episodes 4-6 Q&A",2023-02-02 18:00:03+00:00,3444,213509,6725,407,False,0.03340374410446398,57.4,under_60,2023,2023-02,1158,184.38
1knIHqLqThk,UCpXBGqwsBkpvcYjsJBQ7LEQ,Critical Role,large,"Night at the Ligament Manor | Critical Role | Campaign 3, Episode 46",2023-01-30 20:00:00+00:00,15527,2117285,33835,2055,False,0.016950953697778052,258.8,180_plus,2023,2023-01,1161,1823.67
1A2JVqUt1T8,UCpXBGqwsBkpvcYjsJBQ7LEQ,Critical Role,large,"The Legend of Vox Machina Season 2, Episodes 1-3 Q&A",2023-01-26 18:00:00+00:00,3855,288324,9398,643,False,0.034825404752986226,64.2,60_to_120,2023,2023-01,1165,247.49
IZ39H9H_y5Q,UCpXBGqwsBkpvcYjsJBQ7LEQ,Critical Role,large,#EverythingIsContent - Persona 3 Portable,2023-01-25 18:00:09+00:00,5301,111916,3672,250,False,0.03504414024804318,88.4,60_to_120,2023,2023-01,1166,95.98
7t2NJJjy8r8,UCpXBGqwsBkpvcYjsJBQ7LEQ,Critical Role,large,"Ominous Lectures | Critical Role | Campaign 3, Episode 45",2023-01-16 20:00:02+00:00,12903,1972892,35310,2309,False,0.019067946953000976,215.0,180_plus,2023,2023-01,1175,1679.06
nqXmeYBqF1c,UCpXBGqwsBkpvcYjsJBQ7LEQ,Critical Role,large,"Bawdy Basement Belligerence | Critical Role | Campaign 3, Episode 44",2023-01-09 20:00:21+00:00,13998,2140494,34739,2638,False,0.017461856935828832,233.3,180_plus,2023,2023-01,1182,1810.91
7gRiV02TWww,UCpXBGqwsBkpvcYjsJBQ7LEQ,Critical Role,large,To Be Continued! | 4-Sided Dive | Episode 10: Discussing Up To C3E43 & M9 Reunited,2023-01-04 20:00:02+00:00,6438,459443,12644,873,False,0.029420406883987785,107.3,60_to_120,2023,2023-01,1187,387.06
cGhVgjYSpIE,UCpXBGqwsBkpvcYjsJBQ7LEQ,Critical Role,large,"Axiom Shaken | Critical Role | Campaign 3, Episode 43",2022-12-26 20:00:16+00:00,15277,2161752,36221,1868,False,0.01761950492008334,254.6,180_plus,2022,2022-12,1196,1807.48
1OHsbXHMUs4,UCpXBGqwsBkpvcYjsJBQ7LEQ,Critical Role,large,"The City of Flowing Light | Critical Role | Campaign 3, Episode 42",2022-12-19 20:00:00+00:00,14010,2365866,37585,1981,False,0.016723685956854698,233.5,180_plus,2022,2022-12,1203,1966.64
NxtC8_zwg0U,UCpXBGqwsBkpvcYjsJBQ7LEQ,Critical Role,large,"Call of the Wild | Critical Role | Campaign 3, Episode 41",2022-12-12 20:00:06+00:00,14969,2132040,36882,2098,False,0.018282959043920376,249.5,180_plus,2022,2022-12,1210,1762.02
9H1_s8eTi6M,UCpXBGqwsBkpvcYjsJBQ7LEQ,Critical Role,large,That's Just Right | 4-Sided Dive | Episode 9: Discussing Up To C3E40 & The Mighty Nein Reunited,2022-12-07 20:00:03+00:00,7995,517363,13727,986,False,0.02843844650661141,133.2,120_to_180,2022,2022-12,1215,425.81
c5NsUbMoXxw,UCpXBGqwsBkpvcYjsJBQ7LEQ,Critical Role,large,The Mighty Nein Reunited: Part 2 | Uk'otoa Unleashed,2022-12-05 20:00:18+00:00,19179,1653674,32259,2357,False,0.020932783607893697,319.6,180_plus,2022,2022-12,1217,1358.81
XhkjjN7M0hk,UCpXBGqwsBkpvcYjsJBQ7LEQ,Critical Role,large,The Mighty Nein Reunited Part 1 | Unfinished Business,2022-11-21 19:00:27+00:00,16271,2358627,42072,2954,False,0.019089919686325986,271.2,180_plus,2022,2022-11,1231,1916.03
54lMQNp_HlE,UCpXBGqwsBkpvcYjsJBQ7LEQ,Critical Role,large,"Compulsions | Critical Role | Campaign 3, Episode 40",2022-11-14 20:00:01+00:00,14097,2333871,36640,2157,False,0.016623455195252865,235.0,180_plus,2022,2022-11,1238,1885.19
DUk3A5DvLFI,UCpXBGqwsBkpvcYjsJBQ7LEQ,Critical Role,large,Generation Nord One-Shot,2022-11-10 18:00:06+00:00,13957,677403,15837,1189,False,0.025134225859643373,232.6,180_plus,2022,2022-11,1242,545.41
WCLH6uLaH7c,UCpXBGqwsBkpvcYjsJBQ7LEQ,Critical Role,large,"The Momentum of Murder | Critical Role | Campaign 3, Episode 39",2022-11-07 20:00:10+00:00,12673,1987236,36422,2196,False,0.019433021543490556,211.2,180_plus,2022,2022-11,1245,1596.17
QcRUFOf_zqM,UCpXBGqwsBkpvcYjsJBQ7LEQ,Critical Role,large,Why Are You Like This?! | 4-Sided Dive | Episode 8: Discussing Up To C3E38,2022-11-02 19:00:19+00:00,6842,530788,15365,1290,False,0.031377875912793805,114.0,60_to_120,2022,2022-11,1250,424.63
U5mkmw46m4U,UCpXBGqwsBkpvcYjsJBQ7LEQ,Critical Role,large,"A Dark Balance | Critical Role | Campaign 3, Episode 38",2022-10-24 19:00:10+00:00,15590,2216015,41239,3441,False,0.020162318395859233,259.8,180_plus,2022,2022-10,1259,1760.14
bWHYmDFR84I,UCpXBGqwsBkpvcYjsJBQ7LEQ,Critical Role,large,"From the Boughs | Critical Role | Campaign 3, Episode 37",2022-10-17 19:00:13+00:00,15018,2071533,41888,2403,False,0.021380784182535348,250.3,180_plus,2022,2022-10,1266,1636.28
PZF5Mc1mjsk,UCpXBGqwsBkpvcYjsJBQ7LEQ,Critical Role,large,"A Desperate Call | Critical Role | Campaign 3, Episode 36",2022-10-10 19:00:19+00:00,15368,2173039,40706,2727,False,0.01998721606008912,256.1,180_plus,2022,2022-10,1273,1707.02
2eYIwQuZTYQ,UCpXBGqwsBkpvcYjsJBQ7LEQ,Critical Role,large,Fun Scary | 4-Sided Dive | Episode 7: Discussing Up To C3E35,2022-10-05 19:00:03+00:00,7640,676358,19062,1421,False,0.030284257745158628,127.3,120_to_180,2022,2022-10,1278,529.23
KrOolIMi7PM,UCpXBGqwsBkpvcYjsJBQ7LEQ,Critical Role,large,"Pyrrhic Return | Critical Role | Campaign 3, Episode 35",2022-09-26 19:00:06+00:00,16531,2430315,41388,3064,False,0.018290633107230957,275.5,180_plus,2022,2022-09,1287,1888.36
7A_sFLk6MAU,UCpXBGqwsBkpvcYjsJBQ7LEQ,Critical Role,large,"What Dreams May Come | Critical Role | Campaign 3, Episode 34",2022-09-19 19:00:03+00:00,13231,2268943,42166,4884,False,0.02073652797800562,220.5,180_plus,2022,2022-09,1294,1753.43
7INGKNNmJf8,UCpXBGqwsBkpvcYjsJBQ7LEQ,Critical Role,large,"Blood and Dust | Critical Role | Campaign 3, Episode 33",2022-09-12 19:00:07+00:00,14182,2398130,46822,6346,False,0.022170607932013694,236.4,180_plus,2022,2022-09,1301,1843.3
FVOBnV8JPNQ,UCpXBGqwsBkpvcYjsJBQ7LEQ,Critical Role,large,Liam Laudna-Hands | 4-Sided Dive | Episode 6: Discussing Up To C3E32,2022-09-07 19:00:05+00:00,6693,526153,14711,1410,False,0.030639376759231632,111.6,60_to_120,2022,2022-09,1306,402.87
dsoFNm3AFNw,UCpXBGqwsBkpvcYjsJBQ7LEQ,Critical Role,large,"A Stage Set | Critical Role | Campaign 3, Episode 32",2022-09-05 19:00:12+00:00,16470,2545323,41334,2319,False,0.017150279159069397,274.5,180_plus,2022,2022-09,1308,1945.97
z7DgP8sgM1A,UCpXBGqwsBkpvcYjsJBQ7LEQ,Critical Role,large,"Breaking Point | Critical Role | Campaign 3, Episode 31",2022-08-22 19:00:27+00:00,13962,2547674,45300,3683,False,0.019226557243980195,232.7,180_plus,2022,2022-08,1322,1927.14
wSx79hobKkk,UCpXBGqwsBkpvcYjsJBQ7LEQ,Critical Role,large,"Reunion & Revelation | Critical Role | Campaign 3, Episode 30",2022-08-15 19:00:23+00:00,13046,2441463,40560,2697,False,0.017717655356644765,217.4,180_plus,2022,2022-08,1329,1837.07
sB7XIlN0kWU,UCpXBGqwsBkpvcYjsJBQ7LEQ,Critical Role,large,From Dusk Till Faun | 4-Sided Dive | Episode 5: Discussing Up To C3E29,2022-08-10 19:00:31+00:00,7238,542875,15495,1136,False,0.03063504489983882,120.6,120_to_180,2022,2022-08,1334,406.95
Qu44OYKzNI4,UCpXBGqwsBkpvcYjsJBQ7LEQ,Critical Role,large,"Dark Portents | Critical Role | Campaign 3, Episode 29",2022-08-08 19:00:20+00:00,13008,2262461,41260,3094,False,0.01960431583130052,216.8,180_plus,2022,2022-08,1336,1693.46
2vxLX-xWcuY,UCpXBGqwsBkpvcYjsJBQ7LEQ,Critical Role,large,"Weird Magic | Crit Recap Animated | Campaign 2, Episodes 113-141",2022-08-03 17:00:04+00:00,468,327988,17903,971,False,0.05754478822395941,7.8,under_60,2022,2022-08,1341,244.58
yRU8xpnePOU,UCpXBGqwsBkpvcYjsJBQ7LEQ,Critical Role,large,San Diego Comic-Con 2022 - Critical Role Q&A Panel,2022-07-28 17:00:39+00:00,3536,472932,17996,1263,False,0.04072255630830648,58.9,under_60,2022,2022-07,1347,351.1
x_fsXdtsnOc,UCpXBGqwsBkpvcYjsJBQ7LEQ,Critical Role,large,"The Deathwish Run | Critical Role | Campaign 3, Episode 28",2022-07-25 19:00:33+00:00,16083,2349391,43615,3946,False,0.02024396960744295,268.0,180_plus,2022,2022-07,1350,1740.29
AG_niTgmRfY,UCpXBGqwsBkpvcYjsJBQ7LEQ,Critical Role,large,"A Race for the Prize | Critical Role | Campaign 3, Episode 27",2022-07-18 19:00:04+00:00,14476,2419155,40899,4347,False,0.018703224886375616,241.3,180_plus,2022,2022-07,1357,1782.72
EYK4_eRSSb4,UCpXBGqwsBkpvcYjsJBQ7LEQ,Critical Role,large,Exandria Unlimited: Calamity Wrap-Up,2022-07-13 19:00:05+00:00,6618,2083436,45079,2378,False,0.02277823748845657,110.3,60_to_120,2022,2022-07,1362,1529.69
UOWp-b9aoWQ,UCpXBGqwsBkpvcYjsJBQ7LEQ,Critical Role,large,"Hidden Truths | Critical Role | Campaign 3, Episode 26",2022-07-11 19:00:11+00:00,15025,2632781,43258,3102,False,0.017608756672127305,250.4,180_plus,2022,2022-07,1364,1930.19
3ITwciDqgy4,UCpXBGqwsBkpvcYjsJBQ7LEQ,Critical Role,large,Independent Witches | 4-Sided Dive | Episode 4: Discussing Up To C3E24 & Calamity,2022-07-06 19:00:02+00:00,7705,636504,17036,1254,False,0.02873509043148197,128.4,120_to_180,2022,2022-07,1369,464.94
J7nGbnHRwNA,UCpXBGqwsBkpvcYjsJBQ7LEQ,Critical Role,large,"A Taste of Tal'Dorei | Critical Role | Campaign 3, Episode 25",2022-07-04 19:00:12+00:00,15825,2967568,45646,3198,False,0.016459269004113805,263.8,180_plus,2022,2022-07,1371,2164.53
LmZSWKPXhZ4,UCpXBGqwsBkpvcYjsJBQ7LEQ,Critical Role,large,Game Masters of Exandria Roundtable,2022-06-29 17:00:21+00:00,6632,3178175,82238,4384,False,0.027255264420618753,110.5,60_to_120,2022,2022-06,1376,2309.72
dDQTNGvRH4Q,UCpXBGqwsBkpvcYjsJBQ7LEQ,Critical Role,large,A Familiar Problem: Sprinkle’s Incredible Journey!,2022-06-25 14:00:16+00:00,13746,840661,21016,2056,False,0.027445070010384685,229.1,180_plus,2022,2022-06,1380,609.17
CrtoyB2fcMI,UCpXBGqwsBkpvcYjsJBQ7LEQ,Critical Role,large,Fire and Ruin | Exandria Unlimited: Calamity | Episode 4,2022-06-20 19:00:04+00:00,22054,3187466,67500,8340,False,0.023793194970550276,367.6,180_plus,2022,2022-06,1385,2301.42
YNTP_CckXrM,UCpXBGqwsBkpvcYjsJBQ7LEQ,Critical Role,large,Blood and Shadow | Exandria Unlimited: Calamity | Episode 3,2022-06-13 19:00:10+00:00,19297,3078553,52568,4550,False,0.018553521735698558,321.6,180_plus,2022,2022-06,1392,2211.6
k2OymRmBCkE,UCpXBGqwsBkpvcYjsJBQ7LEQ,Critical Role,large,Fly Into The Danger Zone | 4-Sided Dive | Episode 3: Discussing Up To C3E24,2022-06-08 19:00:12+00:00,6159,648273,17577,1082,False,0.02878262707223654,102.6,60_to_120,2022,2022-06,1397,464.05
cLhXA_Hl6LM,UCpXBGqwsBkpvcYjsJBQ7LEQ,Critical Role,large,Bitterness and Dread | Exandria Unlimited: Calamity | Episode 2,2022-06-06 19:00:11+00:00,16677,3524288,58547,4333,False,0.017841901683403855,278.0,180_plus,2022,2022-06,1399,2519.15
KlIkkeWmVvA,UCpXBGqwsBkpvcYjsJBQ7LEQ,Critical Role,large,Excelsior | Exandria Unlimited: Calamity | Episode 1,2022-05-30 19:00:09+00:00,15047,6192018,116587,7250,False,0.01999945736591851,250.8,180_plus,2022,2022-05,1406,4404.0
z1wNcUDnoBk,UCpXBGqwsBkpvcYjsJBQ7LEQ,Critical Role,large,"The Hellcatch Valley | Critical Role | Campaign 3, Episode 24",2022-05-23 19:00:17+00:00,14134,3091370,45986,2955,False,0.015831492186312218,235.6,180_plus,2022,2022-05,1413,2187.81
rWZMRdLGBu0,UCpXBGqwsBkpvcYjsJBQ7LEQ,Critical Role,large,"To The Skies | Critical Role | Campaign 3, Episode 23",2022-05-16 19:00:13+00:00,15293,2920805,49701,3616,False,0.018254214163561072,254.9,180_plus,2022,2022-05,1420,2056.9
_BfMZwPg4iM,UCpXBGqwsBkpvcYjsJBQ7LEQ,Critical Role,large,"Promise and Potential | Critical Role | Campaign 3, Episode 22",2022-05-09 19:00:13+00:00,15666,3144281,49396,2858,False,0.0166187436809878,261.1,180_plus,2022,2022-05,1427,2203.42
y7E88AU9r5I,UCpXBGqwsBkpvcYjsJBQ7LEQ,Critical Role,large,Party of NPCs | 4-Sided Dive | Episode 2: Discussing Up to C3E21,2022-05-04 19:00:15+00:00,6434,698660,20767,1566,False,0.03196547676981651,107.2,60_to_120,2022,2022-05,1432,487.89
FdqcUTNHwyo,UCpXBGqwsBkpvcYjsJBQ7LEQ,Critical Role,large,Dignity: An Adventure with Stephen Colbert by Critical Role Foundation to Benefit Red Nose Day,2022-04-29 16:00:09+00:00,5076,1315210,39783,2227,False,0.03194166711019533,84.6,60_to_120,2022,2022-04,1437,915.25
4fK2wdBGCYo,UCpXBGqwsBkpvcYjsJBQ7LEQ,Critical Role,large,"Fight at the Museum… | Critical Role | Campaign 3, Episode 21",2022-04-25 19:00:02+00:00,13664,2827381,47937,2690,False,0.017905970224741555,227.7,180_plus,2022,2022-04,1441,1962.1
X9Bc-uuxCm4,UCpXBGqwsBkpvcYjsJBQ7LEQ,Critical Role,large,"Breaking and Entering... | Critical Role | Campaign 3, Episode 20",2022-04-18 19:00:19+00:00,12978,2914172,46114,2137,False,0.016557361748036833,216.3,180_plus,2022,2022-04,1448,2012.55
KhW_BK2irpU,UCpXBGqwsBkpvcYjsJBQ7LEQ,Critical Role,large,#EverythingIsContent - ELEX II,2022-04-14 17:00:16+00:00,3608,178628,5515,323,False,0.03268244620104351,60.1,60_to_120,2022,2022-04,1452,123.02
pPa_O6F5kqs,UCpXBGqwsBkpvcYjsJBQ7LEQ,Critical Role,large,"Omens Above | Critical Role | Campaign 3, Episode 19",2022-04-11 19:00:14+00:00,14112,3417231,49217,2801,False,0.01522226621495591,235.2,180_plus,2022,2022-04,1455,2348.61
jwtpHQ_-JUA,UCpXBGqwsBkpvcYjsJBQ7LEQ,Critical Role,large,Silken Secrets | 4-Sided Dive | Episode 1: Discussing Up to C3E18,2022-04-06 19:00:26+00:00,6270,976211,27649,1903,False,0.030272144034435178,104.5,60_to_120,2022,2022-04,1460,668.64
E-0bSdoPj5o,UCpXBGqwsBkpvcYjsJBQ7LEQ,Critical Role,large,Exandria Unlimited: Kymal | Part 2,2022-04-05 19:00:04+00:00,17645,705810,14138,1245,False,0.0217948173021068,294.1,180_plus,2022,2022-04,1461,483.1
l7SKWVq-jIg,UCpXBGqwsBkpvcYjsJBQ7LEQ,Critical Role,large,Exandria Unlimited: Kymal | Part 1,2022-04-04 19:00:23+00:00,15966,1120734,20727,1706,False,0.020016346430107412,266.1,180_plus,2022,2022-04,1462,766.58
nJrLQHo9rW0,UCpXBGqwsBkpvcYjsJBQ7LEQ,Critical Role,large,Tiny Tina's Wonderlands One-Shot,2022-03-30 17:00:32+00:00,12941,479761,13899,944,False,0.030938321372516734,215.7,180_plus,2022,2022-03,1467,327.04
f8WY6df598M,UCpXBGqwsBkpvcYjsJBQ7LEQ,Critical Role,large,"A Hungry Jungle | Critical Role | Campaign 3, Episode 18",2022-03-28 19:00:21+00:00,12193,2999159,47585,2898,False,0.016832385345358483,203.2,180_plus,2022,2022-03,1469,2041.63
vd49puwmpus,UCpXBGqwsBkpvcYjsJBQ7LEQ,Critical Role,large,#EverythingIsContent - Demeo Quest Night,2022-03-24 19:00:16+00:00,4353,195604,5530,408,False,0.03035725240792622,72.6,60_to_120,2022,2022-03,1473,132.79
c66mDHckyoM,UCpXBGqwsBkpvcYjsJBQ7LEQ,Critical Role,large,"Heart-to-Heartmoor | Critical Role | Campaign 3, Episode 17",2022-03-21 19:00:30+00:00,15090,3165071,56948,5244,False,0.019649480217031466,251.5,180_plus,2022,2022-03,1476,2144.36
O6-NaqWorI0,UCpXBGqwsBkpvcYjsJBQ7LEQ,Critical Role,large,"The Shade Mother | Critical Role | Campaign 3, Episode 16",2022-03-14 19:00:28+00:00,15132,3220300,55656,3696,False,0.018430581001770023,252.2,180_plus,2022,2022-03,1483,2171.48
Cz1Ma9OzbUs,UCpXBGqwsBkpvcYjsJBQ7LEQ,Critical Role,large,State of the Role: 7-Year Anniversary Celebration & New Show Updates! | Spring 2022,2022-03-14 16:00:23+00:00,508,462104,29493,1601,False,0.06728788324706127,8.5,under_60,2022,2022-03,1483,311.6
rMPp8dP1OC0,UCpXBGqwsBkpvcYjsJBQ7LEQ,Critical Role,large,"The Tunnels Below | Critical Role | Campaign 3, Episode 15",2022-03-07 20:00:48+00:00,16944,3817880,56535,3736,False,0.015786509790773937,282.4,180_plus,2022,2022-03,1490,2562.34
5ltjt4TUE6A,UCpXBGqwsBkpvcYjsJBQ7LEQ,Critical Role,large,Elden Ring One-Shot: O Ye of Little Faith,2022-03-03 18:00:04+00:00,16629,1502401,37357,1976,False,0.026180094395570824,277.2,180_plus,2022,2022-03,1494,1005.62
rCX4ihMdY-M,UCpXBGqwsBkpvcYjsJBQ7LEQ,Critical Role,large,"Family Ties | Crit Recap Animated | Campaign 2, Episodes 92-112",2022-02-24 18:00:18+00:00,344,389000,16646,667,False,0.044506426735218506,5.7,under_60,2022,2022-02,1501,259.16
vRvkjLdvXMk,UCpXBGqwsBkpvcYjsJBQ7LEQ,Critical Role,large,The Legend of Vox Machina Episodes 10-12 Q&A,2022-02-23 23:00:19+00:00,4675,371796,12069,941,False,0.03499230760954932,77.9,60_to_120,2022,2022-02,1502,247.53
-OCLsOUZN68,UCpXBGqwsBkpvcYjsJBQ7LEQ,Critical Role,large,"In Too Deep | Critical Role | Campaign 3, Episode 14",2022-02-21 20:00:01+00:00,17108,3581536,61970,5255,False,0.01876987973874896,285.1,180_plus,2022,2022-02,1504,2381.34
KesGxAl7WhM,UCpXBGqwsBkpvcYjsJBQ7LEQ,Critical Role,large,The Legend of Vox Machina Episodes 7-9 Q&A,2022-02-16 23:00:05+00:00,3579,259079,8400,563,False,0.03459562527260025,59.6,under_60,2022,2022-02,1509,171.69
2CTz_OfneeM,UCpXBGqwsBkpvcYjsJBQ7LEQ,Critical Role,large,"A Dance of Deception | Critical Role | Campaign 3, Episode 13",2022-02-14 20:00:00+00:00,14461,3150034,56575,3532,False,0.019081381343820415,241.0,180_plus,2022,2022-02,1511,2084.73
n-lwWHpx2pc,UCpXBGqwsBkpvcYjsJBQ7LEQ,Critical Role,large,The Legend of Vox Machina Episodes 4-6 Q&A,2022-02-09 23:00:20+00:00,3803,287462,9643,679,False,0.035907354711231396,63.4,60_to_120,2022,2022-02,1516,189.62
h6AkvAj_hao,UCpXBGqwsBkpvcYjsJBQ7LEQ,Critical Role,large,"Make It Fashion | Critical Role | Campaign 3, Episode 12",2022-02-07 20:00:10+00:00,16613,3963496,60821,4527,False,0.016487464601957463,276.9,180_plus,2022,2022-02,1518,2611.0
5ePlVbY1p9E,UCpXBGqwsBkpvcYjsJBQ7LEQ,Critical Role,large,The Legend of Vox Machina Episodes 1-3 Q&A,2022-02-02 23:00:01+00:00,3486,625679,20926,1483,False,0.03581549005160793,58.1,under_60,2022,2022-02,1523,410.82
jE7wB2JG190,UCpXBGqwsBkpvcYjsJBQ7LEQ,Critical Role,large,Guest Battle Royale,2022-01-31 20:00:08+00:00,14043,931314,19475,1363,False,0.022374838131929725,234.0,180_plus,2022,2022-01,1525,610.7
75SoOmgKuk4,UCpXBGqwsBkpvcYjsJBQ7LEQ,Critical Role,large,"Chasing Nightmares | Critical Role | Campaign 3, Episode 11",2022-01-24 20:00:01+00:00,17539,4327226,65258,4589,False,0.016141287744157573,292.3,180_plus,2022,2022-01,1532,2824.56
EOeZjYZtmKA,UCpXBGqwsBkpvcYjsJBQ7LEQ,Critical Role,large,The Legend of the Cast of The Legend of Vox Machina,2022-01-20 17:00:32+00:00,807,1201753,67392,5025,False,0.06025947095617818,13.4,under_60,2022,2022-01,1536,782.39
Dvk70G5meeE,UCpXBGqwsBkpvcYjsJBQ7LEQ,Critical Role,large,"Ghosts, Dates, and Darker Fates | Critical Role | Campaign 3, Episode 10",2022-01-17 20:00:07+00:00,11790,3309731,60380,3848,False,0.019405806695468604,196.5,180_plus,2022,2022-01,1539,2150.57
IdRagVTlrmo,UCpXBGqwsBkpvcYjsJBQ7LEQ,Critical Role,large,"Thicker Grows the Meal and Plot | Critical Role | Campaign 3, Episode 9",2022-01-10 20:00:04+00:00,15276,4257490,68205,4326,False,0.017036094036627213,254.6,180_plus,2022,2022-01,1546,2753.87
cwbLO_649Vg,UCpXBGqwsBkpvcYjsJBQ7LEQ,Critical Role,large,"A Woodworker’s Quandary | Critical Role | Campaign 3, Episode 8",2021-12-20 20:00:16+00:00,12180,4142980,68757,4182,False,0.017605443424781195,203.0,180_plus,2021,2021-12,1567,2643.89
FfcDt-eRWSQ,UCpXBGqwsBkpvcYjsJBQ7LEQ,Critical Role,large,"The Sword & The Angel | Crit Recap Animated | Campaign 2, Episodes 70-91",2021-12-15 18:00:16+00:00,305,388809,16171,630,False,0.04321144829466396,5.1,under_60,2021,2021-12,1572,247.33
BH4xdbCt9QU,UCpXBGqwsBkpvcYjsJBQ7LEQ,Critical Role,large,Kith & Kin Fireside Chat Q&A,2021-12-14 18:00:08+00:00,2689,100588,3747,219,False,0.03942816240505826,44.8,under_60,2021,2021-12,1573,63.95
mRyO6ijeLx8,UCpXBGqwsBkpvcYjsJBQ7LEQ,Critical Role,large,"Behind the Curtain | Critical Role | Campaign 3, Episode 7",2021-12-13 20:00:10+00:00,13778,4211725,69304,4524,False,0.0175291596673572,229.6,180_plus,2021,2021-12,1574,2675.81
iBeyMyMzQWg,UCpXBGqwsBkpvcYjsJBQ7LEQ,Critical Role,large,"Growing Bonds and Teasing Threads | Critical Role | Campaign 3, Episode 6",2021-12-06 20:00:08+00:00,14098,4901473,71787,6044,False,0.015879104097890572,235.0,180_plus,2021,2021-12,1581,3100.24
MDyYQqefj4M,UCpXBGqwsBkpvcYjsJBQ7LEQ,Critical Role,large,"The Threat Between the Walls | Critical Role | Campaign 3, Episode 5",2021-11-22 20:00:14+00:00,15935,4842684,72520,4780,False,0.01596222260217681,265.6,180_plus,2021,2021-11,1595,3036.17
gZ7u5NE_q4k,UCpXBGqwsBkpvcYjsJBQ7LEQ,Critical Role,large,"On the Trail of a Killer | Critical Role | Campaign 3, Episode 4",2021-11-15 20:00:25+00:00,13933,5466719,82568,5162,False,0.016048017101299702,232.2,180_plus,2021,2021-11,1602,3412.43
POgfa65vi4k,UCpXBGqwsBkpvcYjsJBQ7LEQ,Critical Role,large,"The Trail and the Toll | Critical Role | Campaign 3, Episode 3",2021-11-08 20:00:07+00:00,14922,5359823,94994,6421,False,0.018921333782850665,248.7,180_plus,2021,2021-11,1609,3331.15
pWOivwWvtt0,UCpXBGqwsBkpvcYjsJBQ7LEQ,Critical Role,large,"Trial by Firelight | Critical Role | Campaign 3, Episode 2",2021-11-01 19:00:13+00:00,14860,7265444,113513,6544,False,0.01652438584620568,247.7,180_plus,2021,2021-11,1616,4495.94
y6GpnRz6RPo,UCpXBGqwsBkpvcYjsJBQ7LEQ,Critical Role,large,Part III: The Golden Goose | The Elder Scrolls Online: Blackwood,2021-10-28 19:00:30+00:00,16136,426259,11125,522,False,0.027323763251919608,268.9,180_plus,2021,2021-10,1620,263.12
1OM_OAg0Yis,UCpXBGqwsBkpvcYjsJBQ7LEQ,Critical Role,large,#EverythingIsContent - Elder Scrolls Online: Blackwood Part 4 | An Apocalyptic Situation,2021-10-27 17:00:02+00:00,3326,108854,6277,136,False,0.05891377441343451,55.4,under_60,2021,2021-10,1621,67.15
P8pLvV3FjPc,UCpXBGqwsBkpvcYjsJBQ7LEQ,Critical Role,large,"The Draw of Destiny | Critical Role | Campaign 3, Episode 1",2021-10-25 19:00:07+00:00,14305,14182176,231552,15591,False,0.017426310320785753,238.4,180_plus,2021,2021-10,1623,8738.25
BfB4lVnL4CM,UCpXBGqwsBkpvcYjsJBQ7LEQ,Critical Role,large,Campaign 3: Behind the Set,2021-10-19 17:00:05+00:00,526,1273248,82728,5560,False,0.06934077257533489,8.8,under_60,2021,2021-10,1629,781.61
L3kGly9a4kE,UCpXBGqwsBkpvcYjsJBQ7LEQ,Critical Role,large,Narrative Telephone: The Breakup Lettah,2021-10-18 19:00:04+00:00,3317,363566,12048,1155,False,0.03631527700610068,55.3,under_60,2021,2021-10,1630,223.05
YmKVf1Mp5HQ,UCpXBGqwsBkpvcYjsJBQ7LEQ,Critical Role,large,"The Other Side | Crit Recap Animated | Campaign 2, Episodes 48-69",2021-10-14 17:00:31+00:00,334,474275,20878,1078,False,0.04629381687839334,5.6,under_60,2021,2021-10,1634,290.25
DYBM3myR914,UCpXBGqwsBkpvcYjsJBQ7LEQ,Critical Role,large,Exandria: An Intimate History | Narrated by Matthew Mercer,2021-10-13 17:00:08+00:00,596,1982809,78960,2731,False,0.04119963143197353,9.9,under_60,2021,2021-10,1635,1212.73
j5_xVBpqwTo,UCpXBGqwsBkpvcYjsJBQ7LEQ,Critical Role,large,State of the Role: Campaign 3 Announcement | Fall 2021,2021-09-30 16:10:30+00:00,467,918539,56383,5908,False,0.06781530234426628,7.8,under_60,2021,2021-09,1648,557.37
uviAFx4K78Y,UCpXBGqwsBkpvcYjsJBQ7LEQ,Critical Role,large,Narrative Telephone: The Curious Casanova,2021-09-27 19:00:17+00:00,3756,308327,11735,996,False,0.041290577860518214,62.6,60_to_120,2021,2021-09,1651,186.75
1ymREG2zvNo,UCpXBGqwsBkpvcYjsJBQ7LEQ,Critical Role,large,Mighty Vibes Vol 6: Lofi Beats to Study with Your Twin to,2021-09-26 17:00:01+00:00,3744,959880,19604,780,False,0.02123598783181231,62.4,60_to_120,2021,2021-09,1652,581.04
LaKl58BUASo,UCpXBGqwsBkpvcYjsJBQ7LEQ,Critical Role,large,The Nautilus Ark: A Johnson Corp Odyssey | Ashley's One-Shot,2021-09-13 19:00:04+00:00,12200,2253936,52789,4085,False,0.025233192069340035,203.3,180_plus,2021,2021-09,1665,1353.72
uFSO0IuBrnw,UCpXBGqwsBkpvcYjsJBQ7LEQ,Critical Role,large,Exandria Unlimited Wrap-Up,2021-08-30 19:00:18+00:00,6360,642682,19494,1454,False,0.03259465801127152,106.0,60_to_120,2021,2021-08,1679,382.78
WZGsHg9kO30,UCpXBGqwsBkpvcYjsJBQ7LEQ,Critical Role,large,The Legend of the Music of The Legend of Vox Machina,2021-08-25 17:00:04+00:00,666,339976,20359,1506,False,0.06431336329623268,11.1,under_60,2021,2021-08,1684,201.89
MX5qmiUJYBo,UCpXBGqwsBkpvcYjsJBQ7LEQ,Critical Role,large,Part II: A Faulty Foundation | The Elder Scrolls Online: Blackwood,2021-08-21 19:00:03+00:00,15593,639477,11169,1078,False,0.019151587938268304,259.9,180_plus,2021,2021-08,1688,378.84
lnULjkX9ygA,UCpXBGqwsBkpvcYjsJBQ7LEQ,Critical Role,large,#EverythingIsContent - Elder Scrolls Online: Blackwood Part 3 | Shattered and Scattered,2021-08-19 17:00:36+00:00,3659,139298,4283,264,False,0.03264224899137102,61.0,60_to_120,2021,2021-08,1690,82.42
73DU7qK-_xs,UCpXBGqwsBkpvcYjsJBQ7LEQ,Critical Role,large,What Comes Next | Exandria Unlimited | Episode 8,2021-08-16 19:00:01+00:00,12750,907061,25576,2515,False,0.030969251241096243,212.5,180_plus,2021,2021-08,1693,535.77
hH7bXpxr1b4,UCpXBGqwsBkpvcYjsJBQ7LEQ,Critical Role,large,Crew & A Episode 6: Origin Stories | The Legend of Vox Machina,2021-08-11 17:00:28+00:00,410,130098,7042,272,False,0.056219157865609,6.8,under_60,2021,2021-08,1698,76.62
LIrsjzz9TAQ,UCpXBGqwsBkpvcYjsJBQ7LEQ,Critical Role,large,Beyond the Heart City | Exandria Unlimited | Episode 7,2021-08-09 19:00:07+00:00,14552,1137069,23766,1847,False,0.022525457997711662,242.5,180_plus,2021,2021-08,1700,668.86
sLxUyJWXA0w,UCpXBGqwsBkpvcYjsJBQ7LEQ,Critical Role,large,The Gift Among the Green | Exandria Unlimited | Episode 6,2021-08-02 19:00:03+00:00,17112,1442033,27093,2269,False,0.020361531254832588,285.2,180_plus,2021,2021-08,1707,844.78
zQipW1cswZ8,UCpXBGqwsBkpvcYjsJBQ7LEQ,Critical Role,large,The Legend of the Voices of The Legend of Vox Machina,2021-07-28 16:59:59+00:00,725,502447,32730,2202,False,0.06952375076376215,12.1,under_60,2021,2021-07,1712,293.49
Bj0Jd5mzLsI,UCpXBGqwsBkpvcYjsJBQ7LEQ,Critical Role,large,A Test of Worth | Exandria Unlimited | Episode 5,2021-07-26 19:00:04+00:00,14129,1525185,29866,3028,False,0.021567219714329736,235.5,180_plus,2021,2021-07,1714,889.84
qAhw51d3cGw,UCpXBGqwsBkpvcYjsJBQ7LEQ,Critical Role,large,By the Road | Exandria Unlimited | Episode 4,2021-07-19 19:00:27+00:00,15933,1701144,34214,3280,False,0.022040462183095612,265.6,180_plus,2021,2021-07,1721,988.46
YDHxT4UT8NI,UCpXBGqwsBkpvcYjsJBQ7LEQ,Critical Role,large,A Glorious Return | Exandria Unlimited | Episode 3,2021-07-12 19:00:07+00:00,11876,1645472,36826,3144,False,0.024290902549542016,197.9,180_plus,2021,2021-07,1728,952.24
mf5E6RfY3PQ,UCpXBGqwsBkpvcYjsJBQ7LEQ,Critical Role,large,Critter Hug: Impossible Bard Make Up | Summer 2021,2021-07-08 17:00:31+00:00,4008,73275,3014,210,False,0.043998635278062095,66.8,60_to_120,2021,2021-07,1732,42.31
Hjucx2vz5Mg,UCpXBGqwsBkpvcYjsJBQ7LEQ,Critical Role,large,The Oh No Plateau  | Exandria Unlimited | Episode 2,2021-07-05 19:00:02+00:00,14260,2388971,40798,4271,False,0.01886544457843984,237.7,180_plus,2021,2021-07,1735,1376.93
Eq93dzkOFWY,UCpXBGqwsBkpvcYjsJBQ7LEQ,Critical Role,large,Let’s Play Uk’otoa!,2021-07-02 17:00:14+00:00,3857,536045,18115,974,False,0.0356108162560979,64.3,60_to_120,2021,2021-07,1738,308.43
-ijPD6yNdMs,UCpXBGqwsBkpvcYjsJBQ7LEQ,Critical Role,large,The Nameless Ones | Exandria Unlimited | Episode 1,2021-06-28 19:00:00+00:00,14958,3826547,82190,8052,False,0.02358314166793195,249.3,180_plus,2021,2021-06,1742,2196.64
hUbnt7ecuYw,UCpXBGqwsBkpvcYjsJBQ7LEQ,Critical Role,large,The Legend of the Design of The Legend of Vox Machina,2021-06-23 17:00:04+00:00,602,503365,32560,1874,False,0.06840761673934422,10.0,under_60,2021,2021-06,1747,288.13
bE2EUHzr0Fs,UCpXBGqwsBkpvcYjsJBQ7LEQ,Critical Role,large,Critical Role Campaign 2 Wrap-Up,2021-06-21 19:09:47+00:00,15078,2464750,47325,3846,False,0.020761131960645097,251.3,180_plus,2021,2021-06,1749,1409.23
LpBIQhWAhuM,UCpXBGqwsBkpvcYjsJBQ7LEQ,Critical Role,large,Vox Machina vs. Mighty Nein,2021-06-20 17:00:07+00:00,15593,2738854,59932,7697,False,0.024692444358114744,259.9,180_plus,2021,2021-06,1750,1565.06
3HMx6aZzUOc,UCpXBGqwsBkpvcYjsJBQ7LEQ,Critical Role,large,Exandria Unlimited: Meet the Players,2021-06-10 16:30:42+00:00,422,703163,34131,2502,False,0.0520974510888656,7.0,under_60,2021,2021-06,1760,399.52
Yr7U4tlaSI8,UCpXBGqwsBkpvcYjsJBQ7LEQ,Critical Role,large,State of the Role: Revealing our Super Top Secret Project!,2021-06-10 16:30:26+00:00,757,663928,40918,2884,False,0.06597402127941585,12.6,under_60,2021,2021-06,1760,377.23
lEZ5UPPtaHA,UCpXBGqwsBkpvcYjsJBQ7LEQ,Critical Role,large,"Fond Farewells | Critical Role | Campaign 2, Episode 141",2021-06-07 19:00:20+00:00,25377,3352458,67875,8642,False,0.022824148729081766,423.0,180_plus,2021,2021-06,1763,1901.56
W5O0bbA7Pn8,UCpXBGqwsBkpvcYjsJBQ7LEQ,Critical Role,large,"Long May He Reign | Critical Role | Campaign 2, Episode 140",2021-05-31 19:00:07+00:00,17146,2115560,50794,6149,False,0.026916277486812003,285.8,180_plus,2021,2021-05,1770,1195.23
Xed2wNI4ffk,UCpXBGqwsBkpvcYjsJBQ7LEQ,Critical Role,large,#EverythingIsContent - Elder Scrolls Online: Blackwood Part 2 | A Mortal's Touch,2021-05-30 17:00:29+00:00,3188,184976,6773,349,False,0.038502292189256986,53.1,under_60,2021,2021-05,1771,104.45
E-YCzpYDIyA,UCpXBGqwsBkpvcYjsJBQ7LEQ,Critical Role,large,Part I: Death & Taxes | The Elder Scrolls Online: Blackwood,2021-05-26 17:00:05+00:00,13026,2047270,34300,2403,False,0.017927776990821924,217.1,180_plus,2021,2021-05,1775,1153.39
KCX70GGxpoA,UCpXBGqwsBkpvcYjsJBQ7LEQ,Critical Role,large,"Rebirth | Critical Role | Campaign 2, Episode 139",2021-05-24 19:00:04+00:00,13799,1857591,39047,3119,False,0.022699291717067967,230.0,180_plus,2021,2021-05,1777,1045.35
9KlbicMqpVA,UCpXBGqwsBkpvcYjsJBQ7LEQ,Critical Role,large,Narrative Telephone Round 2 Ep. 8: Of Heists and Horses,2021-05-20 17:00:04+00:00,3831,268269,12027,1300,False,0.04967774882673734,63.8,60_to_120,2021,2021-05,1781,150.63
gjj6hYntQII,UCpXBGqwsBkpvcYjsJBQ7LEQ,Critical Role,large,Crew & A Episode 4: Exploring Exandria | The Legend of Vox Machina,2021-05-18 17:00:11+00:00,338,103893,6214,303,False,0.0627279989989701,5.6,under_60,2021,2021-05,1783,58.27
abczYOn1lIQ,UCpXBGqwsBkpvcYjsJBQ7LEQ,Critical Role,large,"Where There Is A Will... | Critical Role | Campaign 2, Episode 138",2021-05-17 19:00:03+00:00,12468,1762849,37786,3088,False,0.023186330763440316,207.8,180_plus,2021,2021-05,1784,988.14
l_loCAlJIVs,UCpXBGqwsBkpvcYjsJBQ7LEQ,Critical Role,large,"Welcome to Cognouza | Critical Role | Campaign 2, Episode 137",2021-05-10 19:00:09+00:00,11262,1731648,34820,2687,False,0.021659713752448535,187.7,180_plus,2021,2021-05,1791,966.86
L3M4B2HmeS8,UCpXBGqwsBkpvcYjsJBQ7LEQ,Critical Role,large,"Hell or High Water | Critical Role | Campaign 2, Episode 136",2021-05-03 19:00:09+00:00,13050,1894138,36644,2744,False,0.020794683386321376,217.5,180_plus,2021,2021-05,1798,1053.47
As-CPD7Z5As,UCpXBGqwsBkpvcYjsJBQ7LEQ,Critical Role,large,"The Genesis Ward | Critical Role | Campaign 2, Episode 135",2021-04-26 19:00:02+00:00,13378,1961045,34643,2429,False,0.018904206685721132,223.0,180_plus,2021,2021-04,1805,1086.45
EWh60d7gvGI,UCpXBGqwsBkpvcYjsJBQ7LEQ,Critical Role,large,Narrative Telephone Round 2 Ep. 7: Chutney's Christmas Vacation,2021-04-22 17:00:05+00:00,4398,415968,12563,1438,False,0.03365883914147242,73.3,60_to_120,2021,2021-04,1809,229.94
30as6kvT3gs,UCpXBGqwsBkpvcYjsJBQ7LEQ,Critical Role,large,Crew & A Episode 3: Let's Talk About RPGs! | The Legend of Vox Machina,2021-04-21 17:00:06+00:00,339,108107,6372,312,False,0.06182763373324576,5.6,under_60,2021,2021-04,1810,59.73
vTwG0Tfvkbo,UCpXBGqwsBkpvcYjsJBQ7LEQ,Critical Role,large,"The Streets of the Forgotten | Critical Role | Campaign 2, Episode 134",2021-04-19 19:00:10+00:00,15068,2021994,36968,3031,False,0.019781957809963828,251.1,180_plus,2021,2021-04,1812,1115.89
6hB73g8SF_k,UCpXBGqwsBkpvcYjsJBQ7LEQ,Critical Role,large,"Hunter and Hunted | Critical Role | Campaign 2, Episode 133",2021-04-12 19:00:01+00:00,15693,2041876,35931,4734,False,0.019915509071069936,261.6,180_plus,2021,2021-04,1819,1122.53
wIsEYMsVd9Y,UCpXBGqwsBkpvcYjsJBQ7LEQ,Critical Role,large,Mighty Vibes Vol 5: Lofi Beats with a Light Breeze [Zephrah Radio],2021-04-11 17:00:15+00:00,3182,877294,16339,688,False,0.01940854491196794,53.0,under_60,2021,2021-04,1820,482.03
z_QadZ8S9rU,UCpXBGqwsBkpvcYjsJBQ7LEQ,Critical Role,large,"Aeor | Critical Role | Campaign 2, Episode 132",2021-04-05 19:00:10+00:00,13160,2098288,36264,2853,False,0.018642340803550324,219.3,180_plus,2021,2021-04,1826,1149.12
_-j51P4gtrA,UCpXBGqwsBkpvcYjsJBQ7LEQ,Critical Role,large,#EverythingIsContent - Elder Scrolls Online: Blackwood,2021-04-02 17:00:20+00:00,3385,377829,15432,1069,False,0.0436731960754733,56.4,under_60,2021,2021-04,1829,206.58
VAG8d9F3ULU,UCpXBGqwsBkpvcYjsJBQ7LEQ,Critical Role,large,"Into the Eye | Critical Role | Campaign 2, Episode 131",2021-03-29 19:00:05+00:00,15291,2063216,38380,4556,False,0.02081023024249521,254.8,180_plus,2021,2021-03,1833,1125.6
mZ-dVqIlKAk,UCpXBGqwsBkpvcYjsJBQ7LEQ,Critical Role,large,"The Calm Before The Storm | Critical Role | Campaign 2, Episode 130",2021-03-22 19:00:13+00:00,14733,2015468,38996,3647,False,0.021157865071536736,245.6,180_plus,2021,2021-03,1840,1095.36
0RIojCMvbrc,UCpXBGqwsBkpvcYjsJBQ7LEQ,Critical Role,large,Narrative Telephone Round 2 Ep. 6: Familiar Feywild Fables,2021-03-18 17:00:01+00:00,4546,284145,10594,1248,False,0.04167590490770557,75.8,60_to_120,2021,2021-03,1844,154.09
6nR3FGyyG4I,UCpXBGqwsBkpvcYjsJBQ7LEQ,Critical Role,large,"Between a Ball and a Hot Place | Critical Role | Campaign 2, Episode 129",2021-03-15 19:00:01+00:00,13075,1824299,39178,5082,False,0.024261373820848448,217.9,180_plus,2021,2021-03,1847,987.71
xPelkwqSOCs,UCpXBGqwsBkpvcYjsJBQ7LEQ,Critical Role,large,"Cat and Mouse | Critical Role | Campaign 2, Episode 128",2021-03-08 20:00:25+00:00,12769,1859304,39110,4206,False,0.023296889588792367,212.8,180_plus,2021,2021-03,1854,1002.86
oagFBOV4MX4,UCpXBGqwsBkpvcYjsJBQ7LEQ,Critical Role,large,"Sarsaparilla, Licorice, and Red Hot | Critical Role | Campaign 2, Episode 127",2021-03-01 20:00:20+00:00,11902,1936083,39759,4589,False,0.022906042767794562,198.4,180_plus,2021,2021-03,1861,1040.35
uxtCfTvuAl0,UCpXBGqwsBkpvcYjsJBQ7LEQ,Critical Role,large,Critter Hug: DM Combat Banquet | Winter 2021,2021-02-25 18:00:30+00:00,4311,93575,4090,319,False,0.04711728559978627,71.8,60_to_120,2021,2021-02,1865,50.17
TMHuSCcw6rE,UCpXBGqwsBkpvcYjsJBQ7LEQ,Critical Role,large,Crew & A Episode 1: Getting to Know You | The Legend of Vox Machina,2021-02-24 18:00:12+00:00,306,289404,16495,747,False,0.05957761468397119,5.1,under_60,2021,2021-02,1866,155.09
guI9DCxK_es,UCpXBGqwsBkpvcYjsJBQ7LEQ,Critical Role,large,"Worth Fighting For | Critical Role | Campaign 2, Episode 126",2021-02-22 20:00:08+00:00,12684,1962263,41750,3763,False,0.023194138604254375,211.4,180_plus,2021,2021-02,1868,1050.46
yODMT1m85FQ,UCpXBGqwsBkpvcYjsJBQ7LEQ,Critical Role,large,Diablo One Shot | BlizzConline 2021,2021-02-22 00:30:07+00:00,8282,1216427,31424,2488,False,0.027878368369002003,138.0,120_to_180,2021,2021-02,1869,650.84
ol9rNrfRBqA,UCpXBGqwsBkpvcYjsJBQ7LEQ,Critical Role,large,Narrative Telephone Round 2 Ep. 5: Questions & Quackery,2021-02-18 18:00:12+00:00,3585,344096,12446,1396,False,0.040227145912768526,59.8,under_60,2021,2021-02,1872,183.81
bfWYxuiegX8,UCpXBGqwsBkpvcYjsJBQ7LEQ,Critical Role,large,"The Neverending Day | Critical Role | Campaign 2, Episode 125",2021-02-15 20:00:07+00:00,13525,2208145,45715,3713,False,0.022384399575209057,225.4,180_plus,2021,2021-02,1875,1177.68
YuAqAwvIL3E,UCpXBGqwsBkpvcYjsJBQ7LEQ,Critical Role,large,Mighty Vibes Vol 4: Lofi Beats for Best Buddies to Listen To,2021-02-14 18:00:17+00:00,3146,890894,21857,764,False,0.0253913484656985,52.4,under_60,2021,2021-02,1876,474.89
qZUW4zdS6dk,UCpXBGqwsBkpvcYjsJBQ7LEQ,Critical Role,large,"A Walk to Warmer Welcomes | Critical Role | Campaign 2, Episode 124",2021-02-08 20:00:30+00:00,15148,2147468,43298,3806,False,0.021934669107991366,252.5,180_plus,2021,2021-02,1882,1141.06
uHGvn3IPh5k,UCpXBGqwsBkpvcYjsJBQ7LEQ,Critical Role,large,"Fair-weather Faith | Critical Role | Campaign 2, Episode 123",2021-02-01 20:00:12+00:00,19468,2442700,45133,6792,False,0.021257215376427722,324.5,180_plus,2021,2021-02,1889,1293.12
lY_niV3P0IU,UCpXBGqwsBkpvcYjsJBQ7LEQ,Critical Role,large,"Nothing Ventured, Nothing Gained | Critical Role | Campaign 2, Episode 122",2021-01-25 20:00:08+00:00,13010,2124823,41762,3999,False,0.02153638208923755,216.8,180_plus,2021,2021-01,1896,1120.69
83ERmHbk5U8,UCpXBGqwsBkpvcYjsJBQ7LEQ,Critical Role,large,Narrative Telephone Round 2 Ep. 4: Mica Burton Murders Cast of Critical Role,2021-01-21 18:00:02+00:00,4884,363499,12908,1540,False,0.03974701443470271,81.4,60_to_120,2021,2021-01,1900,191.32
rLdtEUHzmGU,UCpXBGqwsBkpvcYjsJBQ7LEQ,Critical Role,large,"Ice and Fire | Critical Role | Campaign 2, Episode 121",2021-01-18 20:00:11+00:00,12075,2019163,43518,4621,False,0.023841066818280646,201.2,180_plus,2021,2021-01,1903,1061.04
EDudet-qZIg,UCpXBGqwsBkpvcYjsJBQ7LEQ,Critical Role,large,"Contentious Company | Critical Role | Campaign 2, Episode 120",2020-12-21 20:00:05+00:00,13842,2300402,42256,4112,False,0.02015647699836811,230.7,180_plus,2020,2020-12,1931,1191.3
lXOggrA4nvs,UCpXBGqwsBkpvcYjsJBQ7LEQ,Critical Role,large,Narrative Telephone Round 2 Ep. 3: The Night Before Winter's Crest,2020-12-17 18:00:12+00:00,3681,449273,16296,1486,False,0.039579498434136925,61.4,60_to_120,2020,2020-12,1935,232.18
xAQy-ompDc4,UCpXBGqwsBkpvcYjsJBQ7LEQ,Critical Role,large,"Malice and Mystery Below | Critical Role | Campaign 2, Episode 119",2020-12-14 20:00:16+00:00,12449,2189445,40567,3880,False,0.020300578457097575,207.5,180_plus,2020,2020-12,1938,1129.74
KcwtwrI1-dc,UCpXBGqwsBkpvcYjsJBQ7LEQ,Critical Role,large,"Solace Between the Secrets | Critical Role | Campaign 2, Episode 118",2020-12-07 20:00:06+00:00,16293,2683402,45952,5362,False,0.019122740461548438,271.6,180_plus,2020,2020-12,1945,1379.64
YK_jrQXoE18,UCpXBGqwsBkpvcYjsJBQ7LEQ,Critical Role,large,Animation 101 with Sam Riegel | The Legend of Vox Machina,2020-11-24 18:00:05+00:00,499,360080,29081,1400,False,0.08465063319262386,8.3,under_60,2020,2020-11,1958,183.9
pRgFL6Zi3nM,UCpXBGqwsBkpvcYjsJBQ7LEQ,Critical Role,large,"The Tortoise and The Dare | Critical Role | Campaign 2, Episode 117",2020-11-23 20:00:06+00:00,15365,2404504,42361,3811,False,0.01920229702258761,256.1,180_plus,2020,2020-11,1959,1227.41
DhlfFwDOwPM,UCpXBGqwsBkpvcYjsJBQ7LEQ,Critical Role,large,"Under Timeless Ice | Critical Role | Campaign 2, Episode 116",2020-11-16 20:00:02+00:00,14804,2435033,41292,3607,False,0.01843876448491663,246.7,180_plus,2020,2020-11,1966,1238.57
kwTzNMNQCEA,UCpXBGqwsBkpvcYjsJBQ7LEQ,Critical Role,large,"Fetching Fables & Frosty Friends | Critical Role | Campaign 2, Episode 115",2020-11-09 20:00:12+00:00,14804,2350260,42598,4958,False,0.020234357049858313,246.7,180_plus,2020,2020-11,1973,1191.21
UGcLpm4iEBg,UCpXBGqwsBkpvcYjsJBQ7LEQ,Critical Role,large,"An Open Window | Critical Role | Campaign 2, Episode 114",2020-11-02 20:00:03+00:00,13366,2495079,45257,4957,False,0.020125214472167013,222.8,180_plus,2020,2020-11,1980,1260.14
zXNJjGY9cW0,UCpXBGqwsBkpvcYjsJBQ7LEQ,Critical Role,large,Critter Hug: Crafting Grandma's Tale | Fall 2020,2020-10-29 17:00:25+00:00,4619,73112,3179,222,False,0.04651767151767152,77.0,60_to_120,2020,2020-10,1984,36.85
0HncegOZtNQ,UCpXBGqwsBkpvcYjsJBQ7LEQ,Critical Role,large,"A Heart Grown Cold | Critical Role | Campaign 2, Episode 113",2020-10-26 19:00:01+00:00,14753,2152676,41659,4479,False,0.021432858451527308,245.9,180_plus,2020,2020-10,1987,1083.38
A5IMAFoBVWc,UCpXBGqwsBkpvcYjsJBQ7LEQ,Critical Role,large,"The Chase Begins | Critical Role | Campaign 2, Episode 112",2020-10-19 19:00:01+00:00,15609,2645114,46480,4514,False,0.019278564175305865,260.2,180_plus,2020,2020-10,1994,1326.54
-9pOQ7n3z5g,UCpXBGqwsBkpvcYjsJBQ7LEQ,Critical Role,large,"New Homes and Old Friends | Critical Role | Campaign 2, Episode 111",2020-09-28 19:00:00+00:00,12899,2419886,48957,5972,False,0.02269900317618268,215.0,180_plus,2020,2020-09,2015,1200.94
pgasGt17Kqo,UCpXBGqwsBkpvcYjsJBQ7LEQ,Critical Role,large,"Dinner with the Devil | Critical Role | Campaign 2, Episode 110",2020-09-21 19:00:04+00:00,14851,2483675,45563,5126,False,0.020408869920581395,247.5,180_plus,2020,2020-09,2022,1228.33
kFPLx3SICi0,UCpXBGqwsBkpvcYjsJBQ7LEQ,Critical Role,large,"Frigid Propositions | Critical Role | Campaign 2, Episode 109",2020-09-14 19:00:05+00:00,14070,2596020,44386,3988,False,0.01863390882967003,234.5,180_plus,2020,2020-09,2029,1279.46
YIcNZERTDOY,UCpXBGqwsBkpvcYjsJBQ7LEQ,Critical Role,large,"Traveler Con | Critical Role | Campaign 2, Episode 108",2020-09-07 19:00:07+00:00,14506,2205364,46390,4975,False,0.023290939726956637,241.8,180_plus,2020,2020-09,2036,1083.18
dd8jt0jfeww,UCpXBGqwsBkpvcYjsJBQ7LEQ,Critical Role,large,"Devoutness and Dicks | Critical Role | Campaign 2, Episode 107",2020-08-31 19:00:06+00:00,14038,2324037,45471,4689,False,0.02158313314288886,234.0,180_plus,2020,2020-08,2043,1137.56
u50KFcySJN0,UCpXBGqwsBkpvcYjsJBQ7LEQ,Critical Role,large,Critter Hug: Space Valentine Inc | Summer 2020,2020-08-27 17:00:13+00:00,4698,138077,5814,521,False,0.04588019728122714,78.3,60_to_120,2020,2020-08,2047,67.45
fV4S1iucx3Y,UCpXBGqwsBkpvcYjsJBQ7LEQ,Critical Role,large,The Legend of the World of The Legend of Vox Machina,2020-08-26 17:00:19+00:00,577,741260,51071,2762,False,0.07262364082777972,9.6,under_60,2020,2020-08,2048,361.94
PWMlvpyFm-E,UCpXBGqwsBkpvcYjsJBQ7LEQ,Critical Role,large,"A Fog Lifted | Critical Role | Campaign 2, Episode 106",2020-08-17 19:00:02+00:00,13974,2433286,43946,4359,False,0.019851756020459577,232.9,180_plus,2020,2020-08,2057,1182.93
ItgpnsJS2pE,UCpXBGqwsBkpvcYjsJBQ7LEQ,Critical Role,large,"Rumble at Rumblecusp | Critical Role | Campaign 2, Episode 105",2020-08-10 19:00:02+00:00,16904,2537760,47539,5959,False,0.021080795662316375,281.7,180_plus,2020,2020-08,2064,1229.53
fn6tGRzsbqs,UCpXBGqwsBkpvcYjsJBQ7LEQ,Critical Role,large,Mini Primetime: After Dark,2020-08-06 17:00:08+00:00,4993,119228,3529,307,False,0.03217365048478545,83.2,60_to_120,2020,2020-08,2068,57.65
ni3aw71y7LI,UCpXBGqwsBkpvcYjsJBQ7LEQ,Critical Role,large,"The Ruined Sliver | Critical Role | Campaign 2, Episode 104",2020-08-03 19:00:05+00:00,14137,2655373,44046,5424,False,0.01863015101833151,235.6,180_plus,2020,2020-08,2071,1282.17
ds2AO4XjQus,UCpXBGqwsBkpvcYjsJBQ7LEQ,Critical Role,large,AWNP: Unplugged with Laura Bailey | Ep. 8,2020-07-30 17:00:08+00:00,3782,251061,9026,771,False,0.03902238898116394,63.0,60_to_120,2020,2020-07,2075,120.99
1XUaTszLV6Q,UCpXBGqwsBkpvcYjsJBQ7LEQ,Critical Role,large,"Maritime Mysteries | Critical Role | Campaign 2, Episode 103",2020-07-27 19:00:00+00:00,12694,2297540,43840,4180,False,0.020900615440862837,211.6,180_plus,2020,2020-07,2078,1105.65
-3AtaMNtp1A,UCpXBGqwsBkpvcYjsJBQ7LEQ,Critical Role,large,Narrative Telephone Ep. 8: Grog's Vlog,2020-07-23 17:00:00+00:00,3677,697265,25168,2601,False,0.039825604325471664,61.3,60_to_120,2020,2020-07,2082,334.9
hKlo5FWlxnA,UCpXBGqwsBkpvcYjsJBQ7LEQ,Critical Role,large,"Ghosts, Dinosaurs, and Stuff | Critical Role | Campaign 2, Episode 102",2020-07-20 19:00:06+00:00,12424,2348179,53051,6068,False,0.02517653040930866,207.1,180_plus,2020,2020-07,2085,1126.22
kL4lc2hyK2c,UCpXBGqwsBkpvcYjsJBQ7LEQ,Critical Role,large,AWNP: Unplugged with Marisha Ray | Ep. 7,2020-07-16 17:00:17+00:00,3593,225887,8821,682,False,0.042069707420081724,59.9,under_60,2020,2020-07,2089,108.13
GGQhSkwh2h4,UCpXBGqwsBkpvcYjsJBQ7LEQ,Critical Role,large,"Mysteries, Memories, and Music | Critical Role | Campaign 2, Episode 101",2020-07-13 19:00:04+00:00,13134,2604609,45602,3983,False,0.019037406382301527,218.9,180_plus,2020,2020-07,2092,1245.03
8xz9s_-sO1I,UCpXBGqwsBkpvcYjsJBQ7LEQ,Critical Role,large,Mighty Vibes Vol 3: Chill Tunes to Drink Tea/Meditate To,2020-07-12 16:00:36+00:00,3266,2326583,41029,1910,False,0.01845582126234052,54.4,under_60,2020,2020-07,2093,1111.6
ihEyIZviZWA,UCpXBGqwsBkpvcYjsJBQ7LEQ,Critical Role,large,Narrative Telephone Ep. 7: Caduceus' Cautionary Chronicle,2020-07-09 17:00:19+00:00,4708,582668,19813,3082,False,0.0392933883446491,78.5,60_to_120,2020,2020-07,2096,277.99
1s0odp2AI_0,UCpXBGqwsBkpvcYjsJBQ7LEQ,Critical Role,large,"Hunted at Sea | Critical Role | Campaign 2, Episode 100",2020-07-06 19:00:00+00:00,13086,2741982,60084,7074,False,0.02449250213896371,218.1,180_plus,2020,2020-07,2099,1306.33
maEiaH-RRAQ,UCpXBGqwsBkpvcYjsJBQ7LEQ,Critical Role,large,AWNP: Unplugged with Travis Willingham | Ep. 6,2020-07-02 19:00:07+00:00,3743,312790,11254,891,False,0.03882796764602449,62.4,60_to_120,2020,2020-07,2103,148.74
OLBOR2u97uo,UCpXBGqwsBkpvcYjsJBQ7LEQ,Critical Role,large,Narrative Telephone Ep. 6: Story of Beau's,2020-06-27 17:00:03+00:00,3997,579609,19927,2165,False,0.03811535017572191,66.6,60_to_120,2020,2020-06,2108,274.96
GnZ1HCRqdB4,UCpXBGqwsBkpvcYjsJBQ7LEQ,Critical Role,large,AWNP: Unplugged with Khary Payton | Ep. 5,2020-06-18 19:00:03+00:00,4671,165905,9479,892,False,0.06251167837015159,77.8,60_to_120,2020,2020-06,2117,78.37
MEyyLcu_Lyo,UCpXBGqwsBkpvcYjsJBQ7LEQ,Critical Role,large,Narrative Telephone Ep. 5: Pike's Purple Jewel Cake,2020-06-13 17:00:14+00:00,4962,729080,24129,2601,False,0.036662643331321666,82.7,60_to_120,2020,2020-06,2122,343.58
43YsjPlxir0,UCpXBGqwsBkpvcYjsJBQ7LEQ,Critical Role,large,CR GUIDE,2020-06-11 17:00:02+00:00,2849,267472,10503,1355,False,0.04433361249027935,47.5,under_60,2020,2020-06,2124,125.93
cvsJDG4WRzQ,UCpXBGqwsBkpvcYjsJBQ7LEQ,Critical Role,large,Narrative Telephone Ep. 4: Widogast's Web of Words,2020-05-30 17:00:12+00:00,4476,838688,29215,3961,False,0.03955702239688656,74.6,60_to_120,2020,2020-05,2136,392.64
HtI9UTmV0EE,UCpXBGqwsBkpvcYjsJBQ7LEQ,Critical Role,large,AWNP: Unplugged with Matthew Mercer | Ep. 4,2020-05-28 17:06:00+00:00,4060,359353,12483,1215,False,0.03811850742862868,67.7,60_to_120,2020,2020-05,2138,168.08
gsu8S9Pvbio,UCpXBGqwsBkpvcYjsJBQ7LEQ,Critical Role,large,Mighty Vibes Vol 2: Chill Tunes to Study/Transcribe Magic To,2020-05-24 17:00:20+00:00,3137,3037936,58547,2273,False,0.020020171590184915,52.3,under_60,2020,2020-05,2142,1418.27
NeX5skL-390,UCpXBGqwsBkpvcYjsJBQ7LEQ,Critical Role,large,AWNP: Unplugged with Taliesin Jaffe | Ep 3,2020-05-14 19:00:07+00:00,3781,256766,10869,942,False,0.045999080875193755,63.0,60_to_120,2020,2020-05,2152,119.32
pGtdEsxwW64,UCpXBGqwsBkpvcYjsJBQ7LEQ,Critical Role,large,Narrative Telephone Ep. 3: Scanlan's Love Story,2020-05-14 17:00:32+00:00,3605,695064,27665,3184,False,0.044382963295466316,60.1,60_to_120,2020,2020-05,2152,322.99
4d-ZdoKdwo4,UCpXBGqwsBkpvcYjsJBQ7LEQ,Critical Role,large,Critter Hug: Laser Drag Battles!,2020-05-04 17:00:07+00:00,724,203386,13154,869,False,0.06894771518196927,12.1,under_60,2020,2020-05,2162,94.07
6WsePb_isIY,UCpXBGqwsBkpvcYjsJBQ7LEQ,Critical Role,large,AWNP: Unplugged with Ashley Johnson | Ep. 2,2020-04-30 19:00:01+00:00,3104,307277,12613,855,False,0.04383015975813354,51.7,under_60,2020,2020-04,2166,141.86
mkO1-Q8AuoE,UCpXBGqwsBkpvcYjsJBQ7LEQ,Critical Role,large,Narrative Telephone Ep. 2: Jester's Tall Tale,2020-04-30 17:00:28+00:00,3693,909451,37485,4367,False,0.04601897188523626,61.6,60_to_120,2020,2020-04,2166,419.88
XVQVXDKKlHQ,UCpXBGqwsBkpvcYjsJBQ7LEQ,Critical Role,large,Mighty Vibes Vol 1: Lo-fi Beats to Doodle To,2020-04-26 17:00:21+00:00,2989,2861479,71804,2860,False,0.02609280026168286,49.8,under_60,2020,2020-04,2170,1318.65
rOzCBZ5RIqo,UCpXBGqwsBkpvcYjsJBQ7LEQ,Critical Role,large,AWNP: Unplugged Ep. 1,2020-04-16 17:00:18+00:00,3423,327023,15895,1609,False,0.05352528721221443,57.0,under_60,2020,2020-04,2180,150.01
HHCSECk3s04,UCpXBGqwsBkpvcYjsJBQ7LEQ,Critical Role,large,Narrative Telephone Ep. 1: Pumat's Stroll,2020-04-09 17:00:10+00:00,1985,991487,47223,3673,False,0.05133299781035959,33.1,under_60,2020,2020-04,2187,453.35
0uk8Ci4CBAY,UCpXBGqwsBkpvcYjsJBQ7LEQ,Critical Role,large,All Work No Play: Blacksmithing with Mica Burton! | S2E5,2020-04-02 17:00:00+00:00,3144,401076,14223,1035,False,0.038042665230529876,52.4,under_60,2020,2020-04,2194,182.81
Ir-tDmRS6Aw,UCpXBGqwsBkpvcYjsJBQ7LEQ,Critical Role,large,Explorer's Guide to Wildemount Q&A and Fireside Chat with Matthew Mercer,2020-03-27 17:00:06+00:00,6233,596400,22455,2668,False,0.042124413145539906,103.9,60_to_120,2020,2020-03,2200,271.09
W-MFFeV5JPQ,UCpXBGqwsBkpvcYjsJBQ7LEQ,Critical Role,large,All Work No Play: Spa Gauntlet with Noelle Stevenson and Satine Phoenix! | S2E4,2020-03-19 17:00:11+00:00,3411,474949,14716,1132,False,0.03336779317358285,56.8,under_60,2020,2020-03,2208,215.1
CX8I4M7MPo4,UCpXBGqwsBkpvcYjsJBQ7LEQ,Critical Role,large,DOOM Eternal One-Shot,2020-03-18 17:00:05+00:00,13332,1749223,39486,3415,False,0.02452574657433615,222.2,180_plus,2020,2020-03,2209,791.86
KmLNSQwQQXQ,UCpXBGqwsBkpvcYjsJBQ7LEQ,Critical Role,large,"High Seas, High Stakes | Critical Role | Campaign 2, Episode 99",2020-03-16 19:00:09+00:00,13694,2923848,50610,5163,False,0.01907520500381689,228.2,180_plus,2020,2020-03,2211,1322.41
4OH5Sa8x_Cw,UCpXBGqwsBkpvcYjsJBQ7LEQ,Critical Role,large,"Dark Waters | Critical Role | Campaign 2, Episode 98",2020-03-09 19:00:01+00:00,18505,3323481,49042,5948,False,0.016545904730612272,308.4,180_plus,2020,2020-03,2218,1498.41
socI2SO06og,UCpXBGqwsBkpvcYjsJBQ7LEQ,Critical Role,large,All Work No Play: Magic with Ashly Burch! | S2E3,2020-03-05 18:00:07+00:00,3216,326728,10708,822,False,0.03528929262260963,53.6,under_60,2020,2020-03,2222,147.04
SV8eKqbZZNQ,UCpXBGqwsBkpvcYjsJBQ7LEQ,Critical Role,large,"The Fancy and the Fooled | Critical Role | Campaign 2, Episode 97 - Live from Chicago!",2020-03-02 20:00:02+00:00,15307,2826348,53751,5638,False,0.021012628310455753,255.1,180_plus,2020,2020-03,2225,1270.27
JiDDdDUU5wU,UCpXBGqwsBkpvcYjsJBQ7LEQ,Critical Role,large,#EverythingIsContent: Two Point Hospital,2020-02-27 18:00:04+00:00,3691,218593,6387,459,False,0.03131847771886565,61.5,60_to_120,2020,2020-02,2229,98.07
Tmz4TS3Div8,UCpXBGqwsBkpvcYjsJBQ7LEQ,Critical Role,large,"Family Shatters | Critical Role | Campaign 2, Episode 96",2020-02-24 20:01:00+00:00,16528,2795585,44217,4798,False,0.017533002931407915,275.5,180_plus,2020,2020-02,2232,1252.5
fv-xZBRV_EM,UCpXBGqwsBkpvcYjsJBQ7LEQ,Critical Role,large,The Legend of the Story of the Legend of Vox Machina,2020-02-21 17:00:12+00:00,512,980399,44219,2797,False,0.047955985267222834,8.5,under_60,2020,2020-02,2235,438.66
q6eiaCPBOtE,UCpXBGqwsBkpvcYjsJBQ7LEQ,Critical Role,large,All Work No Play: Ghost Hunting with Laura Bailey | S2E2,2020-02-20 18:00:06+00:00,3378,422861,12687,1461,False,0.03345780291868959,56.3,under_60,2020,2020-02,2236,189.11
1Db5CorBfz4,UCpXBGqwsBkpvcYjsJBQ7LEQ,Critical Role,large,"Blessing In Disguise | Critical Role | Campaign 2, Episode 95",2020-02-17 20:00:00+00:00,13406,2811204,45420,4737,False,0.01784182151135243,223.4,180_plus,2020,2020-02,2239,1255.56
51ykIVq9KcM,UCpXBGqwsBkpvcYjsJBQ7LEQ,Critical Role,large,Cinderbrush: A Monsterhearts Story (A Critical Role One-Shot),2020-02-16 18:00:00+00:00,16557,1461887,34583,4812,False,0.02694804728409241,276.0,180_plus,2020,2020-02,2240,652.63
Arx8bX4E_Cw,UCpXBGqwsBkpvcYjsJBQ7LEQ,Critical Role,large,"With Great Power... | Critical Role | Campaign 2, Episode 94",2020-02-10 20:00:05+00:00,14561,2752654,46564,4509,False,0.01855409361292774,242.7,180_plus,2020,2020-02,2246,1225.58
9wEloZXYKvE,UCpXBGqwsBkpvcYjsJBQ7LEQ,Critical Role,large,Handbooker Helper: Monsterhearts 2,2020-02-06 22:00:00+00:00,347,310971,14186,610,False,0.04757999942116789,5.8,under_60,2020,2020-02,2250,138.21
BdBxLbNjLZk,UCpXBGqwsBkpvcYjsJBQ7LEQ,Critical Role,large,All Work No Play: Chainsaw Art with Julie Nathanson | S2E1,2020-02-06 18:00:03+00:00,2808,341409,13967,900,False,0.043546010796434775,46.8,under_60,2020,2020-02,2250,151.74
PJawve2RxNM,UCpXBGqwsBkpvcYjsJBQ7LEQ,Critical Role,large,"Misery Loves Company | Critical Role | Campaign 2, Episode 93",2020-02-03 20:00:04+00:00,14011,2925975,57736,6832,False,0.02206717418979998,233.5,180_plus,2020,2020-02,2253,1298.7
qS9rz1srwio,UCpXBGqwsBkpvcYjsJBQ7LEQ,Critical Role,large,"Home Is Where the Heart Is | Critical Role | Campaign 2, Episode 92",2020-01-27 20:00:07+00:00,15205,2844772,47407,5462,False,0.01858461767762056,253.4,180_plus,2020,2020-01,2260,1258.75
mN6jDz0UPdo,UCpXBGqwsBkpvcYjsJBQ7LEQ,Critical Role,large,"Stone to Clay | Critical Role | Campaign 2, Episode 91",2020-01-20 20:00:04+00:00,14165,2973094,49574,5250,False,0.018440049322355767,236.1,180_plus,2020,2020-01,2267,1311.47
wdHE0avQRVw,UCpXBGqwsBkpvcYjsJBQ7LEQ,Critical Role,large,"Bathhouses and Bastions | Critical Role | Campaign 2, Episode 90",2020-01-13 20:00:07+00:00,13950,2989646,47831,4581,False,0.01753117258698856,232.5,180_plus,2020,2020-01,2274,1314.71
KrZps9j2bl4,UCpXBGqwsBkpvcYjsJBQ7LEQ,Critical Role,large,"Lingering Wounds | Critical Role | Campaign 2, Episode 89",2019-12-23 20:00:04+00:00,15923,2924697,49250,5553,False,0.01873800944166182,265.4,180_plus,2019,2019-12,2295,1274.38
cb1z68RELN4,UCpXBGqwsBkpvcYjsJBQ7LEQ,Critical Role,large,Liam’s One-Shot: The Song of the Lorelei,2019-12-20 20:17:36+00:00,16643,1088020,19504,1111,False,0.018947261998860314,277.4,180_plus,2019,2019-12,2298,473.46
jnn4dpC2qAQ,UCpXBGqwsBkpvcYjsJBQ7LEQ,Critical Role,large,"Xhorhas | Critical Role | Campaign 2, Episode 51",2019-12-20 18:47:17+00:00,14610,2559526,36725,2950,False,0.015500916966657107,243.5,180_plus,2019,2019-12,2298,1113.81
eRFetHZDSg4,UCpXBGqwsBkpvcYjsJBQ7LEQ,Critical Role,large,"The Endless Burrows | Critical Role | Campaign 2, Episode 50",2019-12-20 18:45:49+00:00,14949,2448832,38672,2890,False,0.016972172856284138,249.2,180_plus,2019,2019-12,2298,1065.64
lLEuog9UDXs,UCpXBGqwsBkpvcYjsJBQ7LEQ,Critical Role,large,End of 2019 Fireside Chat,2019-12-20 18:00:08+00:00,6233,575710,14569,1153,False,0.027308888155494954,103.9,60_to_120,2019,2019-12,2298,250.53
Xmsjf8jQZWE,UCpXBGqwsBkpvcYjsJBQ7LEQ,Critical Role,large,"A Game of Names | Critical Role | Campaign 2, Episode 49",2019-12-20 17:40:01+00:00,13467,2469014,37527,3125,False,0.016464872212146226,224.4,180_plus,2019,2019-12,2298,1074.42
ozSrsj6TtKc,UCpXBGqwsBkpvcYjsJBQ7LEQ,Critical Role,large,"Homeward Bound | Critical Role | Campaign 2, Episode 48",2019-12-20 17:29:34+00:00,14943,2463270,39518,3706,False,0.0175474064962428,249.0,180_plus,2019,2019-12,2298,1071.92
pj3CeW_a1hQ,UCpXBGqwsBkpvcYjsJBQ7LEQ,Critical Role,large,"The Second Seal | Critical Role | Campaign 2, Episode 47",2019-12-20 17:24:44+00:00,13763,2370262,35809,2907,False,0.016334059272772376,229.4,180_plus,2019,2019-12,2298,1031.45
jw1AhahRFTY,UCpXBGqwsBkpvcYjsJBQ7LEQ,Critical Role,large,"A Storm of Memories | Critical Role | Campaign 2, Episode 46",2019-12-20 17:17:48+00:00,14333,2610828,37784,3123,False,0.015668209472244055,238.9,180_plus,2019,2019-12,2298,1136.13
ujWYp5Wr64U,UCpXBGqwsBkpvcYjsJBQ7LEQ,Critical Role,large,"The Stowaway | Critical Role | Campaign 2, Episode 45",2019-12-20 06:56:27+00:00,17875,2780078,43302,3982,False,0.017008155886273694,297.9,180_plus,2019,2019-12,2298,1209.78
P8UVu-kGusg,UCpXBGqwsBkpvcYjsJBQ7LEQ,Critical Role,large,"The Diver's Grave | Critical Role | Campaign 2, Episode 44",2019-12-20 05:27:53+00:00,15140,2529134,40055,3229,False,0.017114158443166713,252.3,180_plus,2019,2019-12,2298,1100.58
dyArEJYKr5U,UCpXBGqwsBkpvcYjsJBQ7LEQ,Critical Role,large,"In Hot Water | Critical Role | Campaign 2, Episode 43",2019-12-20 03:56:35+00:00,13213,2302521,40895,2868,False,0.019006558463527584,220.2,180_plus,2019,2019-12,2298,1001.97
W723E1ofhcE,UCpXBGqwsBkpvcYjsJBQ7LEQ,Critical Role,large,"A Hole in the Plan | Critical Role | Campaign 2, Episode 42",2019-12-20 03:50:15+00:00,14073,2504491,38990,2576,False,0.01659658589310163,234.6,180_plus,2019,2019-12,2298,1089.86
NOh9T7YeR3o,UCpXBGqwsBkpvcYjsJBQ7LEQ,Critical Role,large,"A Pirate's Life for Me | Critical Role | Campaign 2, Episode 41",2019-12-20 03:43:26+00:00,13243,2384674,38039,2625,False,0.017052226006573645,220.7,180_plus,2019,2019-12,2298,1037.72
etjou2cxZJw,UCpXBGqwsBkpvcYjsJBQ7LEQ,Critical Role,large,"Dubious Pursuits | Critical Role| Campaign 2, Episode 40",2019-12-20 03:10:12+00:00,11440,2131586,37019,2339,False,0.018464185822199997,190.7,180_plus,2019,2019-12,2298,927.58
M6XpCPfDP8M,UCpXBGqwsBkpvcYjsJBQ7LEQ,Critical Role,large,"Temple of the False Serpent | Critical Role| Campaign 2, Episode 39",2019-12-20 03:03:12+00:00,15711,2567982,37362,2981,False,0.015710001082562104,261.8,180_plus,2019,2019-12,2298,1117.49
GOsCZ8kQom0,UCpXBGqwsBkpvcYjsJBQ7LEQ,Critical Role,large,"Welcome to the Jungle | Critical Role | Campaign 2, Episode 38",2019-12-20 02:59:50+00:00,12349,2413253,35826,2275,False,0.015788232729846394,205.8,180_plus,2019,2019-12,2298,1050.15
B2IYaW9lUM4,UCpXBGqwsBkpvcYjsJBQ7LEQ,Critical Role,large,"Dangerous Liaisons | Critical Role | Campaign 2, Episode 37 - Live from New York!",2019-12-20 02:57:20+00:00,11909,2164005,38126,3061,False,0.01903276563593892,198.5,180_plus,2019,2019-12,2298,941.69
AB-yVfipWTU,UCpXBGqwsBkpvcYjsJBQ7LEQ,Critical Role,large,"O Captain, Who's Captain? | Critical Role | Campaign 2, Episode 36",2019-12-20 02:54:54+00:00,14694,2691876,38501,2850,False,0.01536140594886243,244.9,180_plus,2019,2019-12,2298,1171.4
39TP4YZHf3M,UCpXBGqwsBkpvcYjsJBQ7LEQ,Critical Role,large,"Dockside Diplomacy | Critical Role | Campaign 2, Episode 35",2019-12-20 02:53:01+00:00,13886,2669819,38753,3438,False,0.01580294394488915,231.4,180_plus,2019,2019-12,2298,1161.8
GcmINbstp-E,UCpXBGqwsBkpvcYjsJBQ7LEQ,Critical Role,large,"Encroaching Waters | Critical Role | Campaign 2, Episode 34",2019-12-20 02:50:53+00:00,15773,2949509,39964,2910,False,0.014535978700183657,262.9,180_plus,2019,2019-12,2298,1283.51
QbrorVyH4mk,UCpXBGqwsBkpvcYjsJBQ7LEQ,Critical Role,large,"The Ruby and the Sapphire | Critical Role | Campaign 2, Episode 33",2019-12-20 00:44:15+00:00,14050,2951868,41997,2791,False,0.015172765177846706,234.2,180_plus,2019,2019-12,2299,1283.98
aRQr1QMNHsQ,UCpXBGqwsBkpvcYjsJBQ7LEQ,Critical Role,large,"Beyond the Boundaries  | Critical Role | Campaign 2, Episode 32",2019-12-20 00:32:11+00:00,13522,2704626,40384,2886,False,0.01599851513665845,225.4,180_plus,2019,2019-12,2299,1176.44
FJ25t2cM6Ws,UCpXBGqwsBkpvcYjsJBQ7LEQ,Critical Role,large,"Commerce & Chaos | Critical Role | Campaign 2, Episode 31",2019-12-20 00:26:10+00:00,12395,2487069,41322,2973,False,0.017810121070223624,206.6,180_plus,2019,2019-12,2299,1081.8
nmiBiqC3fDY,UCpXBGqwsBkpvcYjsJBQ7LEQ,Critical Role,large,"The Journey Home | Critical Role | Campaign 2, Episode 30",2019-12-20 00:21:14+00:00,12847,2662711,43958,2935,False,0.01761099871521919,214.1,180_plus,2019,2019-12,2299,1158.2
L3vV7ZdE_w8,UCpXBGqwsBkpvcYjsJBQ7LEQ,Critical Role,large,"The Stalking Nightmare | Critical Role | Campaign 2, Episode 29  -  Live from Indianapolis!",2019-12-20 00:12:12+00:00,15058,2408753,42895,2998,False,0.01905259692463279,251.0,180_plus,2019,2019-12,2299,1047.74
_jDCU8IRyfA,UCpXBGqwsBkpvcYjsJBQ7LEQ,Critical Role,large,"Within the Nest | Critical Role | Campaign 2, Episode 28",2019-12-19 23:49:09+00:00,15138,2613660,43516,3493,False,0.017985889518912175,252.3,180_plus,2019,2019-12,2299,1136.87
p6miK4kIwIE,UCpXBGqwsBkpvcYjsJBQ7LEQ,Critical Role,large,"Converging Fury  | Critical Role | Campaign 2, Episode 27",2019-12-19 23:47:15+00:00,14598,2867549,42581,3642,False,0.016119340942386685,243.3,180_plus,2019,2019-12,2299,1247.3
NZVqPja6Alg,UCpXBGqwsBkpvcYjsJBQ7LEQ,Critical Role,large,"Found & Lost | Critical Role | Campaign 2, Episode 26",2019-12-19 23:39:32+00:00,17609,3253150,49497,7356,False,0.017476292209089653,293.5,180_plus,2019,2019-12,2299,1415.03
CoomA-qeJMI,UCpXBGqwsBkpvcYjsJBQ7LEQ,Critical Role,large,"Divergent Paths  | Critical Role | Campaign 2, Episode 25",2019-12-19 23:05:39+00:00,14426,2631064,42643,3906,False,0.017692081986603138,240.4,180_plus,2019,2019-12,2299,1144.44
YtNB-7Jz1LQ,UCpXBGqwsBkpvcYjsJBQ7LEQ,Critical Role,large,"The Hour of Honor | Critical Role | Campaign 2, Episode 24",2019-12-19 22:55:38+00:00,13569,2902172,46187,3231,False,0.01702793631804042,226.2,180_plus,2019,2019-12,2299,1262.36
xr1dOEL2EHQ,UCpXBGqwsBkpvcYjsJBQ7LEQ,Critical Role,large,"Have Bird, Will Travel | Critical Role | Campaign 2 Episode 23",2019-12-19 22:53:00+00:00,14255,2801516,41546,2759,False,0.015814651781392648,237.6,180_plus,2019,2019-12,2299,1218.58
aQxpxWz38P8,UCpXBGqwsBkpvcYjsJBQ7LEQ,Critical Role,large,"Lost Treasures | Critical Role | Campaign 2, Episode 22",2019-12-19 20:49:49+00:00,13026,2768777,42540,3377,False,0.016583856338014943,217.1,180_plus,2019,2019-12,2299,1204.34
YTARojk9tBY,UCpXBGqwsBkpvcYjsJBQ7LEQ,Critical Role,large,"Stalker in the Swamp | Critical Role | Campaign 2, Episode 21",2019-12-19 20:31:26+00:00,16455,3235007,45730,7018,False,0.016305374300581113,274.2,180_plus,2019,2019-12,2299,1407.14
jyCoCqhsFp4,UCpXBGqwsBkpvcYjsJBQ7LEQ,Critical Role,large,"Labenda Awaits | Critical Role | Campaign 2, Episode 20",2019-12-19 20:14:44+00:00,13422,3373598,47068,3627,False,0.015026983060815189,223.7,180_plus,2019,2019-12,2299,1467.42
uO3Qt8XIAws,UCpXBGqwsBkpvcYjsJBQ7LEQ,Critical Role,large,Fine Details with Taliesin Jaffe | MINI PRIMETIME,2019-12-18 18:00:08+00:00,929,157127,9026,578,False,0.06112253145544687,15.5,under_60,2019,2019-12,2300,68.32
-yHSUgrzQVY,UCpXBGqwsBkpvcYjsJBQ7LEQ,Critical Role,large,Critical Recap -- Episode 88: Unwanted Reunions,2019-12-18 01:00:00+00:00,396,67890,2829,280,False,0.045794667845043456,6.6,under_60,2019,2019-12,2301,29.5
d-xQ5dsILYU,UCpXBGqwsBkpvcYjsJBQ7LEQ,Critical Role,large,"Unwanted Reunions | Critical Role | Campaign 2, Episode 88",2019-12-16 20:00:04+00:00,15095,2972008,45538,4323,False,0.016776872740584817,251.6,180_plus,2019,2019-12,2302,1291.05
qFdxk9kRkEE,UCpXBGqwsBkpvcYjsJBQ7LEQ,Critical Role,large,Battle Damage with Travis Willingham: MINI PRIMETIME,2019-12-11 18:00:06+00:00,1409,184524,8362,735,False,0.04929982007760508,23.5,under_60,2019,2019-12,2307,79.98
DyW21Pr5x88,UCpXBGqwsBkpvcYjsJBQ7LEQ,Critical Role,large,Critical Recap -- Episode 87: Politics and Punishment,2019-12-10 22:00:02+00:00,337,56032,2230,178,False,0.04297544260422616,5.6,under_60,2019,2019-12,2308,24.28
3RnC_HS2Ck4,UCpXBGqwsBkpvcYjsJBQ7LEQ,Critical Role,large,"Punishment and Politics | Critical Role | Campaign 2, Episode 87",2019-12-09 20:00:00+00:00,12073,2562936,46814,3714,False,0.019714889486120605,201.2,180_plus,2019,2019-12,2309,1109.98
BO7lLiRTUJ8,UCpXBGqwsBkpvcYjsJBQ7LEQ,Critical Role,large,#EverythingIsContent: Disney Villainous,2019-12-07 18:00:00+00:00,6151,333163,8061,624,False,0.026068320911986024,102.5,60_to_120,2019,2019-12,2311,144.16
JNqa3Dfvm64,UCpXBGqwsBkpvcYjsJBQ7LEQ,Critical Role,large,Drawing Action Poses with Sung Jin from Titmouse | Pub Draw S2E7,2019-12-06 18:00:02+00:00,5724,38980,1017,48,False,0.027321703437660338,95.4,60_to_120,2019,2019-12,2312,16.86
KZ-YmodLaqE,UCpXBGqwsBkpvcYjsJBQ7LEQ,Critical Role,large,Painting Age and Skin Tones with Matthew Mercer | MINI PRIMETIME,2019-12-04 18:00:04+00:00,1204,173995,7435,490,False,0.04554728584154717,20.1,under_60,2019,2019-12,2314,75.19
pVu_Ib1fpVI,UCpXBGqwsBkpvcYjsJBQ7LEQ,Critical Role,large,The Adventures of the Darrington Brigade,2019-12-01 18:00:11+00:00,16572,3723612,55158,5644,False,0.016328768947999953,276.2,180_plus,2019,2019-12,2317,1607.08
gCm2JrgXJFc,UCpXBGqwsBkpvcYjsJBQ7LEQ,Critical Role,large,Basing with Laura Bailey | MINI PRIMETIME,2019-11-27 18:00:08+00:00,1392,190947,8103,535,False,0.045237683755178136,23.2,under_60,2019,2019-11,2321,82.27
kA9OwBRTHjU,UCpXBGqwsBkpvcYjsJBQ7LEQ,Critical Role,large,Critical Recap -- Episode 86: The Cathedral,2019-11-26 23:30:01+00:00,351,57603,2194,164,False,0.04093536794958596,5.8,under_60,2019,2019-11,2322,24.81
Wao4L1Mfam4,UCpXBGqwsBkpvcYjsJBQ7LEQ,Critical Role,large,"The Cathedral | Critical Role | Campaign 2, Episode 86",2019-11-25 20:00:03+00:00,18205,3308357,50251,5069,False,0.016721290961041992,303.4,180_plus,2019,2019-11,2323,1424.17
5s4_J_nqEG0,UCpXBGqwsBkpvcYjsJBQ7LEQ,Critical Role,large,Drawing Fjord with Travis Willingham | Pub Draw S2E6,2019-11-22 18:00:00+00:00,5974,85572,2119,129,False,0.026270275323704014,99.6,60_to_120,2019,2019-11,2326,36.79
bW-YY3K7sXI,UCpXBGqwsBkpvcYjsJBQ7LEQ,Critical Role,large,Painting Fades with Marisha Ray | MINI PRIMETIME,2019-11-20 18:00:09+00:00,900,156567,7688,602,False,0.052948577925105544,15.0,under_60,2019,2019-11,2328,67.25
Z_XXhkS_VEE,UCpXBGqwsBkpvcYjsJBQ7LEQ,Critical Role,large,Critical Recap -- Episode 85: The Threads Converge,2019-11-19 23:00:05+00:00,357,40582,1498,93,False,0.039204573456212116,6.0,under_60,2019,2019-11,2329,17.42
J1Efz6E3_-0,UCpXBGqwsBkpvcYjsJBQ7LEQ,Critical Role,large,"The Threads Converge | Critical Role | Campaign 2, Episode 85",2019-11-18 20:00:02+00:00,16194,2914369,48253,4833,False,0.018215263750060478,269.9,180_plus,2019,2019-11,2330,1250.8
hez5fnRNR0k,UCpXBGqwsBkpvcYjsJBQ7LEQ,Critical Role,large,Drawing Kashaw with Will Friedle | Pub Draw S2E5,2019-11-15 18:00:11+00:00,5603,56540,1583,104,False,0.029837283339228863,93.4,60_to_120,2019,2019-11,2333,24.23
wsN1J3obAhQ,UCpXBGqwsBkpvcYjsJBQ7LEQ,Critical Role,large,Painting Grayscale with Babs Tarr | MINI PRIMETIME,2019-11-13 18:00:08+00:00,1008,121408,5782,396,False,0.05088626779124934,16.8,under_60,2019,2019-11,2335,51.99
fh3TX1Puun0,UCpXBGqwsBkpvcYjsJBQ7LEQ,Critical Role,large,Critical Recap -- Episode 84: Titles and Tattoos,2019-11-13 00:00:09+00:00,337,50827,1775,122,False,0.03732268282605702,5.6,under_60,2019,2019-11,2336,21.76
vFMddwkLjJw,UCpXBGqwsBkpvcYjsJBQ7LEQ,Critical Role,large,"Titles and Tattoos | Critical Role | Campaign 2, Episode 84",2019-11-11 20:00:07+00:00,14501,2806044,46098,4924,False,0.01818289378213599,241.7,180_plus,2019,2019-11,2337,1200.7
TzEpHLjkBhg,UCpXBGqwsBkpvcYjsJBQ7LEQ,Critical Role,large,Drawing Hana from the Crystal Palace with Erika Ishii | Pub Draw S2E4,2019-11-08 18:00:04+00:00,5768,39363,886,46,False,0.02367705713487285,96.1,60_to_120,2019,2019-11,2340,16.82
Brla_kfylsY,UCpXBGqwsBkpvcYjsJBQ7LEQ,Critical Role,large,Dirt and Grime with Liam O'Brien | MINI PRIMETIME,2019-11-06 18:00:02+00:00,814,182871,9164,573,False,0.05324518376341793,13.6,under_60,2019,2019-11,2342,78.08
Anb7m7N8u14,UCpXBGqwsBkpvcYjsJBQ7LEQ,Critical Role,large,Critical Recap -- Episode 83: Dark Bargains,2019-11-06 01:00:02+00:00,376,51170,1793,164,False,0.038245065468047686,6.3,under_60,2019,2019-11,2343,21.84
YpoHqSgjTjg,UCpXBGqwsBkpvcYjsJBQ7LEQ,Critical Role,large,"Dark Bargains | Critical Role | Campaign 2, Episode 83",2019-11-04 20:00:04+00:00,15066,2755664,45808,5098,False,0.018473224602128562,251.1,180_plus,2019,2019-11,2344,1175.62
JfZ5XP3yMVE,UCpXBGqwsBkpvcYjsJBQ7LEQ,Critical Role,large,Painting Orly with Matt Mercer! | Pub Draw S2E3,2019-11-01 17:00:03+00:00,5959,117357,3568,292,False,0.032891092989766266,99.3,60_to_120,2019,2019-11,2347,50.0
ZMDbfdn8etU,UCpXBGqwsBkpvcYjsJBQ7LEQ,Critical Role,large,Limited Color Palette with Sam Riegel | MINI PRIMETIME,2019-10-30 17:00:03+00:00,829,258965,14658,1179,False,0.06115498233351997,13.8,under_60,2019,2019-10,2349,110.24
wgqM6QHT2pM,UCpXBGqwsBkpvcYjsJBQ7LEQ,Critical Role,large,Critical Recap -- Episode 82: The Beat of the Permaheart,2019-10-29 21:00:06+00:00,336,52864,2194,253,False,0.046288589588377727,5.6,under_60,2019,2019-10,2350,22.5
2Jv3OPxR7F8,UCpXBGqwsBkpvcYjsJBQ7LEQ,Critical Role,large,"The Beat of the Permaheart | Critical Role | Campaign 2, Episode 82",2019-10-28 19:00:00+00:00,16029,2875649,44545,4146,False,0.016932177744919494,267.2,180_plus,2019,2019-10,2351,1223.16
WybZrYmXpFE,UCpXBGqwsBkpvcYjsJBQ7LEQ,Critical Role,large,#EverythingIsContent: Baldur's Gate,2019-10-26 17:00:04+00:00,3733,249514,6366,355,False,0.026936364292184007,62.2,60_to_120,2019,2019-10,2353,106.04
vVJXK_0520M,UCpXBGqwsBkpvcYjsJBQ7LEQ,Critical Role,large,Drawing Vex with Laura Bailey! | Pub Draw S2E2,2019-10-25 17:00:07+00:00,5738,69134,1927,94,False,0.029233083576821823,95.6,60_to_120,2019,2019-10,2354,29.37
kjXezwXQSTI,UCpXBGqwsBkpvcYjsJBQ7LEQ,Critical Role,large,Critical Recap -- Episode 81: From Door to Door,2019-10-22 21:00:05+00:00,328,47740,1663,102,False,0.036971093422706325,5.5,under_60,2019,2019-10,2357,20.25
XPu0ANzvQdQ,UCpXBGqwsBkpvcYjsJBQ7LEQ,Critical Role,large,"From Door to Door | Critical Role | Campaign 2, Episode 81",2019-10-21 19:00:02+00:00,15402,2907030,43252,3991,False,0.01625129427628886,256.7,180_plus,2019,2019-10,2358,1232.84
ZMfmzMmz12A,UCpXBGqwsBkpvcYjsJBQ7LEQ,Critical Role,large,Draw Reani with Mica Burton! | Pub Draw S2E1,2019-10-18 17:00:08+00:00,5427,69733,1978,145,False,0.03044469619835659,90.4,60_to_120,2019,2019-10,2361,29.54
KC5zh54xZQo,UCpXBGqwsBkpvcYjsJBQ7LEQ,Critical Role,large,#EverythingIsContent - 3D Printing Miniatures from Hero Forge,2019-10-17 17:00:08+00:00,4205,313264,7071,472,False,0.02407873231523571,70.1,60_to_120,2019,2019-10,2362,132.63
auaHGElrOK8,UCpXBGqwsBkpvcYjsJBQ7LEQ,Critical Role,large,Critical Recap -- Episode 80: The Folding Halls,2019-10-15 21:00:00+00:00,363,51074,1872,104,False,0.038688961115244544,6.0,under_60,2019,2019-10,2364,21.6
aHKloZn2rII,UCpXBGqwsBkpvcYjsJBQ7LEQ,Critical Role,large,"The Folding Halls | Critical Role | Campaign 2, Episode 80",2019-10-14 19:00:00+00:00,13273,3008104,44577,3910,False,0.016118791105626668,221.2,180_plus,2019,2019-10,2365,1271.93
jgm6w1Oene0,UCpXBGqwsBkpvcYjsJBQ7LEQ,Critical Role,large,Travis Willingham's Spooktacular,2019-10-10 19:00:09+00:00,640,1314210,61792,2808,False,0.04915500566880483,10.7,under_60,2019,2019-10,2369,554.75
3GmxqOaeQo4,UCpXBGqwsBkpvcYjsJBQ7LEQ,Critical Role,large,Critical Recap -- Episode 79: Through the Trees,2019-10-01 21:00:00+00:00,318,55223,1784,162,False,0.03523894029661554,5.3,under_60,2019,2019-10,2378,23.22
yG2vBIu1ieg,UCpXBGqwsBkpvcYjsJBQ7LEQ,Critical Role,large,"Through the Trees | Critical Role | Campaign 2, Episode 79",2019-09-30 19:00:04+00:00,15579,2834679,43007,5939,False,0.017266858081638168,259.6,180_plus,2019,2019-09,2379,1191.54
dicKiLMqXAs,UCpXBGqwsBkpvcYjsJBQ7LEQ,Critical Role,large,#EverythingIsContent - Magic: The Gathering Arena,2019-09-28 17:00:04+00:00,3794,356973,9642,856,False,0.0294083866286806,63.2,60_to_120,2019,2019-09,2381,149.93
MRzEsNSzwpE,UCpXBGqwsBkpvcYjsJBQ7LEQ,Critical Role,large,Critical Recap -- Episode 78: Between the Lines,2019-09-24 21:00:02+00:00,401,55116,1864,108,False,0.03577908411350606,6.7,under_60,2019,2019-09,2385,23.11
Z8Jbn8VoXaw,UCpXBGqwsBkpvcYjsJBQ7LEQ,Critical Role,large,"Between the Lines | Critical Role | Campaign 2, Episode 78",2019-09-23 19:00:07+00:00,14876,3079820,46870,4654,False,0.01672954912949458,247.9,180_plus,2019,2019-09,2386,1290.79
rxtwwWhG6ew,UCpXBGqwsBkpvcYjsJBQ7LEQ,Critical Role,large,Tavern Keeper Build | The Legend of Vox Machina,2019-09-19 17:00:06+00:00,4144,305423,8940,931,False,0.03231911152729166,69.1,60_to_120,2019,2019-09,2390,127.79
49haijyLyB0,UCpXBGqwsBkpvcYjsJBQ7LEQ,Critical Role,large,#EverythingIsContent - Solasta: Crown of the Magister,2019-09-14 17:00:00+00:00,3765,164831,4528,270,False,0.029108602144014173,62.8,60_to_120,2019,2019-09,2395,68.82
IW-wt6u7GNQ,UCpXBGqwsBkpvcYjsJBQ7LEQ,Critical Role,large,"A Tangled Web | Critical Role | Campaign 2, Episode 77",2019-09-09 19:00:00+00:00,14066,3257338,47607,4601,False,0.016027811667072928,234.4,180_plus,2019,2019-09,2400,1357.22
0oclW3MXABA,UCpXBGqwsBkpvcYjsJBQ7LEQ,Critical Role,large,Dalen's Closet | Vox Machina One-Shot,2019-09-02 22:46:28+00:00,14985,2515398,43964,4930,False,0.019437878220464513,249.8,180_plus,2019,2019-09,2407,1045.03
ESTrAq3LDyo,UCpXBGqwsBkpvcYjsJBQ7LEQ,Critical Role,large,Critical Recap -- Episode 76: Refjorged,2019-08-27 21:00:00+00:00,370,85793,2907,418,False,0.038756075670509246,6.2,under_60,2019,2019-08,2413,35.55
BzHkVh80kVQ,UCpXBGqwsBkpvcYjsJBQ7LEQ,Critical Role,large,"Refjorged | Critical Role | Campaign 2, Episode 76",2019-08-26 19:00:02+00:00,18032,3529329,55196,6885,False,0.017590029152850302,300.5,180_plus,2019,2019-08,2414,1462.03
qP9CVn32f9M,UCpXBGqwsBkpvcYjsJBQ7LEQ,Critical Role,large,Critical Recap -- Episode 75: Rime and Reason,2019-08-21 00:00:03+00:00,350,50835,1930,211,False,0.04211665191305203,5.8,under_60,2019,2019-08,2420,21.01
Z1pJ0essryI,UCpXBGqwsBkpvcYjsJBQ7LEQ,Critical Role,large,"Rime and Reason | Critical Role | Campaign 2, Episode 75",2019-08-19 19:00:02+00:00,15458,3030113,48666,5523,False,0.017883491473750318,257.6,180_plus,2019,2019-08,2421,1251.6
WaiKV_URiks,UCpXBGqwsBkpvcYjsJBQ7LEQ,Critical Role,large,Critical Recap -- Episode 74: Manifold Morals,2019-08-13 21:00:03+00:00,388,60141,1945,195,False,0.03558304650737434,6.5,under_60,2019,2019-08,2427,24.78
rMZYyG8qm-Y,UCpXBGqwsBkpvcYjsJBQ7LEQ,Critical Role,large,"Manifold Morals | Critical Role | Campaign 2, Episode 74",2019-08-12 19:00:04+00:00,14964,3148534,46967,4639,False,0.016390485222646477,249.4,180_plus,2019,2019-08,2428,1296.76
u7tryH_Dvlg,UCpXBGqwsBkpvcYjsJBQ7LEQ,Critical Role,large,Introducing Your New D&D Beyond Presidents,2019-08-09 17:00:07+00:00,362,342908,19007,977,False,0.05827802209338948,6.0,under_60,2019,2019-08,2431,141.06
UuyYRqjJN7w,UCpXBGqwsBkpvcYjsJBQ7LEQ,Critical Role,large,Critical Recap -- Episode 73: Uthodurn,2019-08-06 22:30:00+00:00,348,57830,1986,109,False,0.03622687186581359,5.8,under_60,2019,2019-08,2434,23.76
M5lRGaV-xQk,UCpXBGqwsBkpvcYjsJBQ7LEQ,Critical Role,large,"Uthodurn | Critical Role | Campaign 2, Episode 73 - Live From Indianapolis!",2019-08-05 19:00:06+00:00,15011,3132890,50829,4935,False,0.01779953972210962,250.2,180_plus,2019,2019-08,2435,1286.61
0uhqZdJ8swQ,UCpXBGqwsBkpvcYjsJBQ7LEQ,Critical Role,large,Call of Cthulhu: Shadow of the Crystal Palace,2019-07-31 19:00:01+00:00,14693,3214891,65649,5646,False,0.022176490587083666,244.9,180_plus,2019,2019-07,2440,1317.58
-0LVh6yogBs,UCpXBGqwsBkpvcYjsJBQ7LEQ,Critical Role,large,Critical Recap -- Episode 72: Clay and Dust,2019-07-30 21:00:00+00:00,366,71127,2481,229,False,0.03810086183868292,6.1,under_60,2019,2019-07,2441,29.14
8tCcRA2aogk,UCpXBGqwsBkpvcYjsJBQ7LEQ,Critical Role,large,"Clay and Dust | Critical Role | Campaign 2, Episode 72",2019-07-29 19:00:00+00:00,13088,2972705,50164,4878,False,0.01851579621926831,218.1,180_plus,2019,2019-07,2442,1217.32
D51TnWSchXw,UCpXBGqwsBkpvcYjsJBQ7LEQ,Critical Role,large,Critical Recap -- Episode 71: Family Gathering,2019-07-23 21:00:00+00:00,322,61849,2063,217,False,0.03686397516532199,5.4,under_60,2019,2019-07,2448,25.27
XpLgITRGA30,UCpXBGqwsBkpvcYjsJBQ7LEQ,Critical Role,large,"Family Gathering | Critical Role | Campaign 2, Episode 71",2019-07-22 19:00:03+00:00,12258,2663845,44762,3907,False,0.0182702071629543,204.3,180_plus,2019,2019-07,2449,1087.73
uKp6rZi4hi4,UCpXBGqwsBkpvcYjsJBQ7LEQ,Critical Role,large,Critical Recap -- Episode 70: Causatum,2019-07-16 23:30:02+00:00,307,66126,2247,159,False,0.036385083023319116,5.1,under_60,2019,2019-07,2455,26.94
kKeNW01RJYY,UCpXBGqwsBkpvcYjsJBQ7LEQ,Critical Role,large,"Causatum | Critical Role | Campaign 2, Episode 70",2019-07-15 19:00:02+00:00,13993,3215089,48718,4234,False,0.01646983955965138,233.2,180_plus,2019,2019-07,2456,1309.08
AHamhkb91og,UCpXBGqwsBkpvcYjsJBQ7LEQ,Critical Role,large,Critical Recap -- Episode 69: The King's Cage,2019-07-09 21:00:00+00:00,346,84711,3262,230,False,0.04122250947338598,5.8,under_60,2019,2019-07,2462,34.41
Sj5wImPuG-k,UCpXBGqwsBkpvcYjsJBQ7LEQ,Critical Role,large,"The King's Cage | Critical Role | Campaign 2, Episode 69",2019-07-01 19:00:01+00:00,15511,3089827,52461,6440,False,0.019062879572222004,258.5,180_plus,2019,2019-07,2470,1250.94
agxBFr1WCYA,UCpXBGqwsBkpvcYjsJBQ7LEQ,Critical Role,large,Critical Recap -- Episode 68: Reflections,2019-06-25 23:30:00+00:00,335,63329,2122,127,False,0.03551295614963129,5.6,under_60,2019,2019-06,2476,25.58
5GAclNF61Xs,UCpXBGqwsBkpvcYjsJBQ7LEQ,Critical Role,large,"Reflections | Critical Role | Campaign 2, Episode 68",2019-06-24 19:00:02+00:00,13733,3024869,45725,4184,False,0.01649955750149841,228.9,180_plus,2019,2019-06,2477,1221.18
AfEZF5G9HV4,UCpXBGqwsBkpvcYjsJBQ7LEQ,Critical Role,large,The Search For Bob,2019-06-23 00:30:00+00:00,14295,3324758,35049,3055,False,0.011460683755028185,238.2,180_plus,2019,2019-06,2479,1341.17
L7rWQHYIrFc,UCpXBGqwsBkpvcYjsJBQ7LEQ,Critical Role,large,MAME Drop: Anime Games with Erica Lindbeck!,2019-06-20 17:00:02+00:00,3659,83868,2424,389,False,0.03354080221300138,61.0,60_to_120,2019,2019-06,2481,33.8
3cA8zgNN5t4,UCpXBGqwsBkpvcYjsJBQ7LEQ,Critical Role,large,Critical Recap -- Episode 67: Beyond the Eyes of Angels,2019-06-18 21:00:02+00:00,341,60574,2171,90,False,0.03732624558391389,5.7,under_60,2019,2019-06,2483,24.4
Fc6qD6ALGKw,UCpXBGqwsBkpvcYjsJBQ7LEQ,Critical Role,large,A Special Anniversary Update (State of the Role),2019-06-18 17:00:02+00:00,420,382260,25296,1748,False,0.07074765866164391,7.0,under_60,2019,2019-06,2483,153.95
hdtabnXnckw,UCpXBGqwsBkpvcYjsJBQ7LEQ,Critical Role,large,"Beyond the Eyes of Angels | Critical Role | Campaign 2, Episode 67",2019-06-17 19:00:03+00:00,15866,3440436,45425,3628,False,0.014257785931783064,264.4,180_plus,2019,2019-06,2484,1385.04
_2x7bGnVlXU,UCpXBGqwsBkpvcYjsJBQ7LEQ,Critical Role,large,#EverythingIsContent: Knights of Pen & Paper II,2019-06-15 17:00:04+00:00,3566,249551,6687,367,False,0.028266767113736272,59.4,under_60,2019,2019-06,2486,100.38
AdKire4QAq4,UCpXBGqwsBkpvcYjsJBQ7LEQ,Critical Role,large,Critical Recap -- Episode 66: Beneath Bazzoxan,2019-06-11 23:00:00+00:00,355,58414,1647,100,False,0.029907214024035334,5.9,under_60,2019,2019-06,2490,23.46
JGnGZbuvSJY,UCpXBGqwsBkpvcYjsJBQ7LEQ,Critical Role,large,"Beneath Bazzoxan | Critical Role | Campaign 2, Episode 66",2019-06-10 19:00:02+00:00,15905,3509057,47439,4066,False,0.014677732507622419,265.1,180_plus,2019,2019-06,2491,1408.69
QDeXA7dxDSA,UCpXBGqwsBkpvcYjsJBQ7LEQ,Critical Role,large,Handbooker Helper: Backgrounds,2019-06-05 19:00:06+00:00,418,561280,23028,567,False,0.04203784207525656,7.0,under_60,2019,2019-06,2496,224.87
ApxIHBWdyzI,UCpXBGqwsBkpvcYjsJBQ7LEQ,Critical Role,large,Critical Recap -- Episode 65: Chases and Trees,2019-06-04 21:00:00+00:00,361,58781,1767,121,False,0.0321192221976489,6.0,under_60,2019,2019-06,2497,23.54
HNODkS9gZmM,UCpXBGqwsBkpvcYjsJBQ7LEQ,Critical Role,large,"Chases and Trees | Critical Role | Campaign 2, Episode 65",2019-06-03 19:00:05+00:00,14188,3378387,47262,3761,False,0.015102769457732344,236.5,180_plus,2019,2019-06,2498,1352.44
F_yjWbguXW4,UCpXBGqwsBkpvcYjsJBQ7LEQ,Critical Role,large,Tails of Equestria One-Shot,2019-06-02 17:00:02+00:00,13159,723036,14982,1623,False,0.022965661460840125,219.3,180_plus,2019,2019-06,2499,289.33
mH4WxWniih0,UCpXBGqwsBkpvcYjsJBQ7LEQ,Critical Role,large,Critical Recap -- Episode 64: A Dangerous Chase,2019-05-28 23:00:05+00:00,369,63246,1951,131,False,0.03291907788634854,6.2,under_60,2019,2019-05,2504,25.26
3yfLht7w7Yk,UCpXBGqwsBkpvcYjsJBQ7LEQ,Critical Role,large,"A Dangerous Chase | Critical Role | Campaign 2, Episode 64",2019-05-27 19:00:00+00:00,12538,3138323,46664,3543,False,0.015998034619126203,209.0,180_plus,2019,2019-05,2505,1252.82
3658C2y4LlA,UCpXBGqwsBkpvcYjsJBQ7LEQ,Critical Role,large,Stephen Colbert's D&D Adventure with Matthew Mercer (Red Nose Day 2019),2019-05-23 17:00:00+00:00,3152,3016976,109642,8373,False,0.03911698336347389,52.5,under_60,2019,2019-05,2509,1202.46
fYbmMpnI8n8,UCpXBGqwsBkpvcYjsJBQ7LEQ,Critical Role,large,MAME Drop: Mech Games with Mark Hulmes!,2019-05-23 14:00:09+00:00,3765,63150,1847,164,False,0.03184481393507522,62.8,60_to_120,2019,2019-05,2509,25.17
ujtWDVZc9dU,UCpXBGqwsBkpvcYjsJBQ7LEQ,Critical Role,large,Critical Recap -- Episode 63: Intervention,2019-05-21 21:00:05+00:00,342,64350,1693,128,False,0.0282983682983683,5.7,under_60,2019,2019-05,2511,25.63
CQWv6zQZTGo,UCpXBGqwsBkpvcYjsJBQ7LEQ,Critical Role,large,"Intervention | Critical Role | Campaign 2, Episode 63",2019-05-20 19:00:02+00:00,12570,3204273,47066,4143,False,0.01598147224034906,209.5,180_plus,2019,2019-05,2512,1275.59
IGyrng_YXpQ,UCpXBGqwsBkpvcYjsJBQ7LEQ,Critical Role,large,Critical Recap -- Episode 62: Domestic Respite,2019-05-14 21:00:02+00:00,353,79193,1960,96,False,0.025961890571136337,5.9,under_60,2019,2019-05,2518,31.45
-EfuYx_YWC8,UCpXBGqwsBkpvcYjsJBQ7LEQ,Critical Role,large,"Domestic Respite | Critical Role | Campaign 2, Episode 62",2019-05-13 19:00:00+00:00,14338,3737491,51074,4338,False,0.014825988878635427,239.0,180_plus,2019,2019-05,2519,1483.72
MdndSpFbzCU,UCpXBGqwsBkpvcYjsJBQ7LEQ,Critical Role,large,Handbooker Helper: Skills,2019-05-08 19:00:03+00:00,505,514266,18417,440,False,0.03666779448767758,8.4,under_60,2019,2019-05,2524,203.75
Tm3z7UReMgo,UCpXBGqwsBkpvcYjsJBQ7LEQ,Critical Role,large,Critical Recap -- Episode 61: Agreements,2019-05-07 21:00:05+00:00,357,63514,2038,199,False,0.035220581289164596,6.0,under_60,2019,2019-05,2525,25.15
Ck_yuplT8O8,UCpXBGqwsBkpvcYjsJBQ7LEQ,Critical Role,large,"Agreements | Critical Role | Campaign 2, Episode 61",2019-05-06 19:00:00+00:00,12398,3066007,49223,3397,False,0.017162387430948462,206.6,180_plus,2019,2019-05,2526,1213.78
MuzNved-aus,UCpXBGqwsBkpvcYjsJBQ7LEQ,Critical Role,large,Critical Recap -- Episode 60: A Turtle By Any Other Name,2019-04-30 21:00:01+00:00,348,57230,1608,72,False,0.029355233269264373,5.8,under_60,2019,2019-04,2532,22.6
yJgaEh_GZ6M,UCpXBGqwsBkpvcYjsJBQ7LEQ,Critical Role,large,"A Turtle By Any Other Name | Critical Role | Campaign 2, Episode 60",2019-04-29 19:00:06+00:00,14162,3634445,51491,4451,False,0.015392171294379196,236.0,180_plus,2019,2019-04,2533,1434.84
qk0X_Y_Xpgo,UCpXBGqwsBkpvcYjsJBQ7LEQ,Critical Role,large,Handbooker Helper: Condition Effects,2019-04-24 19:00:03+00:00,764,499193,18365,536,False,0.03786311106125286,12.7,under_60,2019,2019-04,2538,196.69
DnGSFrWctAY,UCpXBGqwsBkpvcYjsJBQ7LEQ,Critical Role,large,Critical Recap -- Episode 59: Perspective,2019-04-23 21:00:00+00:00,378,54713,1641,73,False,0.031327106903295376,6.3,under_60,2019,2019-04,2539,21.55
-qveongNOUI,UCpXBGqwsBkpvcYjsJBQ7LEQ,Critical Role,large,"Perspective | Critical Role | Campaign 2, Episode 59",2019-04-22 19:00:00+00:00,14166,3474988,48266,4170,False,0.015089548510671116,236.1,180_plus,2019,2019-04,2540,1368.11
txCHuNZ_KMI,UCpXBGqwsBkpvcYjsJBQ7LEQ,Critical Role,large,Kickstarter Campaign End Party with Joel Hodgson!,2019-04-20 17:00:07+00:00,1838,333779,11911,723,False,0.037851392687976174,30.6,under_60,2019,2019-04,2542,131.31
78e6iOJ1a_Y,UCpXBGqwsBkpvcYjsJBQ7LEQ,Critical Role,large,MAME Drop: Fantasy Games,2019-04-18 17:00:02+00:00,3631,76528,1817,153,False,0.025742212000836297,60.5,60_to_120,2019,2019-04,2544,30.08
dBABw1T2goU,UCpXBGqwsBkpvcYjsJBQ7LEQ,Critical Role,large,Critical Recap -- Episode 58: Wood and Steel,2019-04-16 21:00:04+00:00,360,59150,1811,74,False,0.031868131868131866,6.0,under_60,2019,2019-04,2546,23.23
7Z610fSoifk,UCpXBGqwsBkpvcYjsJBQ7LEQ,Critical Role,large,"Wood and Steel | Critical Role | Campaign 2, Episode 58",2019-04-15 19:00:02+00:00,13700,3632160,51633,4049,False,0.015330271794194088,228.3,180_plus,2019,2019-04,2547,1426.05
FTcrogoB-rQ,UCpXBGqwsBkpvcYjsJBQ7LEQ,Critical Role,large,Draw Gilmore with Matt! | Pub Draw,2019-04-12 17:00:04+00:00,6279,161211,4485,311,False,0.029749830966869506,104.6,60_to_120,2019,2019-04,2550,63.22
100wR825ImI,UCpXBGqwsBkpvcYjsJBQ7LEQ,Critical Role,large,Handbooker Helper: Multiclassing,2019-04-10 19:00:00+00:00,493,2451484,90037,2985,False,0.037945179328113095,8.2,under_60,2019,2019-04,2552,960.61
vptM0rBX7rM,UCpXBGqwsBkpvcYjsJBQ7LEQ,Critical Role,large,Critical Recap -- Episode 57: In Love and War,2019-04-09 21:00:07+00:00,419,63016,2046,170,False,0.03516567221023232,7.0,under_60,2019,2019-04,2553,24.68
fUfCP184L0I,UCpXBGqwsBkpvcYjsJBQ7LEQ,Critical Role,large,"In Love and War | Critical Role | Campaign 2, Episode 57",2019-04-08 19:00:02+00:00,13515,3371321,54539,5936,False,0.01793807234612189,225.2,180_plus,2019,2019-04,2554,1320.02
6DaR6Q6wf1w,UCpXBGqwsBkpvcYjsJBQ7LEQ,Critical Role,large,Lighting and Shading | Pub Draw,2019-04-05 17:00:00+00:00,5689,32540,823,37,False,0.02642901044867855,94.8,60_to_120,2019,2019-04,2557,12.73
u2eTfD9Nxic,UCpXBGqwsBkpvcYjsJBQ7LEQ,Critical Role,large,MAME Drop: Mixed Bag o' Games,2019-04-04 17:00:08+00:00,3475,61426,1608,153,False,0.028668641943151107,57.9,under_60,2019,2019-04,2558,24.01
GfOv5DpdXes,UCpXBGqwsBkpvcYjsJBQ7LEQ,Critical Role,large,Inking Basics | Pub Draw,2019-03-29 17:00:00+00:00,5785,37161,1080,59,False,0.0306504130674632,96.4,60_to_120,2019,2019-03,2564,14.49
gcw2fFkYPKE,UCpXBGqwsBkpvcYjsJBQ7LEQ,Critical Role,large,Critical Recap -- Episode 56: The Favor,2019-03-26 21:00:02+00:00,362,77751,2801,288,False,0.03972939254800582,6.0,under_60,2019,2019-03,2567,30.29
v681w8OMxzs,UCpXBGqwsBkpvcYjsJBQ7LEQ,Critical Role,large,"The Making of ""Your Turn to Roll"" | The Legend of Vox Machina",2019-03-26 17:00:11+00:00,414,4504950,118440,2007,False,0.0267365897512736,6.9,under_60,2019,2019-03,2567,1754.95
ZtcAs7jCDvw,UCpXBGqwsBkpvcYjsJBQ7LEQ,Critical Role,large,"The Favor | Critical Role | Campaign 2, Episode 56",2019-03-25 19:00:03+00:00,10877,2917028,54808,4917,False,0.020474606345910976,181.3,180_plus,2019,2019-03,2568,1135.91
PLsTaVj8yb4,UCpXBGqwsBkpvcYjsJBQ7LEQ,Critical Role,large,Draw Caleb with Liam O'Brien aka Art Dad! | Pub Draw,2019-03-22 17:00:03+00:00,5825,136119,3550,189,False,0.02746861202330314,97.1,60_to_120,2019,2019-03,2571,52.94
iZmKbzp-Tg0,UCpXBGqwsBkpvcYjsJBQ7LEQ,Critical Role,large,MAME Drop: METAL Games with Whitney Moore,2019-03-21 17:00:05+00:00,3547,68264,1677,196,False,0.027437595218563225,59.1,under_60,2019,2019-03,2572,26.54
MN4N_oxV9TY,UCpXBGqwsBkpvcYjsJBQ7LEQ,Critical Role,large,Critical Recap -- Episode 55: Duplicity,2019-03-19 21:00:04+00:00,365,83754,2682,214,False,0.03457745301716933,6.1,under_60,2019,2019-03,2574,32.54
k1PRExWXj8o,UCpXBGqwsBkpvcYjsJBQ7LEQ,Critical Role,large,"Duplicity | Critical Role | Campaign 2, Episode 55",2019-03-18 19:00:04+00:00,15929,3435969,52077,6432,False,0.017028384132685714,265.5,180_plus,2019,2019-03,2575,1334.36
wTGziOFu3iM,UCpXBGqwsBkpvcYjsJBQ7LEQ,Critical Role,large,Drawing Bodies (Part 2) | Pub Draw,2019-03-15 17:00:15+00:00,6020,36254,873,52,False,0.025514425994373036,100.3,60_to_120,2019,2019-03,2578,14.06
z-ApNmU094s,UCpXBGqwsBkpvcYjsJBQ7LEQ,Critical Role,large,Critical Recap -- Episode 54: Well Beneath,2019-03-12 21:00:09+00:00,342,57970,1623,79,False,0.029360013800241506,5.7,under_60,2019,2019-03,2581,22.46
iA0rVPoBK5E,UCpXBGqwsBkpvcYjsJBQ7LEQ,Critical Role,large,"Well Beneath | Critical Role | Campaign 2, Episode 54",2019-03-11 19:00:03+00:00,12898,3438501,49826,4098,False,0.015682415098905018,215.0,180_plus,2019,2019-03,2582,1331.72
3GtatoU1jEA,UCpXBGqwsBkpvcYjsJBQ7LEQ,Critical Role,large,Draw Grog with Travis Willingham | Pub Draw,2019-03-08 18:00:01+00:00,5538,147991,3684,217,False,0.026359711063510618,92.3,60_to_120,2019,2019-03,2585,57.25
fbjZAEzF8G8,UCpXBGqwsBkpvcYjsJBQ7LEQ,Critical Role,large,MAME Drop: Comic Book Games with Amy Dallen!,2019-03-07 18:00:04+00:00,3726,85064,2320,241,False,0.03010674315809273,62.1,60_to_120,2019,2019-03,2586,32.89
CHtkAfkOYgI,UCpXBGqwsBkpvcYjsJBQ7LEQ,Critical Role,large,The Legend of Vox Machina Kickstarter Q&A,2019-03-06 18:00:01+00:00,4248,1064908,30879,4075,False,0.0328234927336446,70.8,60_to_120,2019,2019-03,2587,411.64
S3oIRSbReWQ,UCpXBGqwsBkpvcYjsJBQ7LEQ,Critical Role,large,Critical Recap -- Episode 53: Cornered,2019-03-05 22:00:02+00:00,362,73579,2514,201,False,0.03689911523668438,6.0,under_60,2019,2019-03,2588,28.43
tdP3yCRPtJY,UCpXBGqwsBkpvcYjsJBQ7LEQ,Critical Role,large,"Cornered | Critical Role | Campaign 2, Episode 53",2019-03-04 20:00:11+00:00,12906,3474823,51732,4057,False,0.016055206265182427,215.1,180_plus,2019,2019-03,2589,1342.15
IAi9xjcNFus,UCpXBGqwsBkpvcYjsJBQ7LEQ,Critical Role,large,The Legend of Vox Machina Kickstarter is LIVE!,2019-03-04 17:58:47+00:00,392,1175849,51509,4835,False,0.04791771732594916,6.5,under_60,2019,2019-03,2589,454.17
9E0kenW0vjc,UCpXBGqwsBkpvcYjsJBQ7LEQ,Critical Role,large,Learn to Draw Body Basics | Pub Draw,2019-03-01 18:00:04+00:00,6125,59757,1322,92,False,0.023662499790819486,102.1,60_to_120,2019,2019-03,2592,23.05
jWxZo9C8zsk,UCpXBGqwsBkpvcYjsJBQ7LEQ,Critical Role,large,Critical Recap -- Episode 52: Feral Business,2019-02-28 17:00:13+00:00,337,52647,1409,59,False,0.027883830037798926,5.6,under_60,2019,2019-02,2593,20.3
REyVoebe06E,UCpXBGqwsBkpvcYjsJBQ7LEQ,Critical Role,large,"Feral Business | Critical Role | Campaign 2, Episode 52",2019-02-25 20:00:03+00:00,14930,4091484,57161,5541,False,0.015325001881957744,248.8,180_plus,2019,2019-02,2596,1576.07
hi5pEHs76TE,UCpXBGqwsBkpvcYjsJBQ7LEQ,Critical Role,large,The Search For Grog | Critical Role One-Shot,2019-02-23 18:00:07+00:00,16869,3889955,60824,5236,False,0.0169822015935917,281.2,180_plus,2019,2019-02,2598,1497.29
9zDe3QI2-vE,UCpXBGqwsBkpvcYjsJBQ7LEQ,Critical Role,large,Draw Nott with Sam Riegel | Pub Draw,2019-02-22 18:00:01+00:00,5755,171986,4130,257,False,0.025507890177107438,95.9,60_to_120,2019,2019-02,2599,66.17
aOqeIhAvJsE,UCpXBGqwsBkpvcYjsJBQ7LEQ,Critical Role,large,MAME Drop: Licensed Toy Classics,2019-02-21 18:00:06+00:00,3712,87806,2402,200,False,0.029633510238480286,61.9,60_to_120,2019,2019-02,2600,33.77
4ATXsErMpHQ,UCpXBGqwsBkpvcYjsJBQ7LEQ,Critical Role,large,Handbooker Helper: Monk (Quick Build),2019-02-20 20:00:00+00:00,339,535010,20415,885,False,0.0398123399562625,5.6,under_60,2019,2019-02,2601,205.69
PXW8ihxUjQ0,UCpXBGqwsBkpvcYjsJBQ7LEQ,Critical Role,large,Draw Percy Using the Loomis Method | Pub Draw,2019-02-15 18:00:02+00:00,5602,90486,1878,144,False,0.022345998275976393,93.4,60_to_120,2019,2019-02,2606,34.72
u5kpzOlf_rM,UCpXBGqwsBkpvcYjsJBQ7LEQ,Critical Role,large,MAME Drop: D&D Games!,2019-02-14 18:00:10+00:00,3672,301866,7392,478,False,0.02607117065187865,61.2,60_to_120,2019,2019-02,2607,115.79
mUuIXCsoK-M,UCpXBGqwsBkpvcYjsJBQ7LEQ,Critical Role,large,Draw Jester with Laura Bailey | Pub Draw,2019-02-08 18:00:10+00:00,6295,218070,4779,272,False,0.02316228733892787,104.9,60_to_120,2019,2019-02,2613,83.46
p4xR3X0uqBM,UCpXBGqwsBkpvcYjsJBQ7LEQ,Critical Role,large,MAME Drop: Sports Games!,2019-02-07 18:00:04+00:00,3691,145193,3906,363,False,0.029402243909830365,61.5,60_to_120,2019,2019-02,2614,55.54
MIX7VxN6qLU,UCpXBGqwsBkpvcYjsJBQ7LEQ,Critical Role,large,Learn To Draw Faces with Marisha & Babs | Pub Draw,2019-02-01 18:00:03+00:00,5840,127482,2876,105,False,0.023383693384164038,97.3,60_to_120,2019,2019-02,2620,48.66
YRpzf8nhu74,UCpXBGqwsBkpvcYjsJBQ7LEQ,Critical Role,large,MAME Drop: LaserDisc Classics,2019-01-31 18:00:02+00:00,3702,145996,4328,310,False,0.03176799364366147,61.7,60_to_120,2019,2019-01,2621,55.7
0hnpw-2Hp6s,UCpXBGqwsBkpvcYjsJBQ7LEQ,Critical Role,large,Pub Draw: Head Basics,2019-01-25 18:00:01+00:00,5771,282111,7324,399,False,0.027375749261815383,96.2,60_to_120,2019,2019-01,2627,107.39
tgHWhHQrMUQ,UCpXBGqwsBkpvcYjsJBQ7LEQ,Critical Role,large,MAME Drop: Versus!,2019-01-24 18:00:06+00:00,3716,257396,6365,552,False,0.026872989479245987,61.9,60_to_120,2019,2019-01,2628,97.94
gALo5KXqC-0,UCpXBGqwsBkpvcYjsJBQ7LEQ,Critical Role,large,MAME Drop: NES Tour,2019-01-17 18:00:05+00:00,3730,183367,5992,378,False,0.03473907518801093,62.2,60_to_120,2019,2019-01,2635,69.59
emHtNULI6c0,UCpXBGqwsBkpvcYjsJBQ7LEQ,Critical Role,large,Handbooker Helper: Passive Abilities,2019-01-16 20:00:04+00:00,316,423794,16925,746,False,0.04169714531116533,5.3,under_60,2019,2019-01,2636,160.77
8zxeGydXY98,UCpXBGqwsBkpvcYjsJBQ7LEQ,Critical Role,large,The Night Before Critmas,2018-12-23 18:00:03+00:00,16714,3351682,50437,4968,False,0.016530506175705215,278.6,180_plus,2018,2018-12,2660,1260.03
B-EW_aIP4NI,UCpXBGqwsBkpvcYjsJBQ7LEQ,Critical Role,large,Handbooker Helper: Sorcerer (Quick Build),2018-12-19 20:00:00+00:00,307,424331,13495,578,False,0.033165147019661535,5.1,under_60,2018,2018-12,2664,159.28
IMTQdUesOvU,UCpXBGqwsBkpvcYjsJBQ7LEQ,Critical Role,large,#EverythingIsContent: Fortnite feat. Pumat Sol Voice Pack,2018-12-10 18:00:01+00:00,3231,434075,11955,1076,False,0.03002015780683062,53.8,under_60,2018,2018-12,2673,162.39
ly9iqHAcT8M,UCpXBGqwsBkpvcYjsJBQ7LEQ,Critical Role,large,#EverythingIsContent: MAME Drop,2018-12-07 18:00:11+00:00,3836,142236,4130,194,False,0.03040017998256419,63.9,60_to_120,2018,2018-12,2676,53.15
W-nMNe6-jwg,UCpXBGqwsBkpvcYjsJBQ7LEQ,Critical Role,large,#EverythingIsContent: Drawing Beau,2018-11-30 18:00:07+00:00,3958,169607,4632,277,False,0.02894338087461013,66.0,60_to_120,2018,2018-11,2683,63.22
2sUpEMJAo6Q,UCpXBGqwsBkpvcYjsJBQ7LEQ,Critical Role,large,Fireside Chat with Sam Riegel,2018-11-29 18:00:01+00:00,4503,416142,12170,766,False,0.031085542915639374,75.0,60_to_120,2018,2018-11,2684,155.05
whbc64O0Yik,UCpXBGqwsBkpvcYjsJBQ7LEQ,Critical Role,large,Honey Heist 3: Tova's Honeys,2018-11-25 18:00:05+00:00,11401,530922,10382,948,False,0.021340234535393146,190.0,180_plus,2018,2018-11,2688,197.52
sBvCFVggojM,UCpXBGqwsBkpvcYjsJBQ7LEQ,Critical Role,large,#EverythingIsContent: Dungeon Mayhem,2018-11-22 18:00:07+00:00,4030,692234,15751,1057,False,0.024280806779210497,67.2,60_to_120,2018,2018-11,2691,257.24
gs86d2aNEA0,UCpXBGqwsBkpvcYjsJBQ7LEQ,Critical Role,large,#EverythingIsContent: Soul Calibur VI (11.13.18),2018-11-15 18:00:05+00:00,4555,312666,8835,620,False,0.03023993654570692,75.9,60_to_120,2018,2018-11,2698,115.89
cfNeoVHU8nw,UCpXBGqwsBkpvcYjsJBQ7LEQ,Critical Role,large,All Work No Play: MAME Cabinet,2018-11-11 18:00:04+00:00,3310,343232,11653,976,False,0.03679435483870968,55.2,under_60,2018,2018-11,2702,127.03
Y7Zm8GF6Ph8,UCpXBGqwsBkpvcYjsJBQ7LEQ,Critical Role,large,#EverythingIsContent: CriticalDad (11.6.18),2018-11-08 18:00:01+00:00,3733,96292,3120,225,False,0.034738088314709425,62.2,60_to_120,2018,2018-11,2705,35.6
OxJ3TTyj5VM,UCpXBGqwsBkpvcYjsJBQ7LEQ,Critical Role,large,All Work No Play: Fire Spinning,2018-11-04 18:00:04+00:00,2098,489408,17687,920,False,0.03801940303386949,35.0,under_60,2018,2018-11,2709,180.66
O_wAatC8ulE,UCpXBGqwsBkpvcYjsJBQ7LEQ,Critical Role,large,All Work No Play: Creature Makeup,2018-10-28 17:00:02+00:00,2825,324213,13065,718,False,0.04251217563762095,47.1,under_60,2018,2018-10,2716,119.37
SizPQqu3-GA,UCpXBGqwsBkpvcYjsJBQ7LEQ,Critical Role,large,All Work No Play: Goat Yoga,2018-10-21 17:00:02+00:00,2349,407217,14608,722,False,0.03764577608498663,39.2,under_60,2018,2018-10,2723,149.55
fuYUPHs_FV0,UCpXBGqwsBkpvcYjsJBQ7LEQ,Critical Role,large,#EverythingIsContent: Critical Vote with NerdsVote,2018-10-18 17:00:04+00:00,3054,60600,1614,461,False,0.03424092409240924,50.9,under_60,2018,2018-10,2726,22.23
l5qMyHlyuTw,UCpXBGqwsBkpvcYjsJBQ7LEQ,Critical Role,large,All Work No Play: Rage Room,2018-10-14 17:00:03+00:00,2410,378040,15911,1006,False,0.044749232885408954,40.2,under_60,2018,2018-10,2730,138.48
C0DGzRiauY4,UCpXBGqwsBkpvcYjsJBQ7LEQ,Critical Role,large,All Work No Play: Tap Dancing,2018-10-07 17:00:01+00:00,2364,370347,16247,778,False,0.045970400732286205,39.4,under_60,2018,2018-10,2737,135.31
CD1CXWE7KwM,UCpXBGqwsBkpvcYjsJBQ7LEQ,Critical Role,large,All Work No Play: Sword Fighting,2018-09-30 17:00:07+00:00,1934,620078,31002,1518,False,0.052445014981986136,32.2,under_60,2018,2018-09,2744,225.98
c9EP7jiVJnU,UCpXBGqwsBkpvcYjsJBQ7LEQ,Critical Role,large,Sam Riegel's Crash Pandas One-Shot,2018-09-23 17:00:04+00:00,10396,2547300,43656,2500,False,0.018119577591960114,173.3,120_to_180,2018,2018-09,2751,925.95
1I4B6quH_sM,UCpXBGqwsBkpvcYjsJBQ7LEQ,Critical Role,large,#EverythingIsContent: CriticalMom (09.18.18),2018-09-20 17:00:00+00:00,3649,104732,2682,153,False,0.02706909063132567,60.8,60_to_120,2018,2018-09,2754,38.03
IMC7km5oVZo,UCpXBGqwsBkpvcYjsJBQ7LEQ,Critical Role,large,"Pub Crawl with Marisha, Taliesin, Liam & Sam",2018-09-12 19:00:01+00:00,3584,286693,10009,596,False,0.03699078805551583,59.7,under_60,2018,2018-09,2762,103.8
WoV5iM7peOg,UCpXBGqwsBkpvcYjsJBQ7LEQ,Critical Role,large,Handbooker Helper: Ability Scores,2018-09-12 17:00:06+00:00,328,1073931,34800,897,False,0.03323956567042017,5.5,under_60,2018,2018-09,2762,388.82
_QhqUCB4rPI,UCpXBGqwsBkpvcYjsJBQ7LEQ,Critical Role,large,Fireside Chat & NPC Build with Matthew Mercer,2018-08-09 17:00:08+00:00,4060,469154,13158,902,False,0.029968837524565493,67.7,60_to_120,2018,2018-08,2796,167.79
LxCqClaRAZs,UCpXBGqwsBkpvcYjsJBQ7LEQ,Critical Role,large,State of the Role: Studio Tour with Marisha Ray,2018-08-02 17:00:01+00:00,1986,583063,15874,704,False,0.028432605052970263,33.1,under_60,2018,2018-08,2803,208.01
6xVaOfQc4io,UCpXBGqwsBkpvcYjsJBQ7LEQ,Critical Role,large,Matt Mercer Builds Vox Machina In Deadfire,2018-07-26 17:00:01+00:00,4249,318186,9087,416,False,0.02986617890164872,70.8,60_to_120,2018,2018-07,2810,113.23
W63ILhEsvGY,UCC8zWIx8aBQme-x1nX9iZ0A,Dimension 20,large,Welcome to the Wastes | Dimension 20: Gladlands [Full Episode],2026-01-14 18:30:51+00:00,6345,87024,2903,277,False,0.03654164368450083,105.8,60_to_120,2026,2026-01,81,1074.37
plGNmsegcJc,UCC8zWIx8aBQme-x1nX9iZ0A,Dimension 20,large,Dimension 20: On a Bus (Extended Cut),2025-09-10 17:30:11+00:00,329,669978,51292,2190,False,0.07982650176572963,5.5,under_60,2025,2025-09,207,3236.61
vBJv-RDz52c,UCC8zWIx8aBQme-x1nX9iZ0A,Dimension 20,large,"Dimension 20: Cloudward, Ho! Mid Season Recap",2025-08-13 17:30:14+00:00,714,47595,1704,153,False,0.03901670343523479,11.9,under_60,2025,2025-08,235,202.53
wA6woxr1Rso,UCC8zWIx8aBQme-x1nX9iZ0A,Dimension 20,large,"Siobhan Thompson: Too Smart For Brennan's Puzzles | Dimension 20: Cloudward, Ho!",2025-07-30 17:30:24+00:00,361,250279,9128,285,False,0.03761002720963405,6.0,under_60,2025,2025-07,249,1005.14
jW0HiXgrfZs,UCC8zWIx8aBQme-x1nX9iZ0A,Dimension 20,large,"On High We Go | Dimension 20: Cloudward, Ho! [Full Episode]",2025-06-11 17:30:16+00:00,9478,248491,6929,542,False,0.03006547520835765,158.0,120_to_180,2025,2025-06,298,833.86
b96l0snOfmQ,UCC8zWIx8aBQme-x1nX9iZ0A,Dimension 20,large,Should Romance Be Allowed in Tabletop RPGs? | Adventuring Academy,2025-05-28 17:30:17+00:00,819,226364,9353,482,False,0.0434477213691223,13.6,under_60,2025,2025-05,312,725.53
5NJn2UAbUDM,UCC8zWIx8aBQme-x1nX9iZ0A,Dimension 20,large,Behind the Scenes of Dimension 20 Live: Gauntlet at the Garden,2025-05-07 17:30:00+00:00,661,63134,3386,143,False,0.0558969810244876,11.0,under_60,2025,2025-05,333,189.59
V7AlcIyvaoI,UCC8zWIx8aBQme-x1nX9iZ0A,Dimension 20,large,Party Animals | Dimension 20: Titan Takedown [Full Episode],2025-04-09 17:30:04+00:00,8104,117166,4253,336,False,0.03916665244183466,135.1,120_to_180,2025,2025-04,361,324.56
4zZzsB0VBsY,UCC8zWIx8aBQme-x1nX9iZ0A,Dimension 20,large,How To Watch Dimension 20 [Featuring Brennan Lee Mulligan],2025-04-02 17:30:02+00:00,375,537818,33489,1720,False,0.06546638453900762,6.2,under_60,2025,2025-04,368,1461.46
YCXG4GcaOno,UCC8zWIx8aBQme-x1nX9iZ0A,Dimension 20,large,Princess and the Paramours | Dimension 20: Dungeons and Drag Queens S2 [Full Episode],2025-01-15 18:30:25+00:00,7449,647196,18864,1208,False,0.031013788713156448,124.2,120_to_180,2025,2025-01,445,1454.37
_Vs3wkltoOQ,UCC8zWIx8aBQme-x1nX9iZ0A,Dimension 20,large,Quangle in Queal Quife | Dimension 20: Time Quangle [Full Episode],2024-11-13 18:30:22+00:00,7043,126640,3234,179,False,0.026950410612760583,117.4,60_to_120,2024,2024-11,508,249.29
LQ9tlq86bHw,UCC8zWIx8aBQme-x1nX9iZ0A,Dimension 20,large,Railroading vs. Sandboxing | Adventuring Academy,2024-11-06 18:30:16+00:00,939,613166,21998,1267,False,0.0379424168985234,15.6,under_60,2024,2024-11,515,1190.61
JySupIqbMqc,UCC8zWIx8aBQme-x1nX9iZ0A,Dimension 20,large,"Evan, Sam, Davey Attenborough, and Ariana Grande | Dimension 20: Misfits & Magic Season 2",2024-10-30 17:30:03+00:00,443,64686,2609,106,False,0.041971987756237825,7.4,under_60,2024,2024-10,522,123.92
it5gFFQ5YoU,UCC8zWIx8aBQme-x1nX9iZ0A,Dimension 20,large,Banning Game Material: Yes or No? | Adventuring Academy,2024-10-23 17:30:11+00:00,325,217542,9091,900,False,0.04592676356749501,5.4,under_60,2024,2024-10,529,411.23
Aaj32zs7wqw,UCC8zWIx8aBQme-x1nX9iZ0A,Dimension 20,large,Brennan and Rekha Rate Snacks For D&D | Adventuring Academy,2024-10-09 17:30:01+00:00,1718,80271,2697,207,False,0.03617744889187876,28.6,under_60,2024,2024-10,543,147.83
0RQOAawrzxo,UCC8zWIx8aBQme-x1nX9iZ0A,Dimension 20,large,A Meeting of Misfits | Dimension 20: Misfits and Magic Season 2 [Full Episode],2024-10-02 17:30:00+00:00,7928,74172,2146,143,False,0.03086070215175538,132.1,120_to_180,2024,2024-10,550,134.86
4nnkns2w8tU,UCC8zWIx8aBQme-x1nX9iZ0A,Dimension 20,large,Dimension 20: Misfits and Magic Season 1 Recap,2024-09-11 17:30:00+00:00,514,44379,2446,144,False,0.05836093647896528,8.6,under_60,2024,2024-09,571,77.72
Ea_cR__Cej4,UCC8zWIx8aBQme-x1nX9iZ0A,Dimension 20,large,"Nat 1's Are Better Than Nat 20's | Adventuring Academy [Brennan Lee Mulligan, Sam Reich]",2024-07-24 17:30:05+00:00,1174,535658,18099,481,False,0.034686311041746784,19.6,under_60,2024,2024-07,620,863.96
Ir9nuuWlvug,UCC8zWIx8aBQme-x1nX9iZ0A,Dimension 20,large,"Getting Jumanji'd Into an Action Movie | Never Stop Blowing Up [Izzy Roland, Brennan Lee Mulligan]",2024-07-17 17:30:01+00:00,816,44687,1651,116,False,0.03954170116588717,13.6,under_60,2024,2024-07,627,71.27
MM9-dbT4FuI,UCC8zWIx8aBQme-x1nX9iZ0A,Dimension 20,large,"Be Kind, Rewind | Dimension 20: Never Stop Blowing Up [Full Episode]",2024-07-03 17:30:03+00:00,6550,158274,5423,442,False,0.03705599150839683,109.2,60_to_120,2024,2024-07,641,246.92
XC79a_tuggg,UCC8zWIx8aBQme-x1nX9iZ0A,Dimension 20,large,The Bad Kids' Holiday Gift Exchange | Fantasy High Junior Year,2024-03-27 17:30:04+00:00,792,118486,3559,120,False,0.031050081866212043,13.2,under_60,2024,2024-03,739,160.33
T_Ung-iKeT0,UCC8zWIx8aBQme-x1nX9iZ0A,Dimension 20,large,26 Fun Facts From The Fix (and Friends) | Mentopolis,2024-03-21 17:30:05+00:00,1019,506236,20202,540,False,0.04097298493192898,17.0,under_60,2024,2024-03,745,679.51
3C9Ktjl4rwA,UCC8zWIx8aBQme-x1nX9iZ0A,Dimension 20,large,Dimension 20: Fantasy High Junior Year Mid Season Recap,2024-03-18 17:30:00+00:00,793,60514,2393,121,False,0.041544105496248804,13.2,under_60,2024,2024-03,748,80.9
fRn1B_iZCN0,UCC8zWIx8aBQme-x1nX9iZ0A,Dimension 20,large,The Ultimate Riddle of the Vulture King | Fantasy High Junior Year,2024-03-13 17:30:04+00:00,324,288535,9465,198,False,0.033489871246122654,5.4,under_60,2024,2024-03,753,383.18
nJELWbRzl10,UCC8zWIx8aBQme-x1nX9iZ0A,Dimension 20,large,The Bit That Took 5 Years To Finally Pay Off | Fantasy High [Vulture Compilation],2024-03-06 18:30:35+00:00,609,901550,29014,545,False,0.03278686706228163,10.2,under_60,2024,2024-03,760,1186.25
mPLVYkohPi4,UCC8zWIx8aBQme-x1nX9iZ0A,Dimension 20,large,Would You Put Grape Jelly on a Breakfast Sandwich? | Adventuring Party,2024-02-21 18:30:35+00:00,402,94323,3252,262,False,0.037254964324714014,6.7,under_60,2024,2024-02,774,121.86
3MvGQDjUyYM,UCC8zWIx8aBQme-x1nX9iZ0A,Dimension 20,large,The Saga of Conor Counterspell | Fantasy High Junior Year [Ep. 5 Compilation],2024-02-14 18:30:02+00:00,527,197896,5199,90,False,0.026726159194728545,8.8,under_60,2024,2024-02,781,253.39
Su5j-P3OPWY,UCC8zWIx8aBQme-x1nX9iZ0A,Dimension 20,large,The Bad Guy This Season Is XP Leveling | Fantasy High Junior Year [Clip],2024-02-07 18:30:30+00:00,485,555836,14277,431,False,0.026461042465763283,8.1,under_60,2024,2024-02,788,705.38
7m0y22LTvOU,UCC8zWIx8aBQme-x1nX9iZ0A,Dimension 20,large,Fig Goes To Her First Bard Class | Fantasy High Junior Year [Clip],2024-01-31 18:30:06+00:00,509,164347,5412,138,False,0.03377001101328287,8.5,under_60,2024,2024-01,795,206.73
G4o_mJKAJxY,UCC8zWIx8aBQme-x1nX9iZ0A,Dimension 20,large,Summer Scaries | Dimension 20: Fantasy High Junior Year [Full Episode],2024-01-17 18:30:14+00:00,6323,314250,8308,795,False,0.02896738265712013,105.4,60_to_120,2024,2024-01,809,388.44
HgGZvg8gbBM,UCC8zWIx8aBQme-x1nX9iZ0A,Dimension 20,large,Dimension 20: Fantasy High Seasons 1 and 2 Full Recap,2023-12-27 18:30:09+00:00,1460,224114,9446,414,False,0.04399546659289469,24.3,under_60,2023,2023-12,830,270.02
MnJI_KQhkR8,UCC8zWIx8aBQme-x1nX9iZ0A,Dimension 20,large,Spring Break! I Believe In You! (Part 2) | Fantasy High: Sophomore Year | Ep. 20,2023-12-26 18:30:23+00:00,17830,539122,11407,1172,False,0.023332381167898916,297.2,180_plus,2023,2023-12,831,648.76
44Dmda_anto,UCC8zWIx8aBQme-x1nX9iZ0A,Dimension 20,large,Spring Break! I Believe In You! (Part 1) | Fantasy High: Sophomore Year | Ep. 19,2023-12-21 18:30:03+00:00,9345,378203,9405,840,False,0.02708862700718926,155.8,120_to_180,2023,2023-12,836,452.4
gyQGz4UnJI8,UCC8zWIx8aBQme-x1nX9iZ0A,Dimension 20,large,Fearful Symmetry | Fantasy High: Sophomore Year | Ep. 18,2023-12-18 18:30:32+00:00,9014,396898,9800,814,False,0.02674238721283554,150.2,120_to_180,2023,2023-12,839,473.06
qvH6QPMgdys,UCC8zWIx8aBQme-x1nX9iZ0A,Dimension 20,large,The Forest of the Nightmare King | Fantasy High: Sophomore Year | Ep. 17,2023-12-14 18:30:38+00:00,9016,416363,9066,387,False,0.022703746490442236,150.3,120_to_180,2023,2023-12,843,493.91
RkE-YmIOSqI,UCC8zWIx8aBQme-x1nX9iZ0A,Dimension 20,large,My Green Heaven | Fantasy High: Sophomore Year | Ep. 16,2023-12-11 18:30:11+00:00,9197,411943,9548,621,False,0.02468545405553681,153.3,120_to_180,2023,2023-12,846,486.93
unOsXrVtvlM,UCC8zWIx8aBQme-x1nX9iZ0A,Dimension 20,large,Blast From the Passed | Fantasy High: Sophomore Year | Ep. 15,2023-12-07 18:30:37+00:00,9085,418185,9622,744,False,0.024788072264667553,151.4,120_to_180,2023,2023-12,850,491.98
xLYoXMk41N0,UCC8zWIx8aBQme-x1nX9iZ0A,Dimension 20,large,Daddies & Demons | Fantasy High: Sophomore Year | Ep. 14,2023-12-04 18:30:41+00:00,8821,420174,9885,538,False,0.024806389733776957,147.0,120_to_180,2023,2023-12,853,492.58
TSPIIehP488,UCC8zWIx8aBQme-x1nX9iZ0A,Dimension 20,large,Hellbound | Fantasy High: Sophomore Year | Ep. 13,2023-11-30 18:30:24+00:00,9176,453745,9917,549,False,0.023065818907095394,152.9,120_to_180,2023,2023-11,857,529.46
mJQew0Z2Cqc,UCC8zWIx8aBQme-x1nX9iZ0A,Dimension 20,large,Crustaceans & Crushes | Fantasy High: Sophomore Year | Ep. 12,2023-11-27 18:30:37+00:00,9079,492798,10523,639,False,0.022650254262395544,151.3,120_to_180,2023,2023-11,860,573.02
7Yn261pjkaY,UCC8zWIx8aBQme-x1nX9iZ0A,Dimension 20,large,Revelations & Revivifications | Fantasy High: Sophomore Year | Ep. 11,2023-11-23 18:30:05+00:00,8986,484589,10560,574,False,0.02297617155981667,149.8,120_to_180,2023,2023-11,864,560.87
ccnKkEUhLJs,UCC8zWIx8aBQme-x1nX9iZ0A,Dimension 20,large,The Dangerous Mind of Aelwyn Abernant | Fantasy High: Sophomore Year | Ep. 10,2023-11-20 18:30:19+00:00,8807,473514,11070,765,False,0.02499398117056729,146.8,120_to_180,2023,2023-11,867,546.15
smiuY9H8DVM,UCC8zWIx8aBQme-x1nX9iZ0A,Dimension 20,large,Fallinel | Fantasy High: Sophomore Year | Ep. 9,2023-11-16 18:30:38+00:00,8132,465720,11210,605,False,0.02536932062183286,135.5,120_to_180,2023,2023-11,871,534.7
8XQYpZQAcVk,UCC8zWIx8aBQme-x1nX9iZ0A,Dimension 20,large,The Row and the Ruction | Fantasy High: Sophomore Year | Ep. 8,2023-11-13 18:30:10+00:00,8898,488667,10958,767,False,0.02399384447896011,148.3,120_to_180,2023,2023-11,874,559.12
d2lU8zhuVR4,UCC8zWIx8aBQme-x1nX9iZ0A,Dimension 20,large,The Friendship Section | Fantasy High: Sophomore Year | Ep. 7,2023-11-09 18:30:25+00:00,7742,505272,11835,701,False,0.024810399151348184,129.0,120_to_180,2023,2023-11,878,575.48
GB8uv1jXSZQ,UCC8zWIx8aBQme-x1nX9iZ0A,Dimension 20,large,Pirate Brawl | Fantasy High: Sophomore Year | Ep. 6,2023-11-06 18:30:10+00:00,9016,553088,12712,1041,False,0.024865844133302475,150.3,120_to_180,2023,2023-11,881,627.8
oO8DSwxVdlY,UCC8zWIx8aBQme-x1nX9iZ0A,Dimension 20,large,Leviathan Rock City | Fantasy High: Sophomore Year | Ep. 5,2023-11-02 17:30:07+00:00,9105,662643,12660,746,False,0.020231104833220905,151.8,120_to_180,2023,2023-11,885,748.75
7HAIf4iQYBY,UCC8zWIx8aBQme-x1nX9iZ0A,Dimension 20,large,Heartache On the Celestine Sea | Fantasy High: Sophomore Year | Ep. 4,2023-10-30 17:30:01+00:00,8506,682075,14088,811,False,0.021843638896015833,141.8,120_to_180,2023,2023-10,888,768.1
N-sOmXthcp8,UCC8zWIx8aBQme-x1nX9iZ0A,Dimension 20,large,The Red Warren | Dimension 20: Burrow's End [Full Episode],2023-10-11 17:30:02+00:00,6447,167614,5806,417,False,0.03712697030081019,107.4,60_to_120,2023,2023-10,907,184.8
9pT1OhH3F1Y,UCC8zWIx8aBQme-x1nX9iZ0A,Dimension 20,large,The Big Guy | Dimension 20: Mentopolis [Full Episode],2023-08-16 17:30:02+00:00,6964,681190,21654,1082,False,0.03337688456965017,116.1,60_to_120,2023,2023-08,963,707.36
MZhCgp-GRQ8,UCC8zWIx8aBQme-x1nX9iZ0A,Dimension 20,large,Queens on a Quest | Dimension 20: Dungeons and Drag Queens [Full Episode],2023-07-05 17:30:01+00:00,7428,3062043,88237,5799,False,0.03071021536928123,123.8,120_to_180,2023,2023-07,1005,3046.81
Ky2oKqtB76I,UCC8zWIx8aBQme-x1nX9iZ0A,Dimension 20,large,The Many Sword Forms of Gerard of Greenleigh (Compilation),2023-05-24 17:30:03+00:00,493,225924,8291,216,False,0.03765425541332484,8.2,under_60,2023,2023-05,1047,215.78
LiBe4WJaLo0,UCC8zWIx8aBQme-x1nX9iZ0A,Dimension 20,large,The Seeds of Conflict | The Ravening War Ep. 1 [Full Episode],2023-05-17 17:30:03+00:00,9879,932724,21093,1213,False,0.023914898726740172,164.6,120_to_180,2023,2023-05,1054,884.94
GQaRdqCaGXI,UCC8zWIx8aBQme-x1nX9iZ0A,Dimension 20,large,D&D Min-Max-ers Are Valid,2023-05-03 17:30:05+00:00,871,809059,32118,4154,False,0.044832329904246786,14.5,under_60,2023,2023-05,1068,757.55
-bfJ6ZsWxFI,UCC8zWIx8aBQme-x1nX9iZ0A,Dimension 20,large,A New Approach To Death Saves,2023-04-26 17:30:00+00:00,591,423186,16655,796,False,0.04123718648537523,9.8,under_60,2023,2023-04,1075,393.66
D4i7q2MUww4,UCC8zWIx8aBQme-x1nX9iZ0A,Dimension 20,large,Powergaming vs. Creating Underdogs,2023-04-12 17:30:01+00:00,330,186291,7895,555,False,0.045359142416971296,5.5,under_60,2023,2023-04,1089,171.07
CJHgP_MPIfA,UCC8zWIx8aBQme-x1nX9iZ0A,Dimension 20,large,Lou and Brennan Review Snacks and Lose Their Minds | Adventuring Academy,2023-02-15 18:30:09+00:00,1658,858367,28626,991,False,0.03450388936200949,27.6,under_60,2023,2023-02,1145,749.67
QbgYM39j8Mc,UCC8zWIx8aBQme-x1nX9iZ0A,Dimension 20,large,Brennan & Matt Debate XP vs. Milestone Leveling | Adventuring Academy,2023-02-08 18:30:19+00:00,501,1919402,73529,3317,False,0.04003642801247472,8.4,under_60,2023,2023-02,1152,1666.15
SpO4DLiur_8,UCC8zWIx8aBQme-x1nX9iZ0A,Dimension 20,large,Brennan and Connie Accidentally Eat Instant Coffee | Adventuring Academy,2023-02-01 18:30:33+00:00,433,60929,2833,102,False,0.048170821776165704,7.2,under_60,2023,2023-02,1159,52.57
RDilZOPWkX8,UCC8zWIx8aBQme-x1nX9iZ0A,Dimension 20,large,The Horror Story Version of Cinderella | Neverafter,2023-01-18 18:30:32+00:00,584,100374,4603,133,False,0.047183533584394366,9.7,under_60,2023,2023-01,1173,85.57
zr92SdjbdgM,UCC8zWIx8aBQme-x1nX9iZ0A,Dimension 20,large,Theater of the Mind vs. Physical Maps & Minis | Adventuring Academy,2023-01-11 18:31:02+00:00,524,382297,18291,840,False,0.05004224464225458,8.7,under_60,2023,2023-01,1180,323.98
7GTogwQVmYE,UCC8zWIx8aBQme-x1nX9iZ0A,Dimension 20,large,The Times of Shadow | Neverafter Ep. 1 [Full Episode],2022-12-21 18:30:04+00:00,8025,779689,21702,908,False,0.028998741806027788,133.8,120_to_180,2022,2022-12,1201,649.2
hMNzZiN0-P0,UCC8zWIx8aBQme-x1nX9iZ0A,Dimension 20,large,A Bloom to Remember | Dimension 20: A Court of Fey and Flowers (Full Episode),2022-08-16 17:30:04+00:00,6588,615037,19170,820,False,0.03250210962917678,109.8,60_to_120,2022,2022-08,1328,463.13
ul8iK77Cl-k,UCC8zWIx8aBQme-x1nX9iZ0A,Dimension 20,large,Down For The Count (Ep.1) | Coffin Run [Full Episode],2022-06-28 17:30:04+00:00,4220,134100,5792,279,False,0.04527218493661447,70.3,60_to_120,2022,2022-06,1377,97.39
msr-i7SwcN0,UCC8zWIx8aBQme-x1nX9iZ0A,Dimension 20,large,The Club Fair (Ep.1) | Shriek Week [Full Episode],2022-03-08 18:30:44+00:00,6635,93582,3420,204,False,0.03872539590946977,110.6,60_to_120,2022,2022-03,1489,62.85
XpwuwxHtpik,UCC8zWIx8aBQme-x1nX9iZ0A,Dimension 20,large,The Questing Blade Chooses Its Champion,2022-02-01 18:30:28+00:00,388,134196,4746,132,False,0.036349816686041314,6.5,under_60,2022,2022-02,1524,88.06
6I7cZG_RoWI,UCC8zWIx8aBQme-x1nX9iZ0A,Dimension 20,large,"Welcome To The Spacin' Life, Buddy | A Starstruck Odyssey [Premiere Episode]",2022-01-25 18:30:05+00:00,6390,1023138,28796,1506,False,0.029616728144199512,106.5,60_to_120,2022,2022-01,1531,668.28
tMlfDfsx-Vc,UCC8zWIx8aBQme-x1nX9iZ0A,Dimension 20,large,"The Nat 20 That Forced Brennan To Make Ghosts Real (""Mice and Murder"" Clip)",2022-01-04 18:31:00+00:00,554,559054,17933,487,False,0.032948516601258554,9.2,under_60,2022,2022-01,1552,360.22
rkVhh2ZI4QI,UCC8zWIx8aBQme-x1nX9iZ0A,Dimension 20,large,"The Choosing of the Houses at Gowpenny (""Misfits and Magic"" Clip)",2021-12-07 18:00:21+00:00,786,263554,9710,404,False,0.0383754372917884,13.1,under_60,2021,2021-12,1580,166.81
HuMbE1G2O2c,UCC8zWIx8aBQme-x1nX9iZ0A,Dimension 20,large,A Heaping Helping of Trouble (Ep. 1) | Pirates of Leviathan [Full Episode],2021-11-16 18:30:18+00:00,8584,88673,2725,185,False,0.0328172047861243,143.1,120_to_180,2021,2021-11,1601,55.39
q3XzygqSIEs,UCC8zWIx8aBQme-x1nX9iZ0A,Dimension 20,large,"Laertes Accidentally Eats Candyheart (""The Seven"" Clip)",2021-11-02 17:00:25+00:00,613,187916,6283,213,False,0.034568637050597074,10.2,under_60,2021,2021-11,1615,116.36
-Ho5CdsUIQc,UCC8zWIx8aBQme-x1nX9iZ0A,Dimension 20,large,The Fall of New York City (Ep. 1) | Unsleeping City Season 2 [Full Episode],2021-10-26 17:31:01+00:00,9585,388535,8713,669,False,0.024147116733370225,159.8,120_to_180,2021,2021-10,1622,239.54
9_LkwjqQ_mo,UCC8zWIx8aBQme-x1nX9iZ0A,Dimension 20,large,Party of Seven (Ep. 1) | The Seven [Full Episode],2021-09-21 17:30:00+00:00,9543,608578,15207,870,False,0.026417320376352745,159.0,120_to_180,2021,2021-09,1657,367.28
_GX8075fX3k,UCC8zWIx8aBQme-x1nX9iZ0A,Dimension 20,large,It Was a Dark and Stormy Night (Ep. 1) | Mice and Murder [Full Episode],2021-08-24 17:30:02+00:00,6358,263319,7544,474,False,0.030449758657749727,106.0,60_to_120,2021,2021-08,1685,156.27
C1VffF1Z5-Y,UCC8zWIx8aBQme-x1nX9iZ0A,Dimension 20,large,The Chosen Ones (Ep. 1) | Misfits and Magic [Full Episode],2021-07-27 17:30:00+00:00,8993,2298087,65958,4039,False,0.030458812046715376,149.9,120_to_180,2021,2021-07,1713,1341.56
T6xo_NBrD04,UCC8zWIx8aBQme-x1nX9iZ0A,Dimension 20,large,Making Dinner For Friends (with Eric Silver) | Adventuring Academy Season 3 | Ep. 6,2021-05-10 23:00:15+00:00,5658,24382,502,53,False,0.02276269379050119,94.3,60_to_120,2021,2021-05,1791,13.61
TxfRIOhElsw,UCC8zWIx8aBQme-x1nX9iZ0A,Dimension 20,large,Give People More Room (with Diana Gaeta) | Adventuring Academy Season 3 | Ep. 5,2021-04-26 17:30:03+00:00,5042,16457,476,56,False,0.03232666950233943,84.0,60_to_120,2021,2021-04,1805,9.12
aVhGSz_sbiI,UCC8zWIx8aBQme-x1nX9iZ0A,Dimension 20,large,Conflict Resolution (with LaTia Jacquise) | Adventuring Academy Season 3 | Ep. 4,2021-04-12 23:00:00+00:00,5570,11749,344,40,False,0.0326836326495872,92.8,60_to_120,2021,2021-04,1819,6.46
aq7PluF6EUQ,UCC8zWIx8aBQme-x1nX9iZ0A,Dimension 20,large,Represent (with Daniel Kwan) | Adventuring Academy Season 3 | Ep. 3,2021-03-29 23:00:01+00:00,5301,14549,444,31,False,0.03264829197883016,88.4,60_to_120,2021,2021-03,1833,7.94
KwBosPZkUDk,UCC8zWIx8aBQme-x1nX9iZ0A,Dimension 20,large,What Does 'Ready' Mean? (with Zac Oyama) | Adventuring Academy Season 3 | Ep. 2,2021-03-15 23:00:10+00:00,5525,87727,2528,238,False,0.031529631698336884,92.1,60_to_120,2021,2021-03,1847,47.5
Sao9SUs_rqQ,UCC8zWIx8aBQme-x1nX9iZ0A,Dimension 20,large,Artwork is 360 Degrees (with Carlos Luna) | Adventuring Academy Season 3 | Ep. 1,2021-03-02 00:00:12+00:00,5875,18071,633,69,False,0.03884677106966963,97.9,60_to_120,2021,2021-03,1861,9.71
ICXN0K2X3C8,UCC8zWIx8aBQme-x1nX9iZ0A,Dimension 20,large,You've Been Called (with Dael Kingsmill) | Adventuring Academy Season 2 | Ep. 20,2021-01-26 00:00:06+00:00,5596,46959,1947,192,False,0.045550373730275345,93.3,60_to_120,2021,2021-01,1896,24.77
A0Ynnz0Yfas,UCC8zWIx8aBQme-x1nX9iZ0A,Dimension 20,large,Sincerity Is the Key (with Travis McElroy) | Adventuring Academy Season 2 | Ep. 19,2021-01-19 00:00:01+00:00,5582,45720,1308,110,False,0.031014873140857394,93.0,60_to_120,2021,2021-01,1903,24.03
fIyYnfQsB7A,UCC8zWIx8aBQme-x1nX9iZ0A,Dimension 20,large,Shout Out To Fluff (with Griffin McElroy) | Adventuring Academy Season 2 | Ep. 18,2021-01-12 00:00:21+00:00,5457,100616,3189,232,False,0.03400055657151944,91.0,60_to_120,2021,2021-01,1910,52.68
axFT5zXjgWg,UCC8zWIx8aBQme-x1nX9iZ0A,Dimension 20,large,Grand Design (with Gabriel Hicks) | Adventuring Academy Season 2 | Ep. 17,2021-01-05 00:00:00+00:00,5417,19432,764,42,False,0.04147797447509263,90.3,60_to_120,2021,2021-01,1917,10.14
4IbVxEKpipo,UCC8zWIx8aBQme-x1nX9iZ0A,Dimension 20,large,Animating Your Table (with Benjamin Scott) | Adventuring Academy Season 2 | Ep. 16,2020-12-29 00:00:01+00:00,5058,16028,639,64,False,0.04386074369852758,84.3,60_to_120,2020,2020-12,1924,8.33
RcvVO3xd-po,UCC8zWIx8aBQme-x1nX9iZ0A,Dimension 20,large,The Unsleeping City | Season 1 | Ep. 17 | Times Squaremageddon Pt. 2,2020-12-25 20:00:03+00:00,7321,630581,19923,1348,False,0.03373238330999507,122.0,120_to_180,2020,2020-12,1927,327.23
ZVlovzM92lY,UCC8zWIx8aBQme-x1nX9iZ0A,Dimension 20,large,Chasing Noises (with Becca Scott) | Adventuring Academy Season 2 | Ep. 15,2020-12-22 00:00:06+00:00,5618,41005,1055,59,False,0.027167418607486893,93.6,60_to_120,2020,2020-12,1931,21.24
WfM1isoVe8U,UCC8zWIx8aBQme-x1nX9iZ0A,Dimension 20,large,The Unsleeping City | Season 1 | Ep. 16 | Times Squaremageddon,2020-12-18 20:00:06+00:00,8281,810966,16157,1035,False,0.021199409099764973,138.0,120_to_180,2020,2020-12,1934,419.32
qoJxgs707Ao,UCC8zWIx8aBQme-x1nX9iZ0A,Dimension 20,large,Control the Narrative (with Jasmine Bhullar) | Adventuring Academy Season 2 | Ep. 14,2020-12-15 00:00:13+00:00,5333,28423,949,85,False,0.03637898884706048,88.9,60_to_120,2020,2020-12,1938,14.67
8rz--KiKHYU,UCC8zWIx8aBQme-x1nX9iZ0A,Dimension 20,large,The Unsleeping City | Season 1 | Ep. 15 | Hall of Heroes,2020-12-11 20:00:30+00:00,7180,767760,16604,1086,False,0.023041054496196728,119.7,60_to_120,2020,2020-12,1941,395.55
9rEtK9ucKGM,UCC8zWIx8aBQme-x1nX9iZ0A,Dimension 20,large,The Story of Now (with Deborah Ann Woll) | Adventuring Academy Season 2 | Ep. 13,2020-12-08 00:00:02+00:00,6534,133982,3929,271,False,0.03134749443955158,108.9,60_to_120,2020,2020-12,1945,68.89
3HzN11pnXdw,UCC8zWIx8aBQme-x1nX9iZ0A,Dimension 20,large,The Unsleeping City | Season 1 | Ep. 14 | Showdown at the Stock Exchange,2020-12-04 20:00:01+00:00,9367,962863,17437,1414,False,0.019578070815889696,156.1,120_to_180,2020,2020-12,1948,494.28
_Hpzr8XnNLg,UCC8zWIx8aBQme-x1nX9iZ0A,Dimension 20,large,An IRL Paladin (with Tanya DePass) | Adventuring Academy Season 2 | Ep. 12,2020-12-01 00:00:05+00:00,5659,12014,412,37,False,0.037373064757782584,94.3,60_to_120,2020,2020-12,1952,6.15
GRjDgEXTrB0,UCC8zWIx8aBQme-x1nX9iZ0A,Dimension 20,large,Faeries and Fathers (Ep. 13) | The Unsleeping City,2020-11-27 20:00:04+00:00,8179,872401,18617,1116,False,0.022619185443391285,136.3,120_to_180,2020,2020-11,1955,446.24
9NT8dMu3cug,UCC8zWIx8aBQme-x1nX9iZ0A,Dimension 20,large,"Meet Cody ""Night Angel"" Walsh (The Unsleeping City 2 Clip)",2020-11-25 20:00:03+00:00,609,95866,2784,179,False,0.030907725366657625,10.2,under_60,2020,2020-11,1957,48.99
5zinXDTd7wI,UCC8zWIx8aBQme-x1nX9iZ0A,Dimension 20,large,Story Pirates Reunited (with Branson Reese) | Adventuring Academy Season 2 | Ep. 11,2020-11-24 00:00:01+00:00,5600,18163,491,29,False,0.028629631668777186,93.3,60_to_120,2020,2020-11,1959,9.27
54SgvyoOI2I,UCC8zWIx8aBQme-x1nX9iZ0A,Dimension 20,large,The Unsleeping City | Season 1 | Ep. 12 | Broadway Brawl,2020-11-20 20:01:26+00:00,7592,839840,18001,1045,False,0.022678129167460467,126.5,120_to_180,2020,2020-11,1962,428.05
6EPXXXVvZFM,UCC8zWIx8aBQme-x1nX9iZ0A,Dimension 20,large,Pete Meets Dee (The Unsleeping City 2 Clip),2020-11-18 21:30:01+00:00,354,29869,1495,100,False,0.05339984599417456,5.9,under_60,2020,2020-11,1964,15.21
VCxMOrJS1TA,UCC8zWIx8aBQme-x1nX9iZ0A,Dimension 20,large,Leave the Table Better Than You Found It (with Honey and Dice) | Adventuring Academy | Ep. 10,2020-11-17 00:00:08+00:00,6092,15572,503,32,False,0.03435653737477524,101.5,60_to_120,2020,2020-11,1966,7.92
deJ-bNFYVe4,UCC8zWIx8aBQme-x1nX9iZ0A,Dimension 20,large,Home for the Holidays (Ep. 11) | The Unsleeping City,2020-11-13 20:08:24+00:00,7421,951976,19972,1279,False,0.02232304175735523,123.7,120_to_180,2020,2020-11,1969,483.48
c0Vbw86_aBw,UCC8zWIx8aBQme-x1nX9iZ0A,Dimension 20,large,No Introduction Needed (with Emily Axford) | Adventuring Academy Season 2 | Ep. 9,2020-11-10 00:00:03+00:00,5959,306314,7604,344,False,0.02594723061956032,99.3,60_to_120,2020,2020-11,1973,155.25
RsIuqJiZdnY,UCC8zWIx8aBQme-x1nX9iZ0A,Dimension 20,large,Panic at the Art Show (Ep. 10) | The Unsleeping City,2020-11-06 20:00:04+00:00,8385,893633,19353,1211,False,0.02301168376727359,139.8,120_to_180,2020,2020-11,1976,452.24
WQBJlI3VrVo,UCC8zWIx8aBQme-x1nX9iZ0A,Dimension 20,large,Murph and Emily's Friend (with Caldwell Tanner) | Adventuring Academy Season 2 | Ep. 8,2020-11-03 00:00:04+00:00,5709,90038,2310,179,False,0.027643883693551613,95.2,60_to_120,2020,2020-11,1980,45.47
22jrl5-8tNQ,UCC8zWIx8aBQme-x1nX9iZ0A,Dimension 20,large,Borough of Dreams (Ep. 9) │ The Unsleeping City,2020-10-30 19:00:00+00:00,7291,992573,22460,1513,False,0.02415237972421172,121.5,120_to_180,2020,2020-10,1983,500.54
9y2L6HCUzIU,UCC8zWIx8aBQme-x1nX9iZ0A,Dimension 20,large,"I'm Gonna Have To Prod You, Sparta-Style (with Alicia Marie) | Adventuring Academy Season 2 | Ep. 7",2020-10-26 23:00:02+00:00,5727,17767,589,36,False,0.03517757640569595,95.4,60_to_120,2020,2020-10,1987,8.94
MeC7Jhnb8cE,UCC8zWIx8aBQme-x1nX9iZ0A,Dimension 20,large,Subway Skirmish (Ep. 8) | The Unsleeping City,2020-10-23 20:25:50+00:00,6757,854271,20377,1193,False,0.025249598780714786,112.6,60_to_120,2020,2020-10,1990,429.28
BEeifDtn8K4,UCC8zWIx8aBQme-x1nX9iZ0A,Dimension 20,large,There Are Gray Areas In Life (with Orion Black) | Adventuring Academy Season 2 | Ep. 6,2020-10-19 23:00:01+00:00,5696,9347,361,39,False,0.042794479512142936,94.9,60_to_120,2020,2020-10,1994,4.69
8n0PA87sugg,UCC8zWIx8aBQme-x1nX9iZ0A,Dimension 20,large,We Need to Talk About Pete (Ep. 7) | The Unsleeping City,2020-10-16 17:30:00+00:00,7342,1080180,22254,1312,False,0.021816734247995705,122.4,120_to_180,2020,2020-10,1997,540.9
aZcJRQF6Iqk,UCC8zWIx8aBQme-x1nX9iZ0A,Dimension 20,large,Fantasy Shapes Reality (with Jennifer Kretchmer) | Adventuring Academy Season 2 | Ep. 5,2020-10-12 23:00:01+00:00,5445,12466,416,43,False,0.036820150810203754,90.8,60_to_120,2020,2020-10,2001,6.23
lfCb7uMW8JM,UCC8zWIx8aBQme-x1nX9iZ0A,Dimension 20,large,The War of Bugs and Rats (Ep. 6) | The Unsleeping City,2020-10-09 19:00:07+00:00,6788,1020065,21187,1019,False,0.021769200982290345,113.1,60_to_120,2020,2020-10,2004,509.01
twtdCPyH5FM,UCC8zWIx8aBQme-x1nX9iZ0A,Dimension 20,large,The Joy of Mistakes (with Kelly Lynne D'Angelo) | Adventuring Academy Season 2 | Ep. 4,2020-10-05 23:00:12+00:00,5758,19953,660,48,False,0.035483385956998945,96.0,60_to_120,2020,2020-10,2008,9.94
uFrZM6A4t44,UCC8zWIx8aBQme-x1nX9iZ0A,Dimension 20,large,A New York Wedding (Ep. 5) | The Unsleeping City,2020-10-02 19:00:08+00:00,6511,1035612,23246,1201,False,0.02360633132872157,108.5,60_to_120,2020,2020-10,2011,514.97
IivF9g1_5vI,UCC8zWIx8aBQme-x1nX9iZ0A,Dimension 20,large,Bardic Inspiration (with Omega Jones) | Adventuring Academy Season 2 | Ep. 3,2020-09-28 23:00:03+00:00,5621,21289,692,56,False,0.035135515994175394,93.7,60_to_120,2020,2020-09,2015,10.57
k8FPa4KjoUE,UCC8zWIx8aBQme-x1nX9iZ0A,Dimension 20,large,Scramble in the Sewers (Ep. 4) | The Unsleeping City,2020-09-25 19:00:12+00:00,5361,947939,21809,742,False,0.023789505442860775,89.4,60_to_120,2020,2020-09,2018,469.74
Y9v-pM2Wb6k,UCC8zWIx8aBQme-x1nX9iZ0A,Dimension 20,large,See Me In Six Months (with Aabria Iyengar) | Adventuring Academy | Season 2 | Ep. 2,2020-09-21 23:00:07+00:00,5464,68746,2087,117,False,0.03206004713001484,91.1,60_to_120,2020,2020-09,2022,34.0
zme6xXL1WQ8,UCC8zWIx8aBQme-x1nX9iZ0A,Dimension 20,large,Pigeon Plus Ones (Ep. 3 ) | The Unsleeping City [Full Episode],2020-09-18 19:00:09+00:00,6599,1210210,26769,1220,False,0.023127391113938904,110.0,60_to_120,2020,2020-09,2025,597.63
WNX-PY7dL0w,UCC8zWIx8aBQme-x1nX9iZ0A,Dimension 20,large,Balancing Comedy and Drama (with Freddie Wong) | Adventuring Academy Season 2 | Ep. 1,2020-09-14 23:00:03+00:00,4171,79104,2605,136,False,0.03465058656957929,69.5,60_to_120,2020,2020-09,2029,38.99
uIxx5ID1BU8,UCC8zWIx8aBQme-x1nX9iZ0A,Dimension 20,large,Mutant Santa Melee (Ep. 2) | The Unsleeping City,2020-09-11 19:01:26+00:00,5293,1280392,28744,1260,False,0.023433448506394918,88.2,60_to_120,2020,2020-09,2032,630.11
pFioLFXI5rs,UCC8zWIx8aBQme-x1nX9iZ0A,Dimension 20,large,Kugrash & Wally's Christmas Eve (The Unsleeping City Clip),2020-08-22 18:30:07+00:00,344,46798,2278,69,False,0.05015171588529424,5.7,under_60,2020,2020-08,2052,22.81
8qQSTRWUlOs,UCC8zWIx8aBQme-x1nX9iZ0A,Dimension 20,large,An Evening with Bill Seacaster (Fantasy High Clip),2020-08-15 18:30:03+00:00,1199,157461,5389,248,False,0.03579934078914779,20.0,under_60,2020,2020-08,2059,76.47
J95YSDxUiB8,UCC8zWIx8aBQme-x1nX9iZ0A,Dimension 20,large,Don't Do Drugs - Unless You Need Them To Live (Tiny Heist Clip),2020-08-08 18:30:02+00:00,630,120409,3937,120,False,0.03369349467232516,10.5,under_60,2020,2020-08,2066,58.28
2Q9U_J5hibA,UCC8zWIx8aBQme-x1nX9iZ0A,Dimension 20,large,A Crown of Candy Fan Art Montage,2020-08-06 02:35:54+00:00,1754,30092,1261,90,False,0.04489565332978865,29.2,under_60,2020,2020-08,2069,14.54
x41lyAEvBiY,UCC8zWIx8aBQme-x1nX9iZ0A,Dimension 20,large,Where's Your Bulb Now? (A Crown of Candy Clip),2020-08-01 18:30:04+00:00,551,440226,14236,367,False,0.0331715982245483,9.2,under_60,2020,2020-08,2073,212.36
IzVzdoDl0ds,UCC8zWIx8aBQme-x1nX9iZ0A,Dimension 20,large,The Kiss (Fantasy High: Sophomore Year Clip),2020-07-18 18:30:01+00:00,478,217983,9187,383,False,0.04390250615873715,8.0,under_60,2020,2020-07,2087,104.45
hsJP144e6No,UCC8zWIx8aBQme-x1nX9iZ0A,Dimension 20,large,The Worst Hospital Ever (Tiny Heist Clip),2020-07-11 18:30:08+00:00,457,151448,4494,112,False,0.03041307907664677,7.6,under_60,2020,2020-07,2094,72.32
_wFnz6C47ag,UCC8zWIx8aBQme-x1nX9iZ0A,Dimension 20,large,The Best Nat 20s in Escape From the Bloodkeep (Compilation),2020-06-13 18:30:05+00:00,852,445913,11163,238,False,0.025567767703565492,14.2,under_60,2020,2020-06,2122,210.14
OPN3Fr85n-8,UCC8zWIx8aBQme-x1nX9iZ0A,Dimension 20,large,The Dropout/Dimension 20 Bail Fund Live Stream - https://bit.ly/dropoutbailfunds,2020-06-04 03:42:26+00:00,14896,60239,2870,58,False,0.04860638456813692,248.3,180_plus,2020,2020-06,2131,28.27
meShYZ61-Lo,UCC8zWIx8aBQme-x1nX9iZ0A,Dimension 20,large,The Power of Roleplaying (Adventuring Party Clip),2020-05-30 18:30:06+00:00,681,102105,5566,165,False,0.05612849517653396,11.4,under_60,2020,2020-05,2136,47.8
zvl_A-foXAk,UCC8zWIx8aBQme-x1nX9iZ0A,Dimension 20,large,The Best Nat 20s in Fantasy High Season 1 (Compilation),2020-05-16 18:30:06+00:00,1005,981292,26000,614,False,0.027121386906241975,16.8,under_60,2020,2020-05,2150,456.41
d5o1GMz8UVw,UCC8zWIx8aBQme-x1nX9iZ0A,Dimension 20,large,Brennan Answers Your Most Important D20 Questions,2020-05-06 17:30:04+00:00,309,137166,6942,227,False,0.05226513859119607,5.2,under_60,2020,2020-05,2160,63.5
REnc_wXkHnc,UCC8zWIx8aBQme-x1nX9iZ0A,Dimension 20,large,There Is Strength in Sweetness (Ep. 1) | A Crown of Candy [Full Episode],2020-04-08 23:00:10+00:00,7272,1819575,34620,1603,False,0.0199073959578473,121.2,120_to_180,2020,2020-04,2188,831.62
8OUNHM0dMZ8,UCC8zWIx8aBQme-x1nX9iZ0A,Dimension 20,large,The Tomb of Ultimate Evil [Full Episode] | Escape From the Bloodkeep Episode 6,2020-04-04 18:00:02+00:00,10746,1246991,22386,1433,False,0.01910118036136588,179.1,120_to_180,2020,2020-04,2192,568.88
gI97DnPg3Yg,UCC8zWIx8aBQme-x1nX9iZ0A,Dimension 20,large,Dimension 20 Fans Are The Best (Fireside Chat Clip),2020-03-29 18:00:07+00:00,416,48095,2247,89,False,0.04857053747790831,6.9,under_60,2020,2020-03,2198,21.88
ITLvyb41lDA,UCC8zWIx8aBQme-x1nX9iZ0A,Dimension 20,large,Bloodlines and Lifelines [Full Episode] | Escape From the Bloodkeep Episode 5,2020-03-28 18:00:08+00:00,7030,771065,18517,1010,False,0.025324713221323753,117.2,60_to_120,2020,2020-03,2199,350.64
ZuKmiMtj_Zo,UCC8zWIx8aBQme-x1nX9iZ0A,Dimension 20,large,Why Gilear Is Integral to Fantasy High (Fireside Chat Clip),2020-03-26 18:29:46+00:00,482,978718,29017,712,False,0.030375450334008364,8.0,under_60,2020,2020-03,2201,444.67
XCcgJbGf3es,UCC8zWIx8aBQme-x1nX9iZ0A,Dimension 20,large,Airship Ambush [Full Episode] | Escape From the Bloodkeep Episode 4,2020-03-21 18:00:07+00:00,9717,1176105,20313,1237,False,0.01832319393251453,162.0,120_to_180,2020,2020-03,2206,533.14
AtltzStm1bo,UCC8zWIx8aBQme-x1nX9iZ0A,Dimension 20,large,The Caged Elf and the Crown [Full Episode] | Escape From the Bloodkeep Episode 3,2020-03-14 18:00:04+00:00,7627,1118958,23041,1155,False,0.021623689182257065,127.1,120_to_180,2020,2020-03,2213,505.63
QU45vh8K6_c,UCC8zWIx8aBQme-x1nX9iZ0A,Dimension 20,large,Volcano of Violence [Full Episode] | Escape From the Bloodkeep Episode 2,2020-03-07 19:00:08+00:00,7977,1416422,28853,1438,False,0.02138557576767376,133.0,120_to_180,2020,2020-03,2220,638.03
GiEQO77PV9Q,UCC8zWIx8aBQme-x1nX9iZ0A,Dimension 20,large,Welcome to the Dark Side [Full Episode] | Escape From the Bloodkeep Episode 1,2020-02-29 19:00:01+00:00,7636,3074350,60228,2836,False,0.020512953957747167,127.3,120_to_180,2020,2020-02,2227,1380.49
QDap5gIPHZw,UCC8zWIx8aBQme-x1nX9iZ0A,Dimension 20,large,"Hilda Hilda, Who Lives at 22 Hilda Street and 22 Hilda Boulevard",2020-02-08 18:00:04+00:00,334,792264,25057,497,False,0.03225440004846869,5.6,under_60,2020,2020-02,2248,352.43
l-y98OYaXu8,UCC8zWIx8aBQme-x1nX9iZ0A,Dimension 20,large,Big Little Crimes (Ep. 1) | Tiny Heist (ft. the McElroys),2020-01-15 18:30:05+00:00,7841,1126128,24045,1475,False,0.02266172229089411,130.7,120_to_180,2020,2020-01,2272,495.65
h92NSa3I9rg,UCC8zWIx8aBQme-x1nX9iZ0A,Dimension 20,large,Start This Video at 11:50PM and You Can Celebrate New Years In the Unsleeping City,2019-12-31 18:30:09+00:00,655,23261,1084,123,False,0.0518894286574094,10.9,under_60,2019,2019-12,2287,10.17
1zQIIYDUdCw,UCC8zWIx8aBQme-x1nX9iZ0A,Dimension 20,large,Havoc at the Hotel Cavalier (Part 2) | Fantasy High: Sophomore Year | Ep. 3,2019-12-25 18:30:00+00:00,4791,1073456,23771,1090,False,0.023159775528759446,79.8,60_to_120,2019,2019-12,2293,468.14
0oXiFuPCU6k,UCC8zWIx8aBQme-x1nX9iZ0A,Dimension 20,large,Meet the Cubbys,2019-12-23 18:30:51+00:00,363,989934,42461,1828,False,0.0447393462594476,6.0,under_60,2019,2019-12,2295,431.34
r8FZ9Tac5M8,UCC8zWIx8aBQme-x1nX9iZ0A,Dimension 20,large,Havoc at the Hotel Cavalier (Part 1) | Fantasy High: Sophomore Year | Ep. 3,2019-12-18 18:30:03+00:00,4594,1086859,25721,1428,False,0.024979321144693103,76.6,60_to_120,2019,2019-12,2300,472.55
GC1Fwjb0mvM,UCC8zWIx8aBQme-x1nX9iZ0A,Dimension 20,large,How To Bring the Party Together (Adventuring Academy: Office Hours),2019-12-18 02:39:03+00:00,1981,221287,8159,265,False,0.03806821006204612,33.0,under_60,2019,2019-12,2301,96.17
kjIorkzxF0s,UCC8zWIx8aBQme-x1nX9iZ0A,Dimension 20,large,How the Editors Make Dimension 20 Come To Life (Behind the Scenes),2019-12-14 18:30:03+00:00,406,45210,1719,62,False,0.03939393939393939,6.8,under_60,2019,2019-12,2304,19.62
3o39rSn-K6o,UCC8zWIx8aBQme-x1nX9iZ0A,Dimension 20,large,Mirror Madness (Part 2) | Fantasy High: Sophomore Year | Ep. 2,2019-12-11 18:30:01+00:00,4340,1117256,26421,1307,False,0.024817946826868685,72.3,60_to_120,2019,2019-12,2307,484.29
I5rJSs8QxvY,UCC8zWIx8aBQme-x1nX9iZ0A,Dimension 20,large,Mirror Madness (Part 1) | Fantasy High: Sophomore Year | Ep. 2,2019-12-04 18:30:01+00:00,4332,1272083,28832,1366,False,0.023739017029549173,72.2,60_to_120,2019,2019-12,2314,549.73
7NyGLheozCE,UCC8zWIx8aBQme-x1nX9iZ0A,Dimension 20,large,How To Plan For Encounters,2019-12-04 02:35:33+00:00,1803,448541,15943,543,False,0.03675472253372601,30.0,under_60,2019,2019-12,2315,193.75
LIGsNWQ8zEU,UCC8zWIx8aBQme-x1nX9iZ0A,Dimension 20,large,How the Minis of Dimension 20 Are Made (Behind the Scenes),2019-11-30 18:30:00+00:00,371,65876,3055,95,False,0.04781711093569737,6.2,under_60,2019,2019-11,2318,28.42
WIvdo8LbmJ0,UCC8zWIx8aBQme-x1nX9iZ0A,Dimension 20,large,Brennan's The Bad Guy (Compilation),2019-11-23 18:30:02+00:00,309,1787606,48573,1253,False,0.02787303242437092,5.2,under_60,2019,2019-11,2325,768.86
J5D0ij7cv-c,UCC8zWIx8aBQme-x1nX9iZ0A,Dimension 20,large,Sophomores Start | Fantasy High: Sophomore Year | Ep. 1,2019-11-20 18:30:01+00:00,8384,2987399,49621,2807,False,0.017549714651440937,139.7,120_to_180,2019,2019-11,2328,1283.25
Pbx-CSwU6rI,UCC8zWIx8aBQme-x1nX9iZ0A,Dimension 20,large,How to Build Compelling Characters,2019-11-20 02:57:22+00:00,1237,560692,22510,477,False,0.04099755302376349,20.6,under_60,2019,2019-11,2328,240.85
5Gov0t2HOas,UCC8zWIx8aBQme-x1nX9iZ0A,Dimension 20,large,How Brennan Lee Mulligan Runs a Campaign (Behind the Scenes),2019-11-16 18:30:01+00:00,390,200543,8196,118,False,0.041457443042140586,6.5,under_60,2019,2019-11,2332,86.0
VuxPLNb4eA4,UCC8zWIx8aBQme-x1nX9iZ0A,Dimension 20,large,How To Prep For DMing a Campaign Session (Adventuring Academy: Office Hours),2019-11-14 23:30:52+00:00,1430,980398,35631,391,False,0.03674222101636274,23.8,under_60,2019,2019-11,2334,420.05
2MIPr_Biw8U,UCC8zWIx8aBQme-x1nX9iZ0A,Dimension 20,large,Recapping Fantasy High with Siobhan and Lou,2019-10-05 17:30:00+00:00,4868,152463,4139,343,False,0.029397296393223273,81.1,60_to_120,2019,2019-10,2374,64.22
oqvXsPDhIsY,UCC8zWIx8aBQme-x1nX9iZ0A,Dimension 20,large,Recapping Fantasy High with Ally and Zac,2019-10-04 17:30:01+00:00,4651,180688,5003,250,False,0.029072212875232446,77.5,60_to_120,2019,2019-10,2375,76.08
5_zHhugm_28,UCC8zWIx8aBQme-x1nX9iZ0A,Dimension 20,large,Recapping Fantasy High with Rick and Lou,2019-09-28 17:30:00+00:00,4935,54245,1617,87,False,0.031413033459305004,82.2,60_to_120,2019,2019-09,2381,22.78
VPmwamOA7dg,UCC8zWIx8aBQme-x1nX9iZ0A,Dimension 20,large,"Recapping Fantasy High with Emily, Murph, and Michael",2019-09-27 17:30:00+00:00,3866,137890,3758,183,False,0.02858075277395025,64.4,60_to_120,2019,2019-09,2382,57.89
_F1gTeuVMb8,UCC8zWIx8aBQme-x1nX9iZ0A,Dimension 20,large,Prompocalypse - Pt. 2 (Ep. 17) | Fantasy High,2019-09-23 17:30:00+00:00,4799,1593352,63529,3147,False,0.04184637167430674,80.0,60_to_120,2019,2019-09,2386,667.79
G4bdPAmK4fg,UCC8zWIx8aBQme-x1nX9iZ0A,Dimension 20,large,Prompocalypse (Ep. 16) | Fantasy High,2019-09-22 19:30:01+00:00,7056,2043570,52389,3476,False,0.02733696423415885,117.6,60_to_120,2019,2019-09,2387,856.12
xYZnyhOc4Rw,UCC8zWIx8aBQme-x1nX9iZ0A,Dimension 20,large,Family in Flames (Ep. 15) | Fantasy High,2019-09-22 17:30:03+00:00,6953,1979764,56098,3681,False,0.03019501314298068,115.9,60_to_120,2019,2019-09,2387,829.39
C6lnrDGbOag,UCC8zWIx8aBQme-x1nX9iZ0A,Dimension 20,large,Arcade Ambush (Ep. 14) | Fantasy High,2019-09-21 19:30:01+00:00,6115,1993251,49434,2362,False,0.02598568870654022,101.9,60_to_120,2019,2019-09,2388,834.69
DVh_FQnW5eM,UCC8zWIx8aBQme-x1nX9iZ0A,Dimension 20,large,First Kisses and Last Words (Ep. 13) | Fantasy High,2019-09-21 17:30:00+00:00,6948,2210839,55145,3508,False,0.026529747304077773,115.8,60_to_120,2019,2019-09,2388,925.81
eZQSVAnW5Yk,UCC8zWIx8aBQme-x1nX9iZ0A,Dimension 20,large,The Sisterly Showdown (Ep. 12) | Fantasy High,2019-09-20 19:30:01+00:00,7065,2377841,51146,2391,False,0.022514962102175882,117.8,60_to_120,2019,2019-09,2389,995.33
nJKSJwYhxOw,UCC8zWIx8aBQme-x1nX9iZ0A,Dimension 20,large,"Cool Kids, Cold Case (Ep. 11) | Fantasy High",2019-09-20 17:30:03+00:00,6588,2325207,55984,2874,False,0.02531301514230776,109.8,60_to_120,2019,2019-09,2389,973.3
2i_yAoWqPJA,UCC8zWIx8aBQme-x1nX9iZ0A,Dimension 20,large,Battle of the Bloodrush Brethren (Ep. 10) | Fantasy High,2019-09-19 19:30:02+00:00,5040,2086065,51366,2045,False,0.025603708417522943,84.0,60_to_120,2019,2019-09,2390,872.83
DczPnt0YCTg,UCC8zWIx8aBQme-x1nX9iZ0A,Dimension 20,large,Dishing with a Demon (Ep. 9) | Fantasy High,2019-09-19 17:30:01+00:00,6382,2601614,60713,3614,False,0.024725804827311047,106.4,60_to_120,2019,2019-09,2390,1088.54
vNpHE6rTz_s,UCC8zWIx8aBQme-x1nX9iZ0A,Dimension 20,large,Looking for Lazarus (Unsleeping City #5 - Part 2),2019-09-10 17:30:02+00:00,3111,130781,3704,265,False,0.030348445110528286,51.8,under_60,2019,2019-09,2399,54.51
FnXSQiR8ayU,UCC8zWIx8aBQme-x1nX9iZ0A,Dimension 20,large,Storytelling As a Game Master with Peter Warren,2019-09-04 17:30:00+00:00,3747,106985,2690,95,False,0.026031686685049307,62.4,60_to_120,2019,2019-09,2405,44.48
JscoTxAyOKM,UCC8zWIx8aBQme-x1nX9iZ0A,Dimension 20,large,A Pixie Wedding (Unsleeping City #5 - Part 1),2019-09-03 17:30:01+00:00,3431,148208,4056,281,False,0.02926292777717802,57.2,under_60,2019,2019-09,2406,61.6
ozQa0im0C5I,UCC8zWIx8aBQme-x1nX9iZ0A,Dimension 20,large,Killing Off Characters with Jack Covell,2019-08-21 17:30:03+00:00,3818,121023,3413,153,False,0.029465473505036234,63.6,60_to_120,2019,2019-08,2419,50.03
ML5m4NL8meE,UCC8zWIx8aBQme-x1nX9iZ0A,Dimension 20,large,Finding Fun in Failure with Siobhan Thompson,2019-08-07 17:30:01+00:00,2834,173319,5382,270,False,0.03261038893600817,47.2,under_60,2019,2019-08,2433,71.24
Yu3W2E7MDWc,UCC8zWIx8aBQme-x1nX9iZ0A,Dimension 20,large,Finding Fun in Failure with Siobhan Thompson,2019-08-07 17:30:01+00:00,2834,21834,581,40,False,0.028441879637262985,47.2,under_60,2019,2019-08,2433,8.97
6qnmkuz8H9s,UCC8zWIx8aBQme-x1nX9iZ0A,Dimension 20,large,Introducing Horror to a Game with Ivan Van Norman,2019-07-24 17:30:00+00:00,3141,109169,3704,95,False,0.034799256199104144,52.4,under_60,2019,2019-07,2447,44.61
2Kktwa0kqaU,UCC8zWIx8aBQme-x1nX9iZ0A,Dimension 20,large,Start Spreading the News (Ep. 1) | The Unsleeping City,2019-07-23 00:21:19+00:00,7757,2897235,58712,3411,False,0.02144216813617121,129.3,120_to_180,2019,2019-07,2449,1183.03
63tcD2_hhHU,UCC8zWIx8aBQme-x1nX9iZ0A,Dimension 20,large,Reunion with the Cast of Escape From the Bloodkeep Pt. 2,2019-07-10 17:30:02+00:00,3871,169401,4985,188,False,0.03053700981694323,64.5,60_to_120,2019,2019-07,2461,68.83
RGb2VYNd4ws,UCC8zWIx8aBQme-x1nX9iZ0A,Dimension 20,large,Reunion with the Cast of Escape From the Bloodkeep,2019-06-26 17:30:00+00:00,4004,148878,4724,176,False,0.032912854820725694,66.7,60_to_120,2019,2019-06,2475,60.15
upuuZk6QlV8,UCC8zWIx8aBQme-x1nX9iZ0A,Dimension 20,large,Healing Through D&D (with Krystina Arielle),2019-06-12 17:30:00+00:00,2919,54568,2081,155,False,0.0409763964228119,48.6,under_60,2019,2019-06,2489,21.92
P8U22JoOyUQ,UCC8zWIx8aBQme-x1nX9iZ0A,Dimension 20,large,Playing a Cooperative Game (with Nick Marini),2019-05-29 17:30:01+00:00,3293,89859,2965,96,False,0.034064478794555916,54.9,under_60,2019,2019-05,2503,35.9
BTIG9oydjGQ,UCC8zWIx8aBQme-x1nX9iZ0A,Dimension 20,large,Giving Yourself Permission to Feel (with Marisha Ray),2019-05-15 18:05:46+00:00,3085,353504,11848,371,False,0.034565379741106184,51.4,under_60,2019,2019-05,2517,140.45
sCtIeSyWFn8,UCC8zWIx8aBQme-x1nX9iZ0A,Dimension 20,large,What to Do With a Nat 20 (with B. Dave Walters),2019-05-01 18:00:06+00:00,3189,143106,4419,156,False,0.0319693094629156,53.2,under_60,2019,2019-05,2531,56.54
Ckox3W4zRHc,UCC8zWIx8aBQme-x1nX9iZ0A,Dimension 20,large,Leveling Up (with Satine Phoenix),2019-04-17 18:00:00+00:00,3141,218469,7268,315,False,0.03470972998457447,52.4,under_60,2019,2019-04,2545,85.84
sig8X_kojco,UCC8zWIx8aBQme-x1nX9iZ0A,Dimension 20,large,Building Your Own Campaign Setting (with Matthew Mercer) │ Adventuring Academy,2019-04-03 18:30:02+00:00,3421,3210893,87588,2923,False,0.02818873129686975,57.0,under_60,2019,2019-04,2559,1254.75
2PsUg2RWiA4,UCC8zWIx8aBQme-x1nX9iZ0A,Dimension 20,large,Finishing a Campaign (with Molly Ostertag),2019-03-20 17:30:00+00:00,3563,125677,3889,195,False,0.03249600165503632,59.4,under_60,2019,2019-03,2573,48.84
xn9wwrs-JXU,UCC8zWIx8aBQme-x1nX9iZ0A,Dimension 20,large,Being the Mean GM (with Noah Diamond),2019-03-06 19:00:05+00:00,3238,155288,4080,125,False,0.027078718252537222,54.0,under_60,2019,2019-03,2587,60.03
In5nQnYXeVg,UCC8zWIx8aBQme-x1nX9iZ0A,Dimension 20,large,Playing in a Safe Space (with Erika Ishii),2019-02-20 19:30:00+00:00,3637,261618,7366,362,False,0.029539251886338096,60.6,60_to_120,2019,2019-02,2601,100.58
AY8VqiswElI,UCC8zWIx8aBQme-x1nX9iZ0A,Dimension 20,large,Raising the Stakes (with Brian Murphy) *FANTASY HIGH SPOILERS*,2019-02-06 19:30:00+00:00,3627,630308,16404,930,False,0.027500840858754767,60.4,60_to_120,2019,2019-02,2615,241.04
99LdpMvIDQ8,UCC8zWIx8aBQme-x1nX9iZ0A,Dimension 20,large,Keeping a Game Going (with Amy Vorpahl),2019-01-23 08:00:00+00:00,3426,249374,7267,351,False,0.030548493427542567,57.1,under_60,2019,2019-01,2629,94.86
TTC_2ANnmng,UCC8zWIx8aBQme-x1nX9iZ0A,Dimension 20,large,Fantasy High Binge Compilation (Episodes 1 - 8),2019-01-10 18:30:00+00:00,45177,2398994,35957,2950,False,0.016218048065147306,753.0,180_plus,2019,2019-01,2642,908.02
pURrup121Xk,UCC8zWIx8aBQme-x1nX9iZ0A,Dimension 20,large,Creating Rounded Characters (with Lou Wilson),2019-01-09 19:00:02+00:00,3232,950567,28869,711,False,0.03111826941183525,53.9,under_60,2019,2019-01,2643,359.65
JnAZ4wc0zeM,UCC8zWIx8aBQme-x1nX9iZ0A,Dimension 20,large,The Making of Fantasy High,2018-12-27 19:15:25+00:00,338,597666,21926,545,False,0.03759792258552436,5.6,under_60,2018,2018-12,2656,225.02
ZRkL7h1usw8,UCC8zWIx8aBQme-x1nX9iZ0A,Dimension 20,large,Havoc on the Half-Pipe (Ep. 8) | Fantasy High,2018-12-20 18:30:00+00:00,5426,2520418,59051,2962,False,0.02460425215182561,90.4,60_to_120,2018,2018-12,2663,946.46
XJ0SMDQZrCQ,UCC8zWIx8aBQme-x1nX9iZ0A,Dimension 20,large,The Graveyard of Good and Evil (Ep. 7) | Fantasy High,2018-12-04 18:30:01+00:00,5473,2580616,60656,3563,False,0.024885143702123833,91.2,60_to_120,2018,2018-12,2679,963.28
LrUbqcBYx6s,UCC8zWIx8aBQme-x1nX9iZ0A,Dimension 20,large,Brawl at the Zombie Bar (Ep. 6) | Fantasy High,2018-11-27 18:30:01+00:00,4106,2423575,59590,2924,False,0.02579412644543701,68.4,60_to_120,2018,2018-11,2686,902.3
Uly8iW-oowE,UCC8zWIx8aBQme-x1nX9iZ0A,Dimension 20,large,The Pixie and the Mosh Pit (Ep. 5) | Fantasy High,2018-11-20 18:30:00+00:00,6527,3338321,73443,4560,False,0.023365937547647455,108.8,60_to_120,2018,2018-11,2693,1239.63
cet2H3L_Xxk,UCC8zWIx8aBQme-x1nX9iZ0A,Dimension 20,large,Street Race to the Death (Ep. 4) | Fantasy High,2018-10-30 18:00:05+00:00,4655,2878720,70112,3059,False,0.025417894064028456,77.6,60_to_120,2018,2018-10,2714,1060.69
d2r0NBbJcww,UCC8zWIx8aBQme-x1nX9iZ0A,Dimension 20,large,Rise of the Dead Teens (Ep. 3) | Fantasy High,2018-10-23 17:30:01+00:00,6866,4239893,88472,4094,False,0.021832154726546166,114.4,60_to_120,2018,2018-10,2721,1558.21
DZ5rprmAHhE,UCC8zWIx8aBQme-x1nX9iZ0A,Dimension 20,large,Clash of the Corn Cuties (Ep. 2) | Fantasy High,2018-10-16 17:30:01+00:00,5294,3684860,93403,4676,False,0.026616750704232996,88.2,60_to_120,2018,2018-10,2728,1350.76
_zZxCVBi7-k,UCC8zWIx8aBQme-x1nX9iZ0A,Dimension 20,large,The Beginning Begins (Ep. 1) | Fantasy High,2018-10-09 17:30:01+00:00,6838,8196446,179987,6690,False,0.02277535897875738,114.0,60_to_120,2018,2018-10,2735,2996.87
K-PVQCyLVBs,UCiER8p540j2SosO7OX7E0VA,Legends of Avantris,large,Voidbound Ep. 2 | Cosmic Horror D&D | Icebound in SPACE! | NeonRPG.com for Free Dice!,2026-04-04 05:53:44+00:00,21651,10069,624,2,False,0.062171019962260404,360.8,180_plus,2026,2026-04,1,10069.0
LtU3dzAhxJM,UCiER8p540j2SosO7OX7E0VA,Legends of Avantris,large,Uproot-a-rama Ep. 3 | Funny Sci-Fi D&D | He Predicted This | Free Dice at NeonRPG.com,2026-04-02 21:02:48+00:00,11221,15936,646,123,False,0.04825552208835342,187.0,180_plus,2026,2026-04,3,5312.0
SGDsXOyJV4E,UCiER8p540j2SosO7OX7E0VA,Legends of Avantris,large,Once Upon a Starlight Ep. 5 | Witchlight in SPACE! | NeonRPG.com for Free Dice!,2026-04-02 05:06:51+00:00,18606,28318,1209,98,False,0.04615438943428208,310.1,180_plus,2026,2026-04,3,9439.33
hAwNZU49ZIk,UCiER8p540j2SosO7OX7E0VA,Legends of Avantris,large,Once Upon a Starlight Ep. 4 | The Call | Witchlight in SPACE!,2026-03-31 22:00:00+00:00,10884,12491,559,86,False,0.051637178768713474,181.4,180_plus,2026,2026-03,5,2498.2
R9fstuLkMEY,UCiER8p540j2SosO7OX7E0VA,Legends of Avantris,large,Stardust Rhapsody: Anthem Abridged - Part 4,2026-03-31 19:00:00+00:00,3770,19532,612,31,False,0.03292033585910301,62.8,60_to_120,2026,2026-03,5,3906.4
NvaokD01aGM,UCiER8p540j2SosO7OX7E0VA,Legends of Avantris,large,Uproot-a-rama Ep. 3 | Dimwits in SPACE! | NeonRPG.com for Free Dice!,2026-03-31 04:57:08+00:00,18426,47619,1647,116,False,0.037023037023037025,307.1,180_plus,2026,2026-03,5,9523.8
PsFhYN9576s,UCiER8p540j2SosO7OX7E0VA,Legends of Avantris,large,Voidbound Ep. 1 | The Distress Signal | Cosmic Horror D&D,2026-03-27 21:14:31+00:00,11475,25174,1055,130,False,0.0470723762612219,191.2,180_plus,2026,2026-03,9,2797.11
0--XYaUYmB8,UCiER8p540j2SosO7OX7E0VA,Legends of Avantris,large,Waltz for Eternity Ep. 2 | Why We Fight | Mecha Knights D&D,2026-03-26 21:01:50+00:00,12485,17528,750,134,False,0.05043359196713829,208.1,180_plus,2026,2026-03,10,1752.8
AvxKqiNScQU,UCiER8p540j2SosO7OX7E0VA,Legends of Avantris,large,Once Upon a Starlight Ep. 4 | Witchlight in SPACE! | NeonRPG.com for Free Dice!,2026-03-26 04:45:55+00:00,18001,37404,1430,119,False,0.04141268313549353,300.0,180_plus,2026,2026-03,10,3740.4
GgvkR1LERW8,UCiER8p540j2SosO7OX7E0VA,Legends of Avantris,large,Now There Are TWO OF THEM! | Funny Witchlight Compilation | Comedy D&D,2026-03-24 20:00:00+00:00,980,131327,7129,210,False,0.055883405544937446,16.3,under_60,2026,2026-03,12,10943.92
kddPtN7OZrw,UCiER8p540j2SosO7OX7E0VA,Legends of Avantris,large,Once Upon a Starlight Ep. 3 | The Spark | Witchlight in SPACE!,2026-03-24 18:00:49+00:00,9773,22519,932,156,False,0.04831475642790532,162.9,120_to_180,2026,2026-03,12,1876.58
XxaYg7ngrAo,UCiER8p540j2SosO7OX7E0VA,Legends of Avantris,large,[New Campaign] Waltz for Eternity Ep. 2 | Mecha Knights D&D | NeonRPG.com for Free Dice!,2026-03-24 05:55:44+00:00,21787,44413,1630,118,False,0.03935784567581564,363.1,180_plus,2026,2026-03,12,3701.08
A8jVVO3-Hqg,UCiER8p540j2SosO7OX7E0VA,Legends of Avantris,large,[S2 Premiere!] Stardust Rhapsody: Anthem LIVE! | S2E2 | NeonRPG.com for Free Dice!,2026-03-22 05:00:13+00:00,14436,36885,1271,90,False,0.0368984682120103,240.6,180_plus,2026,2026-03,14,2634.64
UoP1PXq8tq0,UCiER8p540j2SosO7OX7E0VA,Legends of Avantris,large,[S2 Premiere!] Stardust Rhapsody: Anthem LIVE! | S2E1| NeonRPG.com for Free Dice!,2026-03-22 01:03:36+00:00,23821,48856,1511,133,False,0.03364990993941379,397.0,180_plus,2026,2026-03,15,3257.07
sZtt6UQc4nQ,UCiER8p540j2SosO7OX7E0VA,Legends of Avantris,large,Stardust Rhapsody: Anthem Abridged - Part 3,2026-03-19 19:29:49+00:00,3863,29065,864,43,False,0.031205917770514364,64.4,60_to_120,2026,2026-03,17,1709.71
e2LgQ90ZQMs,UCiER8p540j2SosO7OX7E0VA,Legends of Avantris,large,Uproot-a-rama Ep. 2 | Funny Sci-Fi D&D | Princess in Another Castle | Free Dice at NeonRPG.com,2026-03-19 15:21:37+00:00,11192,58965,1781,165,False,0.03300262867802934,186.5,180_plus,2026,2026-03,17,3468.53
4ToLAcdsNEE,UCiER8p540j2SosO7OX7E0VA,Legends of Avantris,large,Once Upon a Starlight Ep. 3 | Witchlight in SPACE! | NeonRPG.com for Free Dice!,2026-03-19 04:30:40+00:00,17055,45801,1672,201,False,0.04089430361782494,284.2,180_plus,2026,2026-03,17,2694.18
KQRw_1L-C9o,UCiER8p540j2SosO7OX7E0VA,Legends of Avantris,large,A Bathroom Microwave?! | Funny Stardust Rhapsody Compilation | Comedy D&D,2026-03-17 20:00:06+00:00,963,218692,9829,132,False,0.045548076747206116,16.0,under_60,2026,2026-03,19,11510.11
7uObBxt6b0Y,UCiER8p540j2SosO7OX7E0VA,Legends of Avantris,large,Waltz for Eternity Ep. 1 | A Right to Dream | Mecha Knights D&D,2026-03-17 13:02:16+00:00,12192,39201,1697,276,False,0.05033034871559399,203.2,180_plus,2026,2026-03,19,2063.21
sDq43zJF0Nw,UCiER8p540j2SosO7OX7E0VA,Legends of Avantris,large,Uproot-a-rama Ep. 2 | Dimwits in SPACE! | NeonRPG.com for Free Dice!,2026-03-17 05:11:07+00:00,19113,62891,2004,130,False,0.03393172314003594,318.6,180_plus,2026,2026-03,19,3310.05
ix9ge5qIV9c,UCiER8p540j2SosO7OX7E0VA,Legends of Avantris,large,Once Upon a Starlight Ep. 2 | The Secret | Witchlight in SPACE!,2026-03-16 21:50:52+00:00,11065,36493,1299,145,False,0.03956923245553942,184.4,180_plus,2026,2026-03,20,1824.65
5A3aEhhBhYA,UCiER8p540j2SosO7OX7E0VA,Legends of Avantris,large,Once Upon a Starlight Ep. 1 | The Child | Witchlight in SPACE!,2026-03-13 22:53:23+00:00,12645,81602,3054,282,False,0.0408813509472807,210.8,180_plus,2026,2026-03,23,3547.91
gw5aHhUjqU8,UCiER8p540j2SosO7OX7E0VA,Legends of Avantris,large,We All Make Mistakes | Funny Stardust Rhapsody Compilation | Comedy D&D,2026-03-12 20:00:06+00:00,1156,173239,7392,147,False,0.04351791455734563,19.3,under_60,2026,2026-03,24,7218.29
wWT1_IZMKwk,UCiER8p540j2SosO7OX7E0VA,Legends of Avantris,large,Once Upon a Starlight Ep. 2 | Witchlight in SPACE! | NeonRPG.com for Free Dice!,2026-03-12 05:50:16+00:00,20635,55819,1900,167,False,0.0370304018345008,343.9,180_plus,2026,2026-03,24,2325.79
X126VAWPqBo,UCiER8p540j2SosO7OX7E0VA,Legends of Avantris,large,Popstar to the Stars: PIXEL POP | Funny Stardust Rhapsody Compilation | Comedy D&D,2026-03-10 20:00:05+00:00,888,55244,2741,57,False,0.05064803417565709,14.8,under_60,2026,2026-03,26,2124.77
BUTuKtsTz0w,UCiER8p540j2SosO7OX7E0VA,Legends of Avantris,large,[NEW CAMPAIGN] Waltz for Eternity Ep. 1 | Mecha Knights D&D | NeonRPG.com for Free Dice!,2026-03-10 05:32:10+00:00,20096,82110,3113,280,False,0.04132261600292291,334.9,180_plus,2026,2026-03,26,3158.08
QwWojTh1-LI,UCiER8p540j2SosO7OX7E0VA,Legends of Avantris,large,Neon Odyssey Live! - All-Day Q&A 2 | NeonRPG.com for Free Dice!,2026-03-08 03:42:30+00:00,29953,26259,779,28,False,0.030732320347309494,499.2,180_plus,2026,2026-03,28,937.82
vnjbQIzkJw8,UCiER8p540j2SosO7OX7E0VA,Legends of Avantris,large,Voidbound Ep. 1 | Cosmic Horror D&D | Icebound in SPACE! | NeonRPG.com for Free Dice!,2026-03-07 06:22:42+00:00,19310,58344,2045,130,False,0.03727889757301522,321.8,180_plus,2026,2026-03,29,2011.86
hiQ-LzfBPiE,UCiER8p540j2SosO7OX7E0VA,Legends of Avantris,large,"Uproot-a-rama Ep. 1 | Funny Sci-Fi D&D | Good News, Everyone! | Free Dice at NeonRPG.com",2026-03-06 19:00:45+00:00,11188,249470,9022,697,False,0.03895859221549686,186.5,180_plus,2026,2026-03,30,8315.67
PdN5A-0z_qo,UCiER8p540j2SosO7OX7E0VA,Legends of Avantris,large,Once Upon a Starlight Ep. 1 | Witchlight in SPACE! | NeonRPG.com for Free Dice!,2026-03-05 06:38:59+00:00,20745,95026,3370,322,False,0.03885252457222234,345.8,180_plus,2026,2026-03,31,3065.35
F6yP7_S-7Is,UCiER8p540j2SosO7OX7E0VA,Legends of Avantris,large,Lady Luck is On His Side | Funny Stardust Rhapsody Compilation | Comedy D&D,2026-03-04 20:00:02+00:00,1162,100440,4916,159,False,0.05052767821585026,19.4,under_60,2026,2026-03,32,3138.75
gVxLo949G78,UCiER8p540j2SosO7OX7E0VA,Legends of Avantris,large,Uproot-a-rama Ep. 1 | Dimwits in SPACE! | NeonRPG.com for Free Dice!,2026-03-03 05:51:58+00:00,17964,120109,4290,337,False,0.03852334129832069,299.4,180_plus,2026,2026-03,33,3639.67
7FbTEHv_Ng4,UCiER8p540j2SosO7OX7E0VA,Legends of Avantris,large,Neon Odyssey One-Shot - Part 1 | Out Among the Stars | Sci-Fi D&D,2026-03-02 19:40:21+00:00,9063,55293,2088,190,False,0.04119870508020907,151.0,120_to_180,2026,2026-03,34,1626.26
4DZ5AbUrLX8,UCiER8p540j2SosO7OX7E0VA,Legends of Avantris,large,Neon Odyssey Live! - All-Day Q&A | NeonRPG.com for Free Dice!,2026-03-01 04:45:08+00:00,28649,29151,998,28,False,0.03519604816301328,477.5,180_plus,2026,2026-03,35,832.89
QC0M0vtg03U,UCiER8p540j2SosO7OX7E0VA,Legends of Avantris,large,Stardust Rhapsody: Anthem Abridged - Part 2,2026-02-27 16:00:47+00:00,4169,38133,1146,49,False,0.031337686518238796,69.5,60_to_120,2026,2026-02,37,1030.62
h_KEYKqBa7s,UCiER8p540j2SosO7OX7E0VA,Legends of Avantris,large,New Kickstarter Announcement Stream! | Neon Odyssey | Space Opera 5E Trilogy,2026-02-26 08:52:14+00:00,28235,66120,2699,90,False,0.04218088324258923,470.6,180_plus,2026,2026-02,38,1740.0
3mW-8CacZT4,UCiER8p540j2SosO7OX7E0VA,Legends of Avantris,large,Icebound Ep. 41 | Hardcore Survival D&D | She Was Wrath,2026-02-24 22:30:03+00:00,15243,20585,690,136,False,0.04012630556230265,254.0,180_plus,2026,2026-02,40,514.62
mGwW-RWWn3g,UCiER8p540j2SosO7OX7E0VA,Legends of Avantris,large,What Did You Call Me?! | Funny Stardust Rhapsody Compilation | Comedy D&D,2026-02-23 21:00:06+00:00,754,66602,3259,88,False,0.050253746133749735,12.6,under_60,2026,2026-02,41,1624.44
B9gA0AtenWw,UCiER8p540j2SosO7OX7E0VA,Legends of Avantris,large,Once Upon a Witchlight Ep. 72 | Three's a Crowd | Feywild D&D Campaign,2026-02-22 21:00:08+00:00,13458,63970,1731,331,False,0.03223385962169767,224.3,180_plus,2026,2026-02,42,1523.1
R0GS3KiRsQc,UCiER8p540j2SosO7OX7E0VA,Legends of Avantris,large,Sonic BOOM! | Funny Stardust Rhapsody Compilation | Comedy D&D,2026-02-19 21:00:06+00:00,866,103793,4457,97,False,0.04387579123833014,14.4,under_60,2026,2026-02,45,2306.51
eEuVzRutlpQ,UCiER8p540j2SosO7OX7E0VA,Legends of Avantris,large,[LIVE] Once Upon a Witchlight - Ep. 72 | Madcap Comedy D&D | avantris.com #sponsored,2026-02-19 06:45:44+00:00,20678,46144,1746,117,False,0.04037361303744799,344.6,180_plus,2026,2026-02,45,1025.42
g9aMlEgHlSA,UCiER8p540j2SosO7OX7E0VA,Legends of Avantris,large,The Toilet BECKONS | Hilarious Witchlight Compilation | Comedy D&D,2026-02-17 21:00:06+00:00,915,112337,4447,88,False,0.04036960217915736,15.2,under_60,2026,2026-02,47,2390.15
LCBqTCChEII,UCiER8p540j2SosO7OX7E0VA,Legends of Avantris,large,Once Upon a Witchlight Ep. 71 | Snicker Snatch | Feywild D&D Campaign,2026-02-13 21:00:31+00:00,9350,59125,1762,199,False,0.033167019027484146,155.8,120_to_180,2026,2026-02,51,1159.31
jpvAO0SzWaw,UCiER8p540j2SosO7OX7E0VA,Legends of Avantris,large,Stardust Rhapsody: Anthem Abridged - Part 1,2026-02-12 22:30:06+00:00,3965,50060,1898,87,False,0.03965241709948062,66.1,60_to_120,2026,2026-02,52,962.69
NIizj7mxTn8,UCiER8p540j2SosO7OX7E0VA,Legends of Avantris,large,[LIVE] Once Upon a Witchlight - Ep. 71 | Madcap Comedy D&D | avantris.com,2026-02-12 05:07:25+00:00,15606,39820,1744,93,False,0.04613259668508287,260.1,180_plus,2026,2026-02,52,765.77
-eb-kG1Al24,UCiER8p540j2SosO7OX7E0VA,Legends of Avantris,large,Icebound Ep. 40 | Hardcore Survival D&D | Seed of Sorrow,2026-02-10 21:00:00+00:00,12506,24125,868,165,False,0.042818652849740936,208.4,180_plus,2026,2026-02,54,446.76
yotJOoxq0_Q,UCiER8p540j2SosO7OX7E0VA,Legends of Avantris,large,The Boots Stay ON | Hilarious Witchlight Compilation | Comedy D&D,2026-02-09 21:00:05+00:00,953,137559,6313,170,False,0.047128868340130414,15.9,under_60,2026,2026-02,55,2501.07
cMtJsoVuoes,UCiER8p540j2SosO7OX7E0VA,Legends of Avantris,large,Once Upon a Witchlight Ep. 70 | Yearn for the Mines | Feywild D&D Campaign,2026-02-06 21:00:06+00:00,7923,66583,2217,278,False,0.03747202739437994,132.0,120_to_180,2026,2026-02,58,1147.98
97WLWncLQWw,UCiER8p540j2SosO7OX7E0VA,Legends of Avantris,large,Witchlight Compilation 2 | Unhinged D&D,2026-02-05 21:00:06+00:00,2657,98119,2654,53,False,0.027588948114024806,44.3,under_60,2026,2026-02,59,1663.03
UMr4p_ZOdiY,UCiER8p540j2SosO7OX7E0VA,Legends of Avantris,large,Unhinged Space Clown! | Hilarious Chuckles Moments | Comedy D&D Compilation,2026-02-02 21:00:06+00:00,934,128565,5677,129,False,0.04516003577956676,15.6,under_60,2026,2026-02,62,2073.63
cRynmW1wCzE,UCiER8p540j2SosO7OX7E0VA,Legends of Avantris,large,Once Upon a Witchlight Ep. 69 | Nice | Feywild D&D Campaign,2026-02-01 21:00:06+00:00,11358,90803,3183,1056,False,0.04668347962071738,189.3,180_plus,2026,2026-02,63,1441.32
dCQjsiUKhKc,UCiER8p540j2SosO7OX7E0VA,Legends of Avantris,large,iPad Kid in SPACE! | Hilarious Moments | Comedy D&D Compilation,2026-01-29 22:30:06+00:00,900,338199,14525,335,False,0.043938627849284,15.0,under_60,2026,2026-01,66,5124.23
qPo-4Oa6CTo,UCiER8p540j2SosO7OX7E0VA,Legends of Avantris,large,Once Upon a Witchlight Ep. 68 | Performance of a Lifetime | Feywild D&D Campaign,2026-01-27 23:00:06+00:00,6773,66452,2849,445,False,0.049569614157587434,112.9,60_to_120,2026,2026-01,68,977.24
KLAyI-eHoPQ,UCiER8p540j2SosO7OX7E0VA,Legends of Avantris,large,Chuckles Is BACK!!! | Ghost Spider Clown Compilation  | Comedy D&D,2026-01-26 21:00:05+00:00,925,289281,14060,240,False,0.04943290433868799,15.4,under_60,2026,2026-01,69,4192.48
sUNvQrQ9wGg,UCiER8p540j2SosO7OX7E0VA,Legends of Avantris,large,"Rex Maxim, REAL Space Cowboy | Hilarious Moments | Comedy D&D Compilation",2026-01-23 21:00:06+00:00,958,200951,8375,258,False,0.04296072176799319,16.0,under_60,2026,2026-01,72,2790.99
f5x1vik5JuY,UCiER8p540j2SosO7OX7E0VA,Legends of Avantris,large,Chuckles Compilation | The First Haunting | Comedy D&D,2026-01-20 21:00:06+00:00,861,376706,18127,288,False,0.048884275801288006,14.4,under_60,2026,2026-01,75,5022.75
jDc1lpzwWYY,UCiER8p540j2SosO7OX7E0VA,Legends of Avantris,large,FINALE! Avantris Plays: Detroit Become Human,2026-01-17 06:22:11+00:00,19599,20307,793,33,False,0.040675629093416064,326.6,180_plus,2026,2026-01,78,260.35
GOeDbtd1LkE,UCiER8p540j2SosO7OX7E0VA,Legends of Avantris,large,That Thing the Goblin ALWAYS Does! | Hilarious Witchlight Compilation | Comedy D&D,2026-01-15 21:00:06+00:00,933,167441,6018,86,False,0.03645463178074665,15.6,under_60,2026,2026-01,80,2093.01
vbg7WxD55So,UCiER8p540j2SosO7OX7E0VA,Legends of Avantris,large,Avantris Plays: Detroit Become Human,2026-01-15 06:21:20+00:00,19338,25359,1150,21,False,0.04617689972002051,322.3,180_plus,2026,2026-01,80,316.99
J916peoMlRc,UCiER8p540j2SosO7OX7E0VA,Legends of Avantris,large,Cooking Show in D&D! | Hilarious Witchlight Compilation | Electrum Chef,2026-01-13 21:00:06+00:00,947,212162,10112,178,False,0.04850067401325402,15.8,under_60,2026,2026-01,82,2587.34
JMbBZGkX9DM,UCiER8p540j2SosO7OX7E0VA,Legends of Avantris,large,IT'S WORKING! | Funny D&D Compilation | Witchlight Hilarious Moments,2026-01-08 21:00:06+00:00,917,169277,6595,103,False,0.039568281573988194,15.3,under_60,2026,2026-01,87,1945.71
IHOWaPTJf-c,UCiER8p540j2SosO7OX7E0VA,Legends of Avantris,large,Absolutely Failing in R.E.P.O. | Hilarious R.E.P.O Compilation,2026-01-05 21:00:06+00:00,937,192801,11077,114,False,0.058044304749456696,15.6,under_60,2026,2026-01,90,2142.23
p-BJA5b964A,UCiER8p540j2SosO7OX7E0VA,Legends of Avantris,large,Once Upon a Witchlight: Abridged - Part 1 | Eps. 1-5 | Hilarious D&D,2026-01-02 23:30:06+00:00,3466,154555,5199,133,False,0.034499045647180614,57.8,under_60,2026,2026-01,93,1661.88
DH-TBJEYdU4,UCiER8p540j2SosO7OX7E0VA,Legends of Avantris,large,CHAOS in REPO! | Funny Actual Play Compilation | Hilarious Avantris Plays Moments,2025-12-29 21:00:06+00:00,896,85446,4783,142,False,0.05763874259766402,14.9,under_60,2025,2025-12,97,880.89
4MSKoPMpEFw,UCiER8p540j2SosO7OX7E0VA,Legends of Avantris,large,Muppets in D&D??? | Funny D&D Compilation | Witchlight Best Moments,2025-12-25 21:00:06+00:00,789,145717,7573,170,False,0.053137245482682186,13.2,under_60,2025,2025-12,101,1442.74
YpCnkqcMri4,UCiER8p540j2SosO7OX7E0VA,Legends of Avantris,large,It's Ironic! | Funny D&D Compilation | More Hilarious Guys' Night Moments,2025-12-22 22:30:10+00:00,876,200857,9067,141,False,0.045843560343926275,14.6,under_60,2025,2025-12,104,1931.32
YU75oX4RXCg,UCiER8p540j2SosO7OX7E0VA,Legends of Avantris,large,"Once Upon a Ghostlight Ep. 10 | Shrivel, Shrink, and Spoil | Crooked Moon Campaign",2025-12-21 23:30:14+00:00,9621,61498,2063,211,False,0.036976812254057044,160.4,120_to_180,2025,2025-12,105,585.7
WVyWjU2h9w0,UCiER8p540j2SosO7OX7E0VA,Legends of Avantris,large,Unhinged for the Holidays! | Funny D&D Compilation | Yuletide One-Shot Hilarious Moments,2025-12-18 22:00:38+00:00,1014,248263,11660,218,False,0.04784442305136086,16.9,under_60,2025,2025-12,108,2298.73
Uf7ERpU9tAk,UCiER8p540j2SosO7OX7E0VA,Legends of Avantris,large,[S1 Finale] Stardust Rhapsody: Anthem - Ep. 16 | Time After Time | Sci-Fi D&D,2025-12-17 00:00:06+00:00,12871,38598,1461,207,False,0.043214674335457795,214.5,180_plus,2025,2025-12,110,350.89
WfTvrwtXqis,UCiER8p540j2SosO7OX7E0VA,Legends of Avantris,large,IT'S GUYS' NIGHT | Funny D&D Compilation | Hilarious Moments with The Guys,2025-12-15 22:30:09+00:00,950,306504,14007,268,False,0.04657361731005142,15.8,under_60,2025,2025-12,111,2761.3
JUC1gViYFQU,UCiER8p540j2SosO7OX7E0VA,Legends of Avantris,large,Avantris Plays Write Warz! | Madcap Party Game | https://bit.ly/WriteLoA | #sponsored,2025-12-11 04:58:05+00:00,14951,42350,1347,70,False,0.03345926800472255,249.2,180_plus,2025,2025-12,115,368.26
QgadvC-TmpA,UCiER8p540j2SosO7OX7E0VA,Legends of Avantris,large,Stardust Rhapsody: Anthem - Ep. 15 | Man in the Mirror | Sci-Fi D&D,2025-12-09 23:00:06+00:00,18628,47840,1341,179,False,0.03177257525083612,310.5,180_plus,2025,2025-12,117,408.89
ikSOrrgZCrQ,UCiER8p540j2SosO7OX7E0VA,Legends of Avantris,large,Lemons VS Lemon Juice | Funny D&D Compilation | Bitsy Hilarious Moments,2025-12-08 22:30:06+00:00,948,717247,31418,480,False,0.04447282456392289,15.8,under_60,2025,2025-12,118,6078.36
PyTp510ao6k,UCiER8p540j2SosO7OX7E0VA,Legends of Avantris,large,He has been SUMMONED! | Funny D&D Compilation | Ygor Best Moments,2025-12-04 22:00:06+00:00,954,1245377,54015,917,False,0.044108731733442964,15.9,under_60,2025,2025-12,122,10208.01
Zbh-WgmGe3o,UCiER8p540j2SosO7OX7E0VA,Legends of Avantris,large,Once Upon a Ghostlight Ep. 9 | In Your Nightmares | Crooked Moon Campaign,2025-11-28 23:30:13+00:00,7742,64311,1948,226,False,0.033804481348447386,129.0,120_to_180,2025,2025-11,128,502.43
lCbLLo7wRBo,UCiER8p540j2SosO7OX7E0VA,Legends of Avantris,large,Once Upon a Ghostlight Ep. 8 | Return of the Clown | Crooked Moon Campaign,2025-11-26 00:00:54+00:00,7555,126982,4590,295,False,0.038470019372824495,125.9,120_to_180,2025,2025-11,131,969.33
nHOjBW_-4w0,UCiER8p540j2SosO7OX7E0VA,Legends of Avantris,large,Dust to Damnation - Ep. 6 | Wild West Daggerheart Campaign | Ready for Blood,2025-11-23 23:30:06+00:00,12599,33672,1090,109,False,0.03560822047992397,210.0,180_plus,2025,2025-11,133,253.17
OjtXRG4Q3zo,UCiER8p540j2SosO7OX7E0VA,Legends of Avantris,large,Once Upon a Ghostlight Ep. 7 | Statue of Limitations | Crooked Moon Campaign,2025-11-21 23:30:09+00:00,7805,67599,1912,181,False,0.03096199647923786,130.1,120_to_180,2025,2025-11,135,500.73
DtMBejbscMw,UCiER8p540j2SosO7OX7E0VA,Legends of Avantris,large,Dust to Damnation - Ep. 5 | Wild West Daggerheart Campaign | No Other Sons,2025-11-20 23:30:05+00:00,12187,36817,1082,50,False,0.030746665942363582,203.1,180_plus,2025,2025-11,136,270.71
XdpkzIwk99g,UCiER8p540j2SosO7OX7E0VA,Legends of Avantris,large,Icebound Ep. 39 | Hardcore Survival D&D | Endurance,2025-11-19 00:00:29+00:00,14054,49033,1015,187,False,0.024514102747129483,234.2,180_plus,2025,2025-11,138,355.31
2-tplyTBku0,UCiER8p540j2SosO7OX7E0VA,Legends of Avantris,large,[Finale] Dust to Damnation Stream 3 (Eps. 5-6) | Daggerheart Mini-Campaign | bit.ly/DustDH,2025-11-18 10:22:35+00:00,31353,45043,1294,122,False,0.03143662722287592,522.6,180_plus,2025,2025-11,138,326.4
qSuO3Nvlccg,UCiER8p540j2SosO7OX7E0VA,Legends of Avantris,large,Dust to Damnation - Ep. 4 | Wild West Daggerheart Campaign | Leviathan Smiles,2025-11-16 23:30:06+00:00,12118,49636,1380,104,False,0.02989765492787493,202.0,180_plus,2025,2025-11,140,354.54
6yyDEbEV10g,UCiER8p540j2SosO7OX7E0VA,Legends of Avantris,large,[S1 Live Finale] Stardust Rhapsody: Anthem Eps. 16 | Sci-Fi Bounty Hunting D&D | All-Day Session,2025-11-16 07:07:43+00:00,15914,33091,1265,170,False,0.04336526548003989,265.2,180_plus,2025,2025-11,140,236.36
pglQovO0HpE,UCiER8p540j2SosO7OX7E0VA,Legends of Avantris,large,[Live Play] Stardust Rhapsody: Anthem Ep. 15 | Sci-Fi Bounty Hunting D&D | All-Day Session,2025-11-16 02:49:31+00:00,28626,50606,1489,144,False,0.03226890092083943,477.1,180_plus,2025,2025-11,140,361.47
ECAuDiXpk3E,UCiER8p540j2SosO7OX7E0VA,Legends of Avantris,large,Dust to Damnation - Ep. 3 | Wild West Daggerheart Campaign | A Lie Agreed Upon,2025-11-14 23:30:06+00:00,9758,54679,1583,98,False,0.030743064064814647,162.6,120_to_180,2025,2025-11,142,385.06
a7091aWhg2w,UCiER8p540j2SosO7OX7E0VA,Legends of Avantris,large,[Live] Dust to Damnation Stream 2 (Eps. 3-4) | Daggerheart Mini-Campaign | bit.ly/DustDH,2025-11-11 09:18:16+00:00,29445,65567,1946,164,False,0.03218082266994067,490.8,180_plus,2025,2025-11,145,452.19
0pRDfe4am2A,UCiER8p540j2SosO7OX7E0VA,Legends of Avantris,large,Once Upon a Ghostlight Ep. 6 | Expected Guests | Crooked Moon Campaign,2025-11-09 23:30:01+00:00,7388,71235,2156,169,False,0.032638450200042114,123.1,120_to_180,2025,2025-11,147,484.59
YgPhcOxivpo,UCiER8p540j2SosO7OX7E0VA,Legends of Avantris,large,Dust to Damnation - Ep. 2 | Wild West Daggerheart Campaign | Sold Under Sin,2025-11-09 00:30:37+00:00,13132,93249,2537,161,False,0.02893328614784073,218.9,180_plus,2025,2025-11,148,630.06
2BvCiKTA-BQ,UCiER8p540j2SosO7OX7E0VA,Legends of Avantris,large,Dust to Damnation - Ep. 1 | Wild West Daggerheart Campaign | Here Was a Man,2025-11-06 23:00:06+00:00,7435,164117,5881,313,False,0.037741367439083094,123.9,120_to_180,2025,2025-11,150,1094.11
2d6KI8auPJI,UCiER8p540j2SosO7OX7E0VA,Legends of Avantris,large,Stardust Rhapsody: Anthem - Ep. 14 | Castles Made of Sand | Sci-Fi D&D,2025-11-05 00:30:06+00:00,17737,69631,1697,175,False,0.026884577271617527,295.6,180_plus,2025,2025-11,152,458.1
LCygq4WSceM,UCiER8p540j2SosO7OX7E0VA,Legends of Avantris,large,[Live] Dust to Damnation Stream 1 (Eps. 1 & 2) | Daggerheart Mini-Campaign | bit.ly/DustDH,2025-11-04 08:22:53+00:00,25409,144297,5325,322,False,0.03913456274212215,423.5,180_plus,2025,2025-11,152,949.32
5EP5d8Q-atk,UCiER8p540j2SosO7OX7E0VA,Legends of Avantris,large,The Mistchurch Horror | Hilarious D&D | A Crooked Moon One-Shot,2025-10-30 22:00:06+00:00,14034,383924,8117,429,False,0.02225961388191413,233.9,180_plus,2025,2025-10,157,2445.38
eltDSvrw7hg,UCiER8p540j2SosO7OX7E0VA,Legends of Avantris,large,"Halloween Hangout! | Mace, Mikey, and Richie Talk All Things SPOOKY! | Crooked Moon!",2025-10-30 03:05:06+00:00,11203,29022,1249,18,False,0.04365653642064641,186.7,180_plus,2025,2025-10,157,184.85
xhRNPfrWeoU,UCiER8p540j2SosO7OX7E0VA,Legends of Avantris,large,"8th Anniversary Party Stream! | Q&A, Cake and Pugs!? | Celebrate with us!",2025-10-29 03:32:38+00:00,12908,50748,2583,64,False,0.0521596910223063,215.1,180_plus,2025,2025-10,158,321.19
QN6FhCwsyME,UCiER8p540j2SosO7OX7E0VA,Legends of Avantris,large,Stardust Rhapsody: Anthem - Ep. 13 | Light Years | Sci-Fi D&D,2025-10-27 22:30:08+00:00,15692,67538,1799,181,False,0.029316829044389824,261.5,180_plus,2025,2025-10,160,422.11
hyo6OVnVD3w,UCiER8p540j2SosO7OX7E0VA,Legends of Avantris,large,Once Upon a Ghostlight Ep. 5 | A Haunted History | Crooked Moon Campaign,2025-10-24 22:01:01+00:00,7719,93009,2646,239,False,0.031018503585674505,128.6,120_to_180,2025,2025-10,163,570.61
EqrjXCegpbM,UCiER8p540j2SosO7OX7E0VA,Legends of Avantris,large,Icebound Ep. 38 | Hardcore Survival D&D | Slippery Slope,2025-10-21 22:00:18+00:00,8373,31413,1068,120,False,0.03781873746538057,139.6,120_to_180,2025,2025-10,166,189.23
i18RqRHcpnU,UCiER8p540j2SosO7OX7E0VA,Legends of Avantris,large,Stardust Rhapsody: Anthem - Ep. 12 | Crimson King | Sci-Fi D&D,2025-10-20 22:00:06+00:00,14575,60798,1607,140,False,0.02873449784532386,242.9,180_plus,2025,2025-10,167,364.06
n_4TPzBSKYg,UCiER8p540j2SosO7OX7E0VA,Legends of Avantris,large,Once Upon a Ghostlight Ep. 4 | Going to Town | Crooked Moon Campaign,2025-10-17 22:00:54+00:00,7690,105986,3159,279,False,0.03243824656086653,128.2,120_to_180,2025,2025-10,170,623.45
ucSx6vFqtII,UCiER8p540j2SosO7OX7E0VA,Legends of Avantris,large,Once Upon a Ghostlight Ep. 3 | Brave the Dark Woods | Crooked Moon Campaign,2025-10-14 22:01:17+00:00,6056,133581,4273,228,False,0.03369491170151444,100.9,60_to_120,2025,2025-10,173,772.14
ZHIIpV5VR88,UCiER8p540j2SosO7OX7E0VA,Legends of Avantris,large,[LIVE PLAY] Stardust Rhapsody: Anthem Ep. 14 | Sci-Fi Bounty Hunting D&D | All-Day Session,2025-10-12 06:59:56+00:00,20995,52994,1411,148,False,0.02941842472732762,349.9,180_plus,2025,2025-10,175,302.82
X5wlLB0QNsY,UCiER8p540j2SosO7OX7E0VA,Legends of Avantris,large,[LIVE PLAY] Stardust Rhapsody: Anthem Ep. 13 | Sci-Fi Bounty Hunting D&D | All-Day Session,2025-10-12 01:14:45+00:00,24795,49786,1451,164,False,0.03243883822761419,413.2,180_plus,2025,2025-10,176,282.88
H9jnCfNF2D0,UCiER8p540j2SosO7OX7E0VA,Legends of Avantris,large,13 Beers at the Local Cheese Ep. 7 | Hilarious Arcade Beat 'Em Up | Sudden Death,2025-10-10 22:00:19+00:00,7524,22420,682,66,False,0.03336306868867083,125.4,120_to_180,2025,2025-10,177,126.67
q6LOxyDV2ag,UCiER8p540j2SosO7OX7E0VA,Legends of Avantris,large,13 Beers at the Local Cheese Ep. 6 | Hilarious Arcade Beat 'Em Up | Decked Out!,2025-10-07 22:00:57+00:00,7000,25082,731,72,False,0.03201499083007735,116.7,60_to_120,2025,2025-10,180,139.34
r2F-y5Am68k,UCiER8p540j2SosO7OX7E0VA,Legends of Avantris,large,13 Beers at the Local Cheese Ep. 5 | Hilarious Arcade Beat 'Em Up | Face Off!!,2025-09-25 22:00:06+00:00,4753,33085,929,79,False,0.030466978993501585,79.2,60_to_120,2025,2025-09,192,172.32
NwJ1akGUP-o,UCiER8p540j2SosO7OX7E0VA,Legends of Avantris,large,Campaign DERAILED By ONE NPC | Funny D&D Compilation | Best Moments,2025-09-24 22:00:06+00:00,601,532098,23521,810,False,0.04572653909618153,10.0,under_60,2025,2025-09,193,2756.98
kjMYXLekp9o,UCiER8p540j2SosO7OX7E0VA,Legends of Avantris,large,Stardust Rhapsody: Anthem - Ep. 11 | Learning to Fly | Sci-Fi D&D,2025-09-17 23:30:06+00:00,15838,88821,2262,290,False,0.02873194402224699,264.0,180_plus,2025,2025-09,200,444.1
qKVowUf5Mww,UCiER8p540j2SosO7OX7E0VA,Legends of Avantris,large,Once Upon a Witchlight Ep. 67 | Uneasy Ultimatum | Feywild D&D Campaign,2025-09-12 22:30:06+00:00,9048,176251,5003,599,False,0.03178421682713857,150.8,120_to_180,2025,2025-09,205,859.76
vUfqkCcpW-g,UCiER8p540j2SosO7OX7E0VA,Legends of Avantris,large,Once Upon a Witchlight Ep. 66 | Opening Act | Feywild D&D Campaign,2025-09-11 22:00:06+00:00,8389,113229,3243,227,False,0.0306458592763338,139.8,120_to_180,2025,2025-09,206,549.66
QJO6EDdItQI,UCiER8p540j2SosO7OX7E0VA,Legends of Avantris,large,Urban Fantasy D&D One-Shot with Matthew Lillard | Skullduggery,2025-09-05 22:00:06+00:00,10309,59004,2719,140,False,0.04845434207850315,171.8,120_to_180,2025,2025-09,212,278.32
K4J2qGW8yGk,UCiER8p540j2SosO7OX7E0VA,Legends of Avantris,large,Stardust Rhapsody: Anthem - Ep. 10 | White Room | Sci-Fi D&D,2025-09-04 22:00:06+00:00,16570,91748,2232,205,False,0.026561886907616516,276.2,180_plus,2025,2025-09,213,430.74
XJezMzEZS1A,UCiER8p540j2SosO7OX7E0VA,Legends of Avantris,large,Studio Hangout | Witchlight Returns Next Week! | Q&A and Games!?,2025-09-04 03:31:31+00:00,13051,22485,823,27,False,0.0378029797642873,217.5,180_plus,2025,2025-09,213,105.56
YM_Ja-T9M3M,UCiER8p540j2SosO7OX7E0VA,Legends of Avantris,large,[LIVE PLAY] Stardust Rhapsody: Anthem Ep. 12 | Sci-Fi Bounty Hunting D&D | All-Day Session,2025-08-31 06:59:13+00:00,18615,51366,1471,161,False,0.03177198925359187,310.2,180_plus,2025,2025-08,217,236.71
V02RA7Hn7Jw,UCiER8p540j2SosO7OX7E0VA,Legends of Avantris,large,[LIVE PLAY] Stardust Rhapsody: Anthem Ep. 11 | Sci-Fi Bounty Hunting D&D | All-Day Session,2025-08-31 01:56:03+00:00,25323,42008,1331,128,False,0.034731479718148925,422.0,180_plus,2025,2025-08,218,192.7
YWSTYUvQCB0,UCiER8p540j2SosO7OX7E0VA,Legends of Avantris,large,Stardust Rhapsody: Anthem - Ep. 9 | Danger Zone | Sci-Fi D&D,2025-08-29 23:30:07+00:00,16702,105650,2516,236,False,0.02604827259820161,278.4,180_plus,2025,2025-08,219,482.42
cSm9UcS6DRA,UCiER8p540j2SosO7OX7E0VA,Legends of Avantris,large,Once Upon a Witchlight Ep. 65 | House on Shetland Hill | Feywild D&D Campaign,2025-08-22 22:00:06+00:00,8338,136406,3707,345,False,0.02970543817720628,139.0,120_to_180,2025,2025-08,226,603.57
RNM4o6QQ_tI,UCiER8p540j2SosO7OX7E0VA,Legends of Avantris,large,Avantris Plays Write Warz...Again! | Madcap Party Game | https://bit.ly/WriteLoA | #sponsored,2025-08-22 03:13:14+00:00,12115,52871,2024,72,False,0.0396436609861739,201.9,180_plus,2025,2025-08,226,233.94
ySc2RsLC_oQ,UCiER8p540j2SosO7OX7E0VA,Legends of Avantris,large,Icebound Ep. 37 | Hardcore Survival D&D | Icy Reception,2025-08-21 22:30:06+00:00,8664,33083,1065,138,False,0.0363630867817308,144.4,120_to_180,2025,2025-08,227,145.74
ZQm5D5yLJ4A,UCiER8p540j2SosO7OX7E0VA,Legends of Avantris,large,Stardust Rhapsody: Anthem - Ep. 8 | Money for Nothing | Sci-Fi D&D,2025-08-18 22:00:06+00:00,20129,129615,2772,265,False,0.02343093006210701,335.5,180_plus,2025,2025-08,230,563.54
PZ2oSttWHgw,UCiER8p540j2SosO7OX7E0VA,Legends of Avantris,large,Stardust Rhapsody: Anthem - Ep. 7 | The Gambler | Sci-Fi D&D,2025-08-11 22:00:06+00:00,20196,155378,3457,389,False,0.02475253896948088,336.6,180_plus,2025,2025-08,237,655.6
ygQsFWy4jqE,UCiER8p540j2SosO7OX7E0VA,Legends of Avantris,large,"Once Upon a Witchlight | D&D Shorts Compilation 2 | Funniest Bits, All in One Place",2025-08-08 23:30:06+00:00,672,85290,3181,37,False,0.037730097315042795,11.2,under_60,2025,2025-08,240,355.38
FeCR_kG3yNU,UCiER8p540j2SosO7OX7E0VA,Legends of Avantris,large,Studio Hangout | Witchlight Returns Next Week! | Q&A and Gen Con Debrief,2025-08-07 03:32:58+00:00,13105,24657,827,41,False,0.03520298495356288,218.4,180_plus,2025,2025-08,241,102.31
IPkD5Mem5lE,UCiER8p540j2SosO7OX7E0VA,Legends of Avantris,large,Stardust Rhapsody: Anthem - Ep. 6 | Material Girl | Sci-Fi D&D,2025-08-04 22:00:06+00:00,16079,130163,3179,286,False,0.026620468182202317,268.0,180_plus,2025,2025-08,244,533.45
E6-UnQFp9q4,UCiER8p540j2SosO7OX7E0VA,Legends of Avantris,large,"Uprooted | D&D Shorts Compilation 2 | Funniest Bits, All in One Place",2025-08-02 21:00:06+00:00,619,126825,4404,55,False,0.03515868322491622,10.3,under_60,2025,2025-08,246,515.55
9GEW6oSAjg4,UCiER8p540j2SosO7OX7E0VA,Legends of Avantris,large,"Once Upon a Witchlight | D&D Shorts Compilation 1 | Funniest Bits, All in One Place",2025-07-30 22:00:06+00:00,650,85023,3357,53,False,0.04010679463204074,10.8,under_60,2025,2025-07,249,341.46
T0JYc4sUzmU,UCiER8p540j2SosO7OX7E0VA,Legends of Avantris,large,Stardust Rhapsody: Anthem - Ep. 5 | Paradise City | Sci-Fi D&D,2025-07-28 22:00:06+00:00,21594,194560,3658,409,False,0.02090357730263158,359.9,180_plus,2025,2025-07,251,775.14
gLn24buTEts,UCiER8p540j2SosO7OX7E0VA,Legends of Avantris,large,Avantris Plays: Detroit Become Human,2025-07-24 05:28:06+00:00,19967,30464,1361,38,False,0.04592305672268908,332.8,180_plus,2025,2025-07,255,119.47
Fn-qM0imIZE,UCiER8p540j2SosO7OX7E0VA,Legends of Avantris,large,Icebound Ep. 36 | Hardcore Survival D&D | Out of Thin Air,2025-07-22 22:00:06+00:00,13309,49416,1215,133,False,0.02727861421401975,221.8,180_plus,2025,2025-07,257,192.28
hX9cE_YFGoI,UCiER8p540j2SosO7OX7E0VA,Legends of Avantris,large,Stardust Rhapsody: Anthem - Ep. 4 | Ride the Lightning | Sci-Fi D&D,2025-07-21 22:00:07+00:00,19573,187301,3881,318,False,0.022418460125680054,326.2,180_plus,2025,2025-07,258,725.97
pOYpZQAKIhs,UCiER8p540j2SosO7OX7E0VA,Legends of Avantris,large,Once Upon a Witchlight Ep. 64 | A Bridge Too Far | Feywild D&D Campaign,2025-07-18 21:00:06+00:00,6649,128523,3579,382,False,0.030819386413326797,110.8,60_to_120,2025,2025-07,261,492.43
n-Mf9XVnSWw,UCiER8p540j2SosO7OX7E0VA,Legends of Avantris,large,How Shoocharu Makes an Animated Short | Avantris Behind the Scenes,2025-07-17 21:00:06+00:00,840,674737,66276,1517,False,0.10047322141812291,14.0,under_60,2025,2025-07,262,2575.33
kCwRWiber9M,UCiER8p540j2SosO7OX7E0VA,Legends of Avantris,large,"Uprooted | D&D Shorts Compilation 1 | Funniest Bits, All in One Place",2025-07-16 21:00:06+00:00,898,203955,6630,94,False,0.032968056679169425,15.0,under_60,2025,2025-07,263,775.49
93l_obEvqS8,UCiER8p540j2SosO7OX7E0VA,Legends of Avantris,large,Once Upon a Witchlight Ep. 63 | Failure to Communicate | Feywild D&D Campaign,2025-07-15 22:00:06+00:00,7943,112947,3162,250,False,0.030208859022373327,132.4,120_to_180,2025,2025-07,264,427.83
LdmZ17y11MY,UCiER8p540j2SosO7OX7E0VA,Legends of Avantris,large,Stardust Rhapsody: Anthem - Ep. 3 | Wrathchild | Sci-Fi D&D,2025-07-14 22:00:06+00:00,17970,252764,4838,393,False,0.020695193935845294,299.5,180_plus,2025,2025-07,265,953.83
zFbRTkbNSUA,UCiER8p540j2SosO7OX7E0VA,Legends of Avantris,large,Once Upon a Witchlight Ep. 62 | Wish Upon a Door | Feywild D&D Campaign,2025-07-13 21:00:06+00:00,9002,123592,3550,376,False,0.031765810084795135,150.0,120_to_180,2025,2025-07,266,464.63
81yITU2mvTY,UCiER8p540j2SosO7OX7E0VA,Legends of Avantris,large,Once Upon a Ghostlight Ep. 2 | Off the Spectral Rails | Crooked Moon Campaign,2025-07-08 23:00:09+00:00,11034,181330,4454,256,False,0.02597474218276071,183.9,180_plus,2025,2025-07,271,669.11
idFSTOJCE28,UCiER8p540j2SosO7OX7E0VA,Legends of Avantris,large,Icebound Ep. 35 | Hardcore Survival D&D | Bitter Oaths,2025-07-07 21:00:06+00:00,8723,32949,1138,96,False,0.03745181947858812,145.4,120_to_180,2025,2025-07,272,121.14
A7DzA1NXobw,UCiER8p540j2SosO7OX7E0VA,Legends of Avantris,large,Once Upon a Ghostlight Ep. 1 | The Shroud Beyond | Crooked Moon Campaign,2025-07-01 23:30:06+00:00,10154,440059,12370,530,False,0.029314251043610063,169.2,120_to_180,2025,2025-07,278,1582.95
tJn0vtz_Q4k,UCiER8p540j2SosO7OX7E0VA,Legends of Avantris,large,Whimsday Game Night | Witchlight Returns Next Wednesday! | Q&A and MtG Commander,2025-06-26 05:36:08+00:00,19274,25464,811,12,False,0.03232013823437009,321.2,180_plus,2025,2025-06,283,89.98
Kc4TR0e4vOs,UCiER8p540j2SosO7OX7E0VA,Legends of Avantris,large,Stardust Rhapsody: Anthem - Ep. 2 | Lyin' Eyes | Sci-Fi D&D,2025-06-24 22:00:06+00:00,16661,252197,6212,430,False,0.026336554360281844,277.7,180_plus,2025,2025-06,285,884.9
xIr9Ulfv6vc,UCiER8p540j2SosO7OX7E0VA,Legends of Avantris,large,CHICKENMANIA! | Avantris Plays Minecraft! | Watch us struggle to survive!,2025-06-19 04:25:54+00:00,16382,65701,2438,108,False,0.03875131276540692,273.0,180_plus,2025,2025-06,290,226.56
maVJ1rd8tXU,UCiER8p540j2SosO7OX7E0VA,Legends of Avantris,large,Icebound LIVE! | Ep. 35 | Hardcore Survival D&D Campaign,2025-06-14 04:49:51+00:00,16915,32932,877,65,False,0.028604396939147334,281.9,180_plus,2025,2025-06,295,111.63
6WHDvH4Fqhs,UCiER8p540j2SosO7OX7E0VA,Legends of Avantris,large,Once Upon a Witchlight Ep. 61 | Casting Stones | Feywild D&D Campaign,2025-06-12 22:30:09+00:00,5100,124280,3820,353,False,0.033577405857740585,85.0,60_to_120,2025,2025-06,297,418.45
_524SwHjj7I,UCiER8p540j2SosO7OX7E0VA,Legends of Avantris,large,CHICKENMANIA! | 100 Chicken Nugget Challenge | Watching the Worst Movie Ever | Suffering!,2025-06-12 04:04:29+00:00,15538,48498,1674,92,False,0.036413872737020084,259.0,180_plus,2025,2025-06,297,163.29
h-8umO8Frpo,UCiER8p540j2SosO7OX7E0VA,Legends of Avantris,large,Stardust Rhapsody: Anthem - Ep. 1 | Turn the Page | Sci-Fi D&D,2025-06-06 22:00:06+00:00,9727,488293,14241,535,False,0.03026051981085127,162.1,120_to_180,2025,2025-06,303,1611.53
6LeMGK_4r3A,UCiER8p540j2SosO7OX7E0VA,Legends of Avantris,large,Avantris Plays R.E.P.O. | Spooky Hilarity with First-Time Players,2025-06-05 07:05:57+00:00,25893,428023,16034,386,False,0.038362424449153436,431.6,180_plus,2025,2025-06,304,1407.97
gaCvm2MakgI,UCiER8p540j2SosO7OX7E0VA,Legends of Avantris,large,Once Upon a Witchlight Ep. 60 | Feywild D&D Campaign | Queen's Gambit,2025-05-28 00:30:08+00:00,6776,134383,4019,340,False,0.03243713862616551,112.9,60_to_120,2025,2025-05,313,429.34
uyI3_5y9z7M,UCiER8p540j2SosO7OX7E0VA,Legends of Avantris,large,Avantris Plays R.E.P.O. | Chaotic Co-Op Robot Game | The Crooked Moon is on D&D Beyond,2025-05-22 03:53:08+00:00,12805,113826,4483,158,False,0.04077275842074746,213.4,180_plus,2025,2025-05,318,357.94
rLLfmXC0Wnk,UCiER8p540j2SosO7OX7E0VA,Legends of Avantris,large,Once Upon a Witchlight Ep. 59 | Feywild D&D Campaign | Of Mice and Mountains,2025-05-20 23:00:06+00:00,9734,163223,4360,383,False,0.02905840475913321,162.2,120_to_180,2025,2025-05,320,510.07
E0UGfHkFjtA,UCiER8p540j2SosO7OX7E0VA,Legends of Avantris,large,Avantris Plays Sunderfolk | Woodland Critter RPG | #sponsored,2025-05-16 03:55:21+00:00,14201,45828,1170,42,False,0.026446713799423933,236.7,180_plus,2025,2025-05,324,141.44
IblyJk7nn_A,UCiER8p540j2SosO7OX7E0VA,Legends of Avantris,large,Crooked Moon x D&D Beyond | Pre-Order Party Live Stream,2025-05-14 03:37:25+00:00,13268,24924,757,31,False,0.031616112983469745,221.1,180_plus,2025,2025-05,326,76.45
Op65-mVpOdI,UCiER8p540j2SosO7OX7E0VA,Legends of Avantris,large,Once Upon a Witchlight Ep. 58 | Feywild D&D Campaign | The Birds and the Bees,2025-05-06 22:30:06+00:00,9326,179820,4850,349,False,0.028912245578912244,155.4,120_to_180,2025,2025-05,334,538.38
xAFddhGF8rQ,UCiER8p540j2SosO7OX7E0VA,Legends of Avantris,large,[Finale] Stardust Rhapsody: Overture Ep. 15 | Separate Ways | Sci-Fi D&D,2025-05-05 22:00:06+00:00,2820,34250,1385,140,False,0.04452554744525548,47.0,under_60,2025,2025-05,335,102.24
uAbsR4I-InM,UCiER8p540j2SosO7OX7E0VA,Legends of Avantris,large,Once Upon a Witchlight Ep. 57 | Feywild D&D Campaign | Moving Yon,2025-05-02 22:00:06+00:00,8820,169344,5195,478,False,0.03349985827664399,147.0,120_to_180,2025,2025-05,338,501.02
kB7BQudBI5M,UCiER8p540j2SosO7OX7E0VA,Legends of Avantris,large,13 Beers at the Local Cheese Ep. 4 | Hilarious Arcade Beat 'Em Up | Quadruple Dragon,2025-04-25 23:00:06+00:00,7925,40458,1039,88,False,0.027856048247565376,132.1,120_to_180,2025,2025-04,345,117.27
YfUonKY1iIU,UCiER8p540j2SosO7OX7E0VA,Legends of Avantris,large,13 Beers at the Local Cheese Ep. 3 | Hilarious Arcade Beat 'Em Up | Continue?,2025-04-23 00:00:06+00:00,6702,38621,1129,85,False,0.03143367597938945,111.7,60_to_120,2025,2025-04,348,110.98
Kk2SPt-ESUs,UCiER8p540j2SosO7OX7E0VA,Legends of Avantris,large,[Live Play] Stardust Rhapsody: Anthem Ep 4 Pt. 2 | Sci-Fi D&D | Monthly All-Day Campaign,2025-04-20 08:26:27+00:00,7985,32296,886,63,False,0.029384443893980677,133.1,120_to_180,2025,2025-04,350,92.27
Tw4wAF7DPys,UCiER8p540j2SosO7OX7E0VA,Legends of Avantris,large,[Live Play] Stardust Rhapsody: Anthem Eps. 3-4 | Sci-Fi D&D | Monthly All-Day Campaign,2025-04-20 05:55:19+00:00,41835,82815,1669,170,False,0.022206122079333455,697.2,180_plus,2025,2025-04,350,236.61
BAIEgfynhpg,UCiER8p540j2SosO7OX7E0VA,Legends of Avantris,large,Icebound Ep. 34 | Hardcore Survival D&D | Til Death,2025-04-18 22:00:06+00:00,8254,44484,1490,208,False,0.03817102778527111,137.6,120_to_180,2025,2025-04,352,126.38
1rLTo8qVsyQ,UCiER8p540j2SosO7OX7E0VA,Legends of Avantris,large,13 Beers at the Local Cheese Ep. 2 | Hilarious Arcade Beat 'Em Up | Rock 'Em Sock 'Em,2025-04-15 23:00:06+00:00,8682,50763,1275,83,False,0.02675176802001458,144.7,120_to_180,2025,2025-04,355,142.99
5zZLBCOo5tM,UCiER8p540j2SosO7OX7E0VA,Legends of Avantris,large,13 Beers at the Local Cheese Ep. 1 | Hilarious Arcade Beat 'Em Up | Round 1,2025-04-08 23:00:06+00:00,11052,102107,2900,155,False,0.02991959415123351,184.2,180_plus,2025,2025-04,362,282.06
5S5rrSlr2l0,UCiER8p540j2SosO7OX7E0VA,Legends of Avantris,large,Uprooted S2E14 | Funny Woodland D&D | Plague Reigns | Dimwits of the Dimwood,2025-04-03 23:00:07+00:00,6593,324269,7325,503,False,0.02414045129198289,109.9,60_to_120,2025,2025-04,367,883.57
EU9F8PWUOh4,UCiER8p540j2SosO7OX7E0VA,Legends of Avantris,large,Icebound Ep. 33 | Hardcore Survival D&D | Feed a Cold,2025-04-01 23:00:06+00:00,6242,41329,1436,187,False,0.039270246074185194,104.0,60_to_120,2025,2025-04,369,112.0
u6_2Y8OPjw0,UCiER8p540j2SosO7OX7E0VA,Legends of Avantris,large,Final Night for Uprooted Plushies! | Bring Bitsy Home! | bit.ly/BitsyPlush,2025-03-29 03:48:50+00:00,12201,23815,637,18,False,0.02750367415494436,203.4,180_plus,2025,2025-03,372,64.02
0W6BPP3TYVM,UCiER8p540j2SosO7OX7E0VA,Legends of Avantris,large,Stardust Rhapsody: Overture - Campaign Recap | Sci-Fi D&D Campaign | Episodes 1 - 14,2025-03-27 14:00:00+00:00,2805,23096,963,102,False,0.04611188084516799,46.8,under_60,2025,2025-03,374,61.75
vwNjW-4K_0Y,UCiER8p540j2SosO7OX7E0VA,Legends of Avantris,large,Uprooted S2E13 | Funny Woodland D&D | Leveling Up | Dimwits of the Dimwood,2025-03-23 23:30:09+00:00,5998,251415,6017,465,False,0.02578207346419267,100.0,60_to_120,2025,2025-03,378,665.12
wWOrq67ARCo,UCiER8p540j2SosO7OX7E0VA,Legends of Avantris,large,2 Million Subscribers & Panel LIVE form Gary Con!,2025-03-21 20:03:27+00:00,1794,19801,1470,77,False,0.07812736730468159,29.9,under_60,2025,2025-03,380,52.11
B_YRNGZrd5M,UCiER8p540j2SosO7OX7E0VA,Legends of Avantris,large,Nikkie Scared Stupid! Lets Hunt Some Ghosts! Boooooooo!,2025-03-20 04:54:49+00:00,14026,21969,764,12,False,0.035322499886203285,233.8,180_plus,2025,2025-03,381,57.66
U1P83cVuBOE,UCiER8p540j2SosO7OX7E0VA,Legends of Avantris,large,Icebound Ep. 32 | Hardcore Survival D&D | Fated Feast,2025-03-11 22:30:08+00:00,8368,51287,1674,187,False,0.03628599840115429,139.5,120_to_180,2025,2025-03,390,131.51
SfCfG8n42wk,UCiER8p540j2SosO7OX7E0VA,Legends of Avantris,large,Avantris Plays Write Warz! | Madcap Party Game | https://bit.ly/WriteLoA | #sponsored,2025-03-10 03:46:19+00:00,12496,70867,2098,98,False,0.030987624705434123,208.3,180_plus,2025,2025-03,391,181.25
Any4Ahm0V3I,UCiER8p540j2SosO7OX7E0VA,Legends of Avantris,large,Uprooted S2E12 | Funny Woodland D&D | A Game of Porcelain Thrones | Dimwits of the Dimwood,2025-03-03 01:30:07+00:00,6890,266893,6432,481,False,0.025901765876212565,114.8,60_to_120,2025,2025-03,399,668.9
hDQDnDAkk4c,UCiER8p540j2SosO7OX7E0VA,Legends of Avantris,large,Cozy Game Time With Nikkie | The Guys Abandoned Me |,2025-02-27 04:06:48+00:00,12116,24729,1083,21,False,0.04464394031299284,201.9,180_plus,2025,2025-02,402,61.51
9SREUVB9K9A,UCiER8p540j2SosO7OX7E0VA,Legends of Avantris,large,Icebound Side Story 4 | Hardcore Survival D&D | Saved by the Hell,2025-02-20 21:00:09+00:00,12060,39932,1177,100,False,0.03197936492036462,201.0,180_plus,2025,2025-02,409,97.63
AABeYsDXy2s,UCiER8p540j2SosO7OX7E0VA,Legends of Avantris,large,Uprooted S2E11 | Funny Woodland D&D | Castle Crashers | Dimwits of the Dimwood,2025-02-16 21:00:09+00:00,7369,348754,7472,457,False,0.02273522310855216,122.8,120_to_180,2025,2025-02,413,844.44
Vomjmzyem2s,UCiER8p540j2SosO7OX7E0VA,Legends of Avantris,large,Uprooted S2E10 | Funny Woodland D&D | Crazy Style | Dimwits of the Dimwood,2025-02-09 21:00:06+00:00,6886,322779,7529,488,False,0.02483742746585125,114.8,60_to_120,2025,2025-02,420,768.52
nDhV4AT71VI,UCiER8p540j2SosO7OX7E0VA,Legends of Avantris,large,Uprooted S2E9 | Funny Woodland D&D | For Whom the Bell Bongs | Dimwits of the Dimwood,2025-02-04 23:00:09+00:00,7387,535053,13988,856,False,0.02774304601600215,123.1,120_to_180,2025,2025-02,425,1258.95
zfTi6tTj9a0,UCiER8p540j2SosO7OX7E0VA,Legends of Avantris,large,Avantris Plays Games! | Pre-Order the Crooked Moon Now!,2025-01-30 07:50:04+00:00,14482,40353,1091,24,False,0.027631155056625282,241.4,180_plus,2025,2025-01,430,93.84
-CdqxpMK65M,UCiER8p540j2SosO7OX7E0VA,Legends of Avantris,large,Avantris Plays Games! | Pre-Order the Crooked Moon Now!,2025-01-23 04:32:40+00:00,13396,36779,938,15,False,0.025911525598847168,223.3,180_plus,2025,2025-01,437,84.16
bCKCGCVzzJo,UCiER8p540j2SosO7OX7E0VA,Legends of Avantris,large,Arcade Beat 'Em Up One-Shot | 13 Beers at the Local Cheese  | thecrookedmoon.com | avantris.com/shop,2025-01-19 06:08:13+00:00,35505,67215,1912,81,False,0.02965111954176895,591.8,180_plus,2025,2025-01,441,152.41
Q9ixhPbD7Oc,UCiER8p540j2SosO7OX7E0VA,Legends of Avantris,large,Uprooted S2E8 | Funny Woodland D&D | What We Do in the Shadows | Dimwits of the Dimwood,2025-01-12 21:00:06+00:00,8809,484635,11755,708,False,0.02571626069103552,146.8,120_to_180,2025,2025-01,448,1081.77
jTEfs7jGaTY,UCiER8p540j2SosO7OX7E0VA,Legends of Avantris,large,D&D RETURNS | Escape from 90's Hell | Icebound Side Story | Check out our new merch - info in desc.,2025-01-04 07:26:06+00:00,20247,54635,1736,84,False,0.033311979500320305,337.4,180_plus,2025,2025-01,456,119.81
NT55eG5aBlA,UCiER8p540j2SosO7OX7E0VA,Legends of Avantris,large,It's Beginning to Look a Lot Like Witchlight | Holiday D&D One-Shot | Yuletide Special,2024-12-26 00:30:09+00:00,14329,922531,16576,730,False,0.018759261206398484,238.8,180_plus,2024,2024-12,466,1979.68
IO-fOl1qUX4,UCiER8p540j2SosO7OX7E0VA,Legends of Avantris,large,Avantris Plays Games! | #sponsored by !Dispel | Check out our new Merch!,2024-12-19 10:10:34+00:00,17341,26797,723,8,False,0.027279173041758406,289.0,180_plus,2024,2024-12,472,56.77
cj21p_dW52Y,UCiER8p540j2SosO7OX7E0VA,Legends of Avantris,large,Yuletide Special ft. Chuckles & Bitsy  | Holiday D&D One-Shot | Exclusive Merch @ avantris.com/shop,2024-12-15 06:04:54+00:00,35154,173978,4981,290,False,0.030296934095115476,585.9,180_plus,2024,2024-12,476,365.5
p1dYFmNieQA,UCiER8p540j2SosO7OX7E0VA,Legends of Avantris,large,For What It's Worth – Part 3 | D&D Heist Story,2024-12-12 23:30:06+00:00,8085,27000,829,52,False,0.032629629629629626,134.8,120_to_180,2024,2024-12,479,56.37
J3GHNfWUeh4,UCiER8p540j2SosO7OX7E0VA,Legends of Avantris,large,Avantris Plays Games! | #sponsored  by !Hero Forge | Check out our new Merch!,2024-12-12 07:59:24+00:00,24550,26033,718,13,False,0.028079744939115737,409.2,180_plus,2024,2024-12,479,54.35
Vva0ub0q8kA,UCiER8p540j2SosO7OX7E0VA,Legends of Avantris,large,7th Anniversary Stream | Party Time!,2024-12-05 03:09:07+00:00,12544,26149,1276,20,False,0.04956212474664423,209.1,180_plus,2024,2024-12,486,53.8
Q4ty2VculdU,UCiER8p540j2SosO7OX7E0VA,Legends of Avantris,large,Crooked Moon Song Party | Coal Eyed Birds Lyric Video Premiere | thecrookedmoon.com #ad,2024-12-05 03:08:55+00:00,14221,19265,845,6,False,0.04417337139890994,237.0,180_plus,2024,2024-12,486,39.64
OHaaizh3dXc,UCiER8p540j2SosO7OX7E0VA,Legends of Avantris,large,Merch Drop Party | Witchlight Dice by Dispel | avantris.com/shop,2024-12-05 03:08:45+00:00,34482,35872,1359,15,False,0.0383028545941124,574.7,180_plus,2024,2024-12,486,73.81
ZwPSi_Lvk8E,UCiER8p540j2SosO7OX7E0VA,Legends of Avantris,large,For What It's Worth – Part 2 | D&D Heist Story,2024-12-01 23:30:06+00:00,11488,49532,1136,73,False,0.024408463215698943,191.5,180_plus,2024,2024-12,490,101.09
3H456AIVKeg,UCiER8p540j2SosO7OX7E0VA,Legends of Avantris,large,Avantris Plays Games! | Fortnite | !titan #ad | Pre-Order the Crooked Moon Now!,2024-11-28 08:37:08+00:00,27573,30176,891,9,False,0.029825026511134677,459.6,180_plus,2024,2024-11,493,61.21
TjghdyOPgps,UCiER8p540j2SosO7OX7E0VA,Legends of Avantris,large,For What It's Worth – Part 1 | D&D Heist Story,2024-11-24 23:30:06+00:00,11391,142772,3543,163,False,0.025957470652508894,189.8,180_plus,2024,2024-11,497,287.27
a4JxJbzBpkk,UCiER8p540j2SosO7OX7E0VA,Legends of Avantris,large,Avantris Plays Games! | All-Day Stream! | Pre-Order the Crooked Moon Now!,2024-11-24 05:48:28+00:00,37114,59252,1702,36,False,0.029332343212043477,618.6,180_plus,2024,2024-11,497,119.22
9_ZeskuqGTA,UCiER8p540j2SosO7OX7E0VA,Legends of Avantris,large,Icebound Ep. 31 | Hardcore Survival D&D | Cold Comfort,2024-11-14 22:00:07+00:00,9148,70910,2100,324,False,0.03418417712593428,152.5,120_to_180,2024,2024-11,507,139.86
e8dzkmdurnY,UCiER8p540j2SosO7OX7E0VA,Legends of Avantris,large,Avantris Plays Phasmophobia! | Final Night of the Event! | Pre-Order the Crooked Moon Now!,2024-11-14 05:04:58+00:00,15650,140082,4592,108,False,0.03355177681643609,260.8,180_plus,2024,2024-11,507,276.3
UN1oYvpytQ4,UCiER8p540j2SosO7OX7E0VA,Legends of Avantris,large,Avantris Plays Demonologist! | First-Time Players | Pre-Order the Crooked Moon Before Prices Go Up!,2024-11-07 04:19:18+00:00,12913,69019,2076,59,False,0.030933511062171286,215.2,180_plus,2024,2024-11,514,134.28
gNAsjNmeeDs,UCiER8p540j2SosO7OX7E0VA,Legends of Avantris,large,Avantris Plays Phasmophobia! | The Crimson Eye | Pre-Order the Crooked Moon Before Prices Go Up!,2024-11-02 03:05:28+00:00,12099,59125,1737,51,False,0.030241014799154333,201.6,180_plus,2024,2024-11,519,113.92
zov0jYeK2xc,UCiER8p540j2SosO7OX7E0VA,Legends of Avantris,large,Nightmare Before Witchlight | Halloween D&D One-Shot,2024-10-31 22:00:07+00:00,11043,1857176,39974,1679,False,0.022428138205533563,184.0,180_plus,2024,2024-10,521,3564.64
aIZ-RJbvipE,UCiER8p540j2SosO7OX7E0VA,Legends of Avantris,large,Avantris Plays Phasmophobia! | The Crimson Eye | Pre-Order the Crooked Moon Before Prices Go Up!,2024-10-31 03:40:52+00:00,14511,49291,1768,59,False,0.03706559006715222,241.8,180_plus,2024,2024-10,521,94.61
JblnDIgom7o,UCiER8p540j2SosO7OX7E0VA,Legends of Avantris,large,Avantris Plays Games! | First-Time Baldur's Gate and Phasmo | Pre-Order the Crooked Moon Today!,2024-10-27 03:09:24+00:00,31041,78970,2485,60,False,0.03222742813726732,517.4,180_plus,2024,2024-10,525,150.42
-RtR4au0rTU,UCiER8p540j2SosO7OX7E0VA,Legends of Avantris,large,Avantris Plays Phasmophobia! | First-Time Players | Pre-Order the Crooked Moon Before Prices Go Up!,2024-10-24 03:42:16+00:00,14050,99638,3322,77,False,0.034113490836829324,234.2,180_plus,2024,2024-10,528,188.71
hLCtMD6cZYM,UCiER8p540j2SosO7OX7E0VA,Legends of Avantris,large,Beneath Dark Wings Ep. 40 | D&D  | Winds of Chaos,2024-10-22 20:30:09+00:00,21943,39564,797,124,False,0.023278738246891112,365.7,180_plus,2024,2024-10,530,74.65
RjvzfGmZ1aE,UCiER8p540j2SosO7OX7E0VA,Legends of Avantris,large,Avantris Plays Until Dawn | Horror Let's Play!,2024-10-20 04:25:26+00:00,20193,41758,1572,39,False,0.038579433880932996,336.6,180_plus,2024,2024-10,532,78.49
GYsqoKaZIrA,UCiER8p540j2SosO7OX7E0VA,Legends of Avantris,large,Avantris Plays Phasmophobia! | First-Time Players | Pre-Order the Crooked Moon Before Prices Go Up!,2024-10-17 04:00:01+00:00,14402,130356,5593,160,False,0.04413298965908742,240.0,180_plus,2024,2024-10,535,243.66
iEG_nf2sMN0,UCiER8p540j2SosO7OX7E0VA,Legends of Avantris,large,Stardust Rhapsody Prelude | Pyke & Rett Backstory |  Space Odyssey D&D,2024-10-14 22:30:06+00:00,8624,65162,2094,137,False,0.03423774592553942,143.7,120_to_180,2024,2024-10,538,121.12
UIV-CeMXix8,UCiER8p540j2SosO7OX7E0VA,Legends of Avantris,large,Uprooted S2E7 | Funny Woodland D&D | Roughin' It | Dimwits of the Dimwood,2024-10-06 19:00:27+00:00,7338,420274,8876,530,False,0.0223806373937003,122.3,120_to_180,2024,2024-10,546,769.73
d98f_I3psvs,UCiER8p540j2SosO7OX7E0VA,Legends of Avantris,large,Board Game Party Stream! | 25% off Twitch subs! | Playing Unfathomable,2024-10-05 03:49:20+00:00,22220,26276,985,12,False,0.03794337037600853,370.3,180_plus,2024,2024-10,547,48.04
uGV32u5jh6M,UCiER8p540j2SosO7OX7E0VA,Legends of Avantris,large,Avantris Party Night | Board Games and Chilling!,2024-10-05 03:48:57+00:00,13656,25061,1015,16,False,0.04113961932883763,227.6,180_plus,2024,2024-10,547,45.82
uHooMM_E-iE,UCiER8p540j2SosO7OX7E0VA,Legends of Avantris,large,Uprooted S2E6 | Funny Woodland D&D | Analysis Paralysis | Dimwits of the Dimwood,2024-09-30 22:30:08+00:00,7316,385422,8443,574,False,0.023395135721365153,121.9,120_to_180,2024,2024-09,552,698.23
Va9eDTtpgnE,UCiER8p540j2SosO7OX7E0VA,Legends of Avantris,large,Uprooted S2E5 | Funny Woodland D&D | Cult of Criminality | Dimwits of the Dimwood,2024-09-24 22:30:25+00:00,7142,542797,14102,635,False,0.027150113209910887,119.0,60_to_120,2024,2024-09,558,972.75
KqtH8XdQw5Y,UCiER8p540j2SosO7OX7E0VA,Legends of Avantris,large,Uprooted S2E4 | Funny Woodland D&D | River's Eleven | Dimwits of the Dimwood,2024-09-20 21:00:27+00:00,7896,418987,9367,457,False,0.023447028189418764,131.6,120_to_180,2024,2024-09,562,745.53
rj88KKa0rGc,UCiER8p540j2SosO7OX7E0VA,Legends of Avantris,large,Uprooted S2E3 | Funny Woodland D&D | Prodigal Son | Dimwits of the Dimwood,2024-09-10 22:30:08+00:00,6665,478966,10312,512,False,0.02259868132602314,111.1,60_to_120,2024,2024-09,572,837.35
Mxqib7ssQd4,UCiER8p540j2SosO7OX7E0VA,Legends of Avantris,large,Minecraft! | Kittens! | Chill Skyblock Let's Play!,2024-09-05 15:42:51+00:00,14135,42073,1538,38,False,0.0374587027309676,235.6,180_plus,2024,2024-09,577,72.92
QEeoZvdg9IU,UCiER8p540j2SosO7OX7E0VA,Legends of Avantris,large,"Minecraft, Plushies, and Kittens! | FINAL HOURS! | ClownPlush.com | Get all 7 for 15% off!",2024-08-31 16:19:49+00:00,13800,31437,1197,24,False,0.03883958392976429,230.0,180_plus,2024,2024-08,582,54.02
KK_1TDjtKoU,UCiER8p540j2SosO7OX7E0VA,Legends of Avantris,large,Uprooted S2E2 | Funny Woodland D&D | Jailhouse Rooster | Dimwits of the Dimwood,2024-08-26 22:00:10+00:00,8257,764128,17757,939,False,0.024467104987646048,137.6,120_to_180,2024,2024-08,587,1301.75
7K7joOKMHbc,UCiER8p540j2SosO7OX7E0VA,Legends of Avantris,large,Uprooted S2E1 | Funny Woodland D&D | Fast Forward | Dimwits of the Dimwood,2024-08-20 22:00:21+00:00,7304,1333362,29260,1110,False,0.022777010294278675,121.7,120_to_180,2024,2024-08,593,2248.5
eZCQIZqZKjQ,UCiER8p540j2SosO7OX7E0VA,Legends of Avantris,large,Frost Plays Minecraft! | Plushies Extended One Week! | ClownPlush.com | Get all 7 for 15% off!,2024-08-18 06:23:42+00:00,34909,71982,2902,62,False,0.04117696090689339,581.8,180_plus,2024,2024-08,595,120.98
d0h1arHU4Eo,UCiER8p540j2SosO7OX7E0VA,Legends of Avantris,large,Beneath Dark Wings Ep. 39 | Epic Homebrew D&D | Dark Waters,2024-08-11 22:00:07+00:00,16638,38940,826,80,False,0.023266563944530045,277.3,180_plus,2024,2024-08,602,64.68
tyYEpFTfB_4,UCiER8p540j2SosO7OX7E0VA,Legends of Avantris,large,Uprooted Ep. 7 | Funny Woodland D&D | All the Wood's a Stage | Dimwits of the Dimwood,2024-08-07 22:00:06+00:00,11136,707877,14048,815,False,0.02099658556500635,185.6,180_plus,2024,2024-08,606,1168.11
WXI5oXsx-Bg,UCiER8p540j2SosO7OX7E0VA,Legends of Avantris,large,Icebound Ep. 30 | Hardcore Survival D&D | Hollowed Out,2024-08-02 22:00:06+00:00,11305,95212,2226,273,False,0.02624669159349662,188.4,180_plus,2024,2024-08,611,155.83
k-TXS821OJc,UCiER8p540j2SosO7OX7E0VA,Legends of Avantris,large,Edge of Midnight Ep. 32 | Folk Horror D&D | A New Dusk,2024-07-28 22:00:10+00:00,8040,68946,1866,377,False,0.03253270675601195,134.0,120_to_180,2024,2024-07,616,111.93
uG32T94YXwo,UCiER8p540j2SosO7OX7E0VA,Legends of Avantris,large,Edge of Midnight Ep. 31  | Folk Horror D&D Campaign | Metamorphosis,2024-07-23 22:00:11+00:00,6714,49567,1685,240,False,0.03883632255331168,111.9,60_to_120,2024,2024-07,621,79.82
Jpxad63xQpM,UCiER8p540j2SosO7OX7E0VA,Legends of Avantris,large,Chuckles Plushie Launch Party! | Pre-Order at ClownPlush.com! | Get all 7 for 15% off!,2024-07-20 08:14:59+00:00,42899,58377,1990,27,False,0.03455127875704472,715.0,180_plus,2024,2024-07,624,93.55
2fBOff6-_NE,UCiER8p540j2SosO7OX7E0VA,Legends of Avantris,large,Shroud Over Saltmarsh Ep. 2 | High Seas D&D Campaign | Patreon Preview,2024-07-14 20:00:08+00:00,13320,81032,1323,115,False,0.017746075624444663,222.0,180_plus,2024,2024-07,630,128.62
d1xxOMq4nOc,UCiER8p540j2SosO7OX7E0VA,Legends of Avantris,large,Avantris Plays Unfathomable! | Eldritch Horror Betrayal Board Game,2024-07-11 05:25:05+00:00,19998,26793,976,22,False,0.03724853506512895,333.3,180_plus,2024,2024-07,633,42.33
ctQ8-3HwWTw,UCiER8p540j2SosO7OX7E0VA,Legends of Avantris,large,Edge of Midnight Ep. 30 | Folk Horror D&D Campaign | Beneath the Mask,2024-07-07 22:30:08+00:00,8255,59165,1678,207,False,0.03186005239584214,137.6,120_to_180,2024,2024-07,637,92.88
sBQeJX5wYg4,UCiER8p540j2SosO7OX7E0VA,Legends of Avantris,large,Icebound Ep. 29 | Hardcore Survival D&D | The Clutch of Command,2024-07-05 21:00:06+00:00,11091,78941,2033,257,False,0.029009006726542608,184.8,180_plus,2024,2024-07,639,123.54
b2SZdf8meto,UCiER8p540j2SosO7OX7E0VA,Legends of Avantris,large,Icebound Side Story 3 | Hardcore Survival D&D | The Choice To Head North,2024-06-26 22:00:07+00:00,11102,63004,1714,117,False,0.029061646879563204,185.0,180_plus,2024,2024-06,648,97.23
pgwA4748dgo,UCiER8p540j2SosO7OX7E0VA,Legends of Avantris,large,One Million Subscriber CELEBRATION! | Party Stream and Q&A!,2024-06-19 20:54:59+00:00,4022,42432,3390,163,False,0.08373397435897435,67.0,60_to_120,2024,2024-06,655,64.78
GMU2vZx7pTc,UCiER8p540j2SosO7OX7E0VA,Legends of Avantris,large,Edge of Midnight Ep. 29 | Folk Horror D&D Campaign | Dead Men of Druskenvald,2024-06-16 21:00:09+00:00,10541,66485,1757,161,False,0.028848612468977963,175.7,120_to_180,2024,2024-06,658,101.04
9kPoB7aNo1Q,UCiER8p540j2SosO7OX7E0VA,Legends of Avantris,large,Stardust Rhapsody: Overture Ep. 14 | Am I Evil? | Sci-Fi D&D,2024-06-14 21:30:21+00:00,13587,131741,2975,277,False,0.024684798202533758,226.4,180_plus,2024,2024-06,660,199.61
wtau2736RqA,UCiER8p540j2SosO7OX7E0VA,Legends of Avantris,large,Edge of Midnight Ep. 28 | Folk Horror D&D Campaign | A Twist of Fate,2024-06-11 23:00:10+00:00,7849,55075,1517,121,False,0.029741261915569677,130.8,120_to_180,2024,2024-06,663,83.07
4rWoCt1IEmc,UCiER8p540j2SosO7OX7E0VA,Legends of Avantris,large,Beneath Dark Wings Ep. 38 | Epic Homebrew D&D | A Chance in Hell,2024-06-08 17:24:22+00:00,22192,27379,561,97,False,0.024033018006501334,369.9,180_plus,2024,2024-06,666,41.11
THEXduQBbsQ,UCiER8p540j2SosO7OX7E0VA,Legends of Avantris,large,Icebound Ep. 28 | Hardcore Survival D&D | Ties That Bind,2024-05-29 21:00:07+00:00,13744,126917,2403,220,False,0.02066705011936935,229.1,180_plus,2024,2024-05,676,187.75
dSY34pE-6I0,UCiER8p540j2SosO7OX7E0VA,Legends of Avantris,large,[Campaign Premiere] Shroud Over Saltmarsh Ep. 1 | High Seas D&D Campaign | Patreon Preview,2024-05-26 21:00:06+00:00,11548,131931,3707,249,False,0.029985371140975207,192.5,180_plus,2024,2024-05,679,194.3
c22t_Mu4heI,UCiER8p540j2SosO7OX7E0VA,Legends of Avantris,large,Stardust Rhapsody: Overture Ep. 13 | Aurora Sonata | Sci-Fi D&D Campaign,2024-05-22 21:30:08+00:00,12566,103415,2524,239,False,0.026717594159454624,209.4,180_plus,2024,2024-05,683,151.41
wo5km1lp_dA,UCiER8p540j2SosO7OX7E0VA,Legends of Avantris,large,Beneath Dark Wings Ep. 37 | Epic Homebrew D&D Campaign | Bargains and Broken Things,2024-05-14 21:30:08+00:00,21991,32904,700,131,False,0.02525528811086798,366.5,180_plus,2024,2024-05,691,47.62
Z3PHg3Jgg2A,UCiER8p540j2SosO7OX7E0VA,Legends of Avantris,large,Uprooted S1E6 | Peeping Toads | Funny Woodland D&D | Peeping Toads | Dimwits of the Dimwood,2024-05-10 22:00:07+00:00,11418,1041225,18064,904,False,0.018217004009700114,190.3,180_plus,2024,2024-05,695,1498.17
VaVlCoDHt88,UCiER8p540j2SosO7OX7E0VA,Legends of Avantris,large,Uprooted S1E1 | Funny Woodland D&D | Cat and Mouse | Dimwits of the Dimwood,2024-05-08 18:39:49+00:00,9533,3987175,84441,2429,False,0.02178735570924276,158.9,120_to_180,2024,2024-05,697,5720.48
cfwWBeikl2k,UCiER8p540j2SosO7OX7E0VA,Legends of Avantris,large,Uprooted S1E5 | Funny Woodland D&D | Crazy River | Dimwits of the Dimwood,2024-05-02 22:30:06+00:00,10540,754108,15713,1110,False,0.022308475709049633,175.7,120_to_180,2024,2024-05,703,1072.7
9kcyQbLcNUg,UCiER8p540j2SosO7OX7E0VA,Legends of Avantris,large,Icebound Ep. 27 | Hardcore Survival D&D | Rule of Might,2024-04-30 19:00:06+00:00,14564,77484,2197,241,False,0.031464560425378145,242.7,180_plus,2024,2024-04,705,109.91
GfQ7m-eigHQ,UCiER8p540j2SosO7OX7E0VA,Legends of Avantris,large,Edge of Midnight Ep. 27  | Folk Horror D&D Campaign | Senseless and Insensible,2024-04-28 20:00:10+00:00,10094,59003,1757,241,False,0.03386268494822297,168.2,120_to_180,2024,2024-04,707,83.46
VkCgZn5-Ak0,UCiER8p540j2SosO7OX7E0VA,Legends of Avantris,large,Edge of Midnight Ep. 26 | Folk Horror D&D Campaign | Stuff of Nightmares,2024-04-24 17:37:21+00:00,8378,50898,1531,170,False,0.03341978073794648,139.6,120_to_180,2024,2024-04,711,71.59
77k9wFvF2xY,UCiER8p540j2SosO7OX7E0VA,Legends of Avantris,large,Edge of Midnight Ep. 25  | Folk Horror D&D Campaign | Lonely Cairn of Stones,2024-04-20 18:50:13+00:00,10350,63188,1607,230,False,0.02907197569158701,172.5,120_to_180,2024,2024-04,715,88.37
LMzNNeFcSGY,UCiER8p540j2SosO7OX7E0VA,Legends of Avantris,large,Stardust Rhapsody: Overture Ep. 12 | Highway Star | Sci-Fi D&D Campaign,2024-04-16 21:00:07+00:00,11980,108371,2949,335,False,0.03030330992608724,199.7,180_plus,2024,2024-04,719,150.72
fUQAWbcyFb0,UCiER8p540j2SosO7OX7E0VA,Legends of Avantris,large,Edge of Midnight Ep. 24 | Folk Horror D&D Campaign | The Fallen Kneel,2024-04-14 19:58:38+00:00,11186,73407,1759,220,False,0.026959281812361218,186.4,180_plus,2024,2024-04,721,101.81
Vif7t0Cv65k,UCiER8p540j2SosO7OX7E0VA,Legends of Avantris,large,Uprooted S1E4 | Funny Woodland D&D | Do You Hear the Critters Sing? | Dimwits of the Dimwood,2024-04-12 20:30:06+00:00,9582,767365,14886,874,False,0.020537814468994546,159.7,120_to_180,2024,2024-04,723,1061.36
6JJHECLM8pU,UCiER8p540j2SosO7OX7E0VA,Legends of Avantris,large,Once Upon a Witchlight Ep. 56 | Feywild D&D Campaign | No More Neverland,2024-04-08 20:00:01+00:00,13708,446861,8234,1055,False,0.02078722466270272,228.5,180_plus,2024,2024-04,727,614.66
WheJEOQz9WI,UCiER8p540j2SosO7OX7E0VA,Legends of Avantris,large,Uprooted S1E3 | Funny Woodland D&D | We Need a Montage | Dimwits of the Dimwood,2024-04-04 21:00:06+00:00,9219,869941,16234,758,False,0.019532359091018817,153.6,120_to_180,2024,2024-04,731,1190.07
MlRZyeG-Rl8,UCiER8p540j2SosO7OX7E0VA,Legends of Avantris,large,Stardust Rhapsody: Overture Ep. 11 | The Joker | Sci-Fi D&D Campaign,2024-04-02 22:00:08+00:00,11460,121343,3024,326,False,0.027607690596078885,191.0,180_plus,2024,2024-04,733,165.54
VC5IIsMNMns,UCiER8p540j2SosO7OX7E0VA,Legends of Avantris,large,Uprooted S1E2 | Funny Woodland D&D | Where's the Duck Sauce? | Dimwits of the Dimwood,2024-03-28 20:00:06+00:00,12126,1658098,26692,1179,False,0.016809018526046108,202.1,180_plus,2024,2024-03,738,2246.75
N2pJhF64PdE,UCiER8p540j2SosO7OX7E0VA,Legends of Avantris,large,D&D Chaos With Matthew Lillard! | Best Moments Compilation,2024-03-26 21:00:20+00:00,1677,773680,35589,480,False,0.04662004963292317,28.0,under_60,2024,2024-03,740,1045.51
2FY5j1U6UXM,UCiER8p540j2SosO7OX7E0VA,Legends of Avantris,large,Once Upon a Witchlight Ep. 55  | Feywild D&D Campaign | Small Soldiers,2024-03-17 20:00:00+00:00,8535,219312,6236,421,False,0.03035401619610418,142.2,120_to_180,2024,2024-03,749,292.81
TK9b4MUVdlY,UCiER8p540j2SosO7OX7E0VA,Legends of Avantris,large,Once Upon a Witchlight Ep. 54  | Feywild D&D Campaign | Going Underground,2024-03-14 21:00:11+00:00,8808,197570,5691,464,False,0.03115351520979906,146.8,120_to_180,2024,2024-03,752,262.73
iAD6CntJ8lA,UCiER8p540j2SosO7OX7E0VA,Legends of Avantris,large,Once Upon a Witchlight Ep. 53 | Feywild D&D Campaign | Spill the Tea,2024-03-10 22:33:29+00:00,8513,202865,5852,426,False,0.0309466886845932,141.9,120_to_180,2024,2024-03,756,268.34
ht2-ttV_lF8,UCiER8p540j2SosO7OX7E0VA,Legends of Avantris,large,[Finale] Arthurian Dark Fantasy Campaign | Tainted Grail Ep. 3 | The Broken Men,2024-03-05 21:00:32+00:00,15810,19910,648,82,False,0.03666499246609744,263.5,180_plus,2024,2024-03,761,26.16
rJBcyBbs3XU,UCiER8p540j2SosO7OX7E0VA,Legends of Avantris,large,Arthurian Dark Fantasy Campaign | Tainted Grail Ep. 2 | The Bear and the Maiden Fair,2024-02-28 23:08:07+00:00,15208,29037,844,65,False,0.03130488686847815,253.5,180_plus,2024,2024-02,767,37.86
EWWd7d4QwfM,UCiER8p540j2SosO7OX7E0VA,Legends of Avantris,large,Edge of Midnight Ep. 23 | Folk Horror D&D Campaign | Last Rites,2024-02-27 23:00:10+00:00,7991,51694,1632,229,False,0.03600030951367664,133.2,120_to_180,2024,2024-02,768,67.31
9Cn87g0TdcA,UCiER8p540j2SosO7OX7E0VA,Legends of Avantris,large,[Finale] Cuttlefish Sweepstakes Ep. 4 | 4 - Part Deadly D&D Campaign |,2024-02-26 00:52:41+00:00,10357,20305,708,109,False,0.04023639497660675,172.6,120_to_180,2024,2024-02,770,26.37
SZBHEo-5pcQ,UCiER8p540j2SosO7OX7E0VA,Legends of Avantris,large,Once Upon a Witchlight Ep. 52 | Feywild D&D Campaign | Garden of Beatin',2024-02-24 20:47:16+00:00,7662,200717,5863,397,False,0.031188190337639563,127.7,120_to_180,2024,2024-02,771,260.33
lL-W_Hyfj_E,UCiER8p540j2SosO7OX7E0VA,Legends of Avantris,large,Icebound Ep. 26 | Hardcore Survival D&D | Icebreakers,2024-02-22 20:00:10+00:00,13379,105067,2101,203,False,0.021928864438881857,223.0,180_plus,2024,2024-02,773,135.92
7RiAWqZzmzM,UCiER8p540j2SosO7OX7E0VA,Legends of Avantris,large,Arthurian Dark Fantasy Campaign Premiere | Tainted Grail Ep. 1 | The Quest for Kamelot,2024-02-21 21:00:11+00:00,13553,72602,2155,97,False,0.031018429244373435,225.9,180_plus,2024,2024-02,774,93.8
WbkpBnNeWp4,UCiER8p540j2SosO7OX7E0VA,Legends of Avantris,large,Edge of Midnight Ep. 22  | Folk Horror D&D Campaign | Her Limbs Are Thrawn,2024-02-21 02:51:40+00:00,8919,52176,1607,141,False,0.03350199325360319,148.6,120_to_180,2024,2024-02,774,67.41
Vxw59n2i1rA,UCiER8p540j2SosO7OX7E0VA,Legends of Avantris,large,Cuttlefish Sweepstakes Ep. 3   | 4 - Part Deadly D&D Campaign,2024-02-18 23:45:55+00:00,11535,24803,728,68,False,0.032092891988872316,192.2,180_plus,2024,2024-02,777,31.92
0LBQqk20s9s,UCiER8p540j2SosO7OX7E0VA,Legends of Avantris,large,Once Upon a Witchlight Ep. 51  | Feywild D&D Campaign | Candyland,2024-02-16 20:43:58+00:00,7725,202469,5942,320,False,0.03092819147622599,128.8,120_to_180,2024,2024-02,779,259.91
vY1bcniS-Bk,UCiER8p540j2SosO7OX7E0VA,Legends of Avantris,large,Stardust Rhapsody: Overture Ep. 10 | Dust in the Wind | Sci-Fi D&D Campaign,2024-02-15 23:30:07+00:00,13040,125555,2923,284,False,0.025542590896419897,217.3,180_plus,2024,2024-02,780,160.97
nhyl6hlG8yw,UCiER8p540j2SosO7OX7E0VA,Legends of Avantris,large,Edge of Midnight Ep. 21 | Folk Horror D&D Campaign | The Ballad of William Van Brunt,2024-02-13 23:00:16+00:00,9652,119803,3347,248,False,0.030007595803110104,160.9,120_to_180,2024,2024-02,782,153.2
9U4cdv_NMhU,UCiER8p540j2SosO7OX7E0VA,Legends of Avantris,large,Stardust Rhapsody: Overture Ep. 9 | To Tame a Land | Sci-Fi D&D Campaign,2024-02-11 23:30:07+00:00,11294,119383,2777,150,False,0.024517728654833603,188.2,180_plus,2024,2024-02,784,152.27
GXfw14upgVU,UCiER8p540j2SosO7OX7E0VA,Legends of Avantris,large,Icebound Ep. 25 | Hardcore Survival D&D | The Frigid Depths,2024-02-08 21:00:09+00:00,9332,61920,2036,135,False,0.03506136950904393,155.5,120_to_180,2024,2024-02,787,78.68
NQz7Eu_qHhw,UCiER8p540j2SosO7OX7E0VA,Legends of Avantris,large,Edge of Midnight Ep. 20  | Folk Horror D&D Campaign | Inner Demons,2024-02-06 23:00:09+00:00,9016,59845,1762,222,False,0.03315231013451416,150.3,120_to_180,2024,2024-02,789,75.85
YJavudEDFVs,UCiER8p540j2SosO7OX7E0VA,Legends of Avantris,large,Squid Game D&D | Cuttlefish Sweepstakes Ep. 2  | 4 - Part D&D Mini Campaign,2024-02-04 23:00:14+00:00,10361,27423,815,74,False,0.03241804324836816,172.7,120_to_180,2024,2024-02,791,34.67
ZF9Cheg_JI4,UCiER8p540j2SosO7OX7E0VA,Legends of Avantris,large,Mini Painting and Hangout Q&A! - Icebound postponed to next Friday,2024-02-03 05:32:30+00:00,17063,10325,298,4,False,0.029249394673123486,284.4,180_plus,2024,2024-02,792,13.04
XcRr4aVIcSc,UCiER8p540j2SosO7OX7E0VA,Legends of Avantris,large,Mini Painting and Hangout Q&A! - Warhammer: The Old World,2024-02-01 05:16:38+00:00,15649,8993,318,7,False,0.03613921939286111,260.8,180_plus,2024,2024-02,794,11.33
9idfw7Z-ZQM,UCiER8p540j2SosO7OX7E0VA,Legends of Avantris,large,Squid Game in D&D! | Cuttlefish Sweepstakes Ep. 1  | 4-Part D&D Mini Campaign,2024-01-28 21:00:09+00:00,10393,75008,2105,87,False,0.02922354948805461,173.2,120_to_180,2024,2024-01,798,93.99
mlDLpZqHo_Q,UCiER8p540j2SosO7OX7E0VA,Legends of Avantris,large,Mini Painting and Hangout Q&A! - Warhammer: The Old World,2024-01-25 05:08:09+00:00,16134,12922,498,17,False,0.0398545116854976,268.9,180_plus,2024,2024-01,801,16.13
ZiHUHLqjavE,UCiER8p540j2SosO7OX7E0VA,Legends of Avantris,large,Stardust Rhapsody: Overture Ep. 8 | Heavy Metal | Sci-Fi D&D Campaign,2024-01-14 21:00:11+00:00,12101,162249,3551,236,False,0.023340667739092383,201.7,180_plus,2024,2024-01,812,199.81
uNaVjIJ-Ayo,UCiER8p540j2SosO7OX7E0VA,Legends of Avantris,large,Once Upon a Witchlight Ep. 50 | Feywild D&D Campaign | The Getaway Gangarang,2024-01-08 23:00:12+00:00,7412,199685,6410,550,False,0.034854896461927534,123.5,120_to_180,2024,2024-01,818,244.11
p9RGoQYveio,UCiER8p540j2SosO7OX7E0VA,Legends of Avantris,large,Icebound Ep. 24 | Hardcore Survival D&D | Passage of Rime,2024-01-04 00:30:08+00:00,14484,85086,2252,253,False,0.02944080107185671,241.4,180_plus,2024,2024-01,823,103.39
hx1C8avDBbY,UCiER8p540j2SosO7OX7E0VA,Legends of Avantris,large,Icebound Side Story 2 | Hardcore Survival D&D | A Story For Another Time,2024-01-01 21:00:09+00:00,10691,46957,1664,158,False,0.0388014566518304,178.2,120_to_180,2024,2024-01,825,56.92
lhsN5mRVcZg,UCiER8p540j2SosO7OX7E0VA,Legends of Avantris,large,Stardust Rhapsody: Overture Ep. 7 | Junkyard Dog | Sci-Fi D&D Campaign,2024-01-01 00:30:09+00:00,12488,159265,3390,191,False,0.022484538348036293,208.1,180_plus,2024,2024-01,826,192.81
0s9IKjFOc9g,UCiER8p540j2SosO7OX7E0VA,Legends of Avantris,large,Walking in a Witchlight Wonderland (Part 2) - Yuletide Special | Holiday D&D,2023-12-26 23:30:09+00:00,6609,391425,10402,463,False,0.027757552532413618,110.2,60_to_120,2023,2023-12,831,471.03
ZXtmIozIOzc,UCiER8p540j2SosO7OX7E0VA,Legends of Avantris,large,Unhinged D&D Holiday Special! | Funny Yuletide One-Shot Compilation,2023-12-25 22:30:04+00:00,1498,1088328,34677,550,False,0.03236799935313619,25.0,under_60,2023,2023-12,832,1308.09
-PyR66JBZC8,UCiER8p540j2SosO7OX7E0VA,Legends of Avantris,large,Walking in a Witchlight Wonderland (Part 1) - A NEW Yuletide One-Shot | Holiday D&D,2023-12-23 22:30:13+00:00,7916,1380495,32149,891,False,0.023933444163144378,131.9,120_to_180,2023,2023-12,834,1655.27
bbUTfHJ5naY,UCiER8p540j2SosO7OX7E0VA,Legends of Avantris,large,Stardust Rhapsody: Overture Ep. 6 | Thriller | Sci-Fi D&D Campaign,2023-12-22 21:00:09+00:00,12223,154870,3719,228,False,0.02548589139278104,203.7,180_plus,2023,2023-12,835,185.47
wM9r1CVg1VQ,UCiER8p540j2SosO7OX7E0VA,Legends of Avantris,large,Stardust Rhapsody: Overture Ep. 5 | Scary Monsters and Super Creeps | Sci-Fi D&D Campaign,2023-12-15 19:12:48+00:00,10497,165357,3860,258,False,0.024903693221333238,175.0,120_to_180,2023,2023-12,842,196.39
ibgG62vCkeU,UCiER8p540j2SosO7OX7E0VA,Legends of Avantris,large,Stardust Rhapsody: Overture Ep. 4 | Stone Temple Pilot | Sci-Fi D&D Campaign,2023-12-06 22:24:07+00:00,10577,191941,4417,220,False,0.02415846536175179,176.3,120_to_180,2023,2023-12,851,225.55
DBadowiG9aE,UCiER8p540j2SosO7OX7E0VA,Legends of Avantris,large,Chuckles Strikes Back | Funny D&D Story,2023-11-26 21:52:00+00:00,1678,1436179,46330,477,False,0.03259134133001527,28.0,under_60,2023,2023-11,861,1668.04
QMyiataYM6I,UCiER8p540j2SosO7OX7E0VA,Legends of Avantris,large,Icebound Side Story 1 | Hardcore Survival D&D | The Choice To Head South,2023-11-20 21:00:08+00:00,7161,50301,1823,130,False,0.03882626587940598,119.4,60_to_120,2023,2023-11,867,58.02
zn9nZFwQQoE,UCiER8p540j2SosO7OX7E0VA,Legends of Avantris,large,Ring of Chaos One-Shot with Matthew Lillard | Post-Session Live Q&A,2023-11-14 04:11:05+00:00,7275,20812,1068,36,False,0.053046319431097444,121.2,120_to_180,2023,2023-11,873,23.84
FMIInD-A2e8,UCiER8p540j2SosO7OX7E0VA,Legends of Avantris,large,Funny D&D One-Shot with Matthew Lillard | Ring of Chaos,2023-11-13 21:00:17+00:00,17658,1467372,51046,1447,False,0.035773478027385015,294.3,180_plus,2023,2023-11,874,1678.92
kXnA6obq1Ks,UCiER8p540j2SosO7OX7E0VA,Legends of Avantris,large,Stardust Rhapsody: Overture Ep. 3 | Cold as Ice | Sci-Fi D&D Campaign,2023-11-13 01:37:58+00:00,14027,345464,6449,357,False,0.019701039761017065,233.8,180_plus,2023,2023-11,875,394.82
IjT-iLhWlIs,UCiER8p540j2SosO7OX7E0VA,Legends of Avantris,large,Crooked Moon Final Day! | Free Dice for All Physical Backers | Streaming til Midnight,2023-11-02 05:32:02+00:00,42901,13414,482,30,False,0.038169077083643956,715.0,180_plus,2023,2023-11,885,15.16
DPq-dmccBuo,UCiER8p540j2SosO7OX7E0VA,Legends of Avantris,large,Of Heart and Harvest | Curse of Strahdanya One-Shot | Folk Horror 5e,2023-11-01 18:00:05+00:00,15567,70362,1951,104,False,0.02920610556834655,259.4,180_plus,2023,2023-11,886,79.42
Fg-CPoEd-QM,UCiER8p540j2SosO7OX7E0VA,Legends of Avantris,large,Endless Nights: A Crooked Moon Talk Show | Monsters | Free Dice!,2023-10-31 05:01:34+00:00,17955,6435,262,6,False,0.04164724164724165,299.2,180_plus,2023,2023-10,887,7.25
S5YpCtCrxAw,UCiER8p540j2SosO7OX7E0VA,Legends of Avantris,large,Free Dice for Everyone! | $3 Million Kickstarter Celebration!,2023-10-30 05:14:44+00:00,26505,8156,352,9,False,0.04426189308484551,441.8,180_plus,2023,2023-10,888,9.18
BDCo7N_KmEY,UCiER8p540j2SosO7OX7E0VA,Legends of Avantris,large,Stardust Rhapsody: Overture Ep. 2 | Laboratory Lullaby | Sci-Fi D&D Campaign,2023-10-29 18:00:08+00:00,12186,408901,8253,447,False,0.021276543711069427,203.1,180_plus,2023,2023-10,889,459.96
q-gFa1p-vYg,UCiER8p540j2SosO7OX7E0VA,Legends of Avantris,large,6th Anniversary Party & Push to 3 Million! Free Dice for Everyone!,2023-10-29 05:03:44+00:00,36675,10311,444,16,False,0.0446125497041994,611.2,180_plus,2023,2023-10,889,11.6
7qRKai758Nc,UCiER8p540j2SosO7OX7E0VA,Legends of Avantris,large,Chuckles Q&A and FREE Dice Giveaway!,2023-10-27 04:15:03+00:00,14595,6315,350,16,False,0.05795724465558195,243.2,180_plus,2023,2023-10,891,7.09
Uam1thy0pKw,UCiER8p540j2SosO7OX7E0VA,Legends of Avantris,large,Icebound Ep. 23 | Hardcore Survival D&D | Ice & Hate,2023-10-22 18:00:08+00:00,11714,81771,2400,268,False,0.03262770419830992,195.2,180_plus,2023,2023-10,896,91.26
q_FsvPffEL0,UCiER8p540j2SosO7OX7E0VA,Legends of Avantris,large,D&D Story: Guys' Night Turns Into a Drag Show,2023-10-21 18:05:31+00:00,1232,465527,18115,209,False,0.03936184152584061,20.5,under_60,2023,2023-10,897,518.98
AEp4aZ2WDwA,UCiER8p540j2SosO7OX7E0VA,Legends of Avantris,large,Once Upon a Witchlight Ep. 49 | Feywild D&D Campaign | The Last Unicorn,2023-10-17 02:46:14+00:00,7578,211078,6405,453,False,0.03249035901420328,126.3,120_to_180,2023,2023-10,902,234.01
GhqrdfV9N1g,UCiER8p540j2SosO7OX7E0VA,Legends of Avantris,large,Once Upon a Witchlight Ep. 48 | Feywild D&D Campaign | Up Shade's Creek,2023-10-08 21:00:13+00:00,6845,253556,7903,513,False,0.03319187871712758,114.1,60_to_120,2023,2023-10,910,278.63
NHTbzI_KDd0,UCiER8p540j2SosO7OX7E0VA,Legends of Avantris,large,Ask Chuckles Anything - Chuckles the Clown AMA,2023-10-07 03:38:06+00:00,12860,24067,1176,38,False,0.05044251464661154,214.3,180_plus,2023,2023-10,911,26.42
DIkmhLR23jc,UCiER8p540j2SosO7OX7E0VA,Legends of Avantris,large,Once Upon a Witchlight Ep. 47 | Feywild D&D Campaign | Plot of Greed,2023-09-30 22:37:15+00:00,8172,230564,6920,495,False,0.03216026786488784,136.2,120_to_180,2023,2023-09,918,251.16
QBds4Yv4kuM,UCiER8p540j2SosO7OX7E0VA,Legends of Avantris,large,Once Upon a Witchlight Ep. 46 | Feywild D&D Campaign | The Jaws That Bite,2023-09-27 22:50:59+00:00,11116,264792,7796,948,False,0.03302214568415964,185.3,180_plus,2023,2023-09,921,287.5
CJgLO5UCPNY,UCiER8p540j2SosO7OX7E0VA,Legends of Avantris,large,Stardust Rhapsody: Overture Ep. 1 | Asteroid Jazz | Sci-Fi D&D Campaign,2023-09-24 20:00:10+00:00,11662,2097572,56900,1556,False,0.027868411668347977,194.4,180_plus,2023,2023-09,924,2270.1
OK-zhzQxkG4,UCiER8p540j2SosO7OX7E0VA,Legends of Avantris,large,D&D Animated: The Very Best of Chuckles the Clown,2023-09-20 20:21:53+00:00,534,2784486,111782,893,False,0.04046527797230799,8.9,under_60,2023,2023-09,928,3000.52
pzbs2lanwbw,UCiER8p540j2SosO7OX7E0VA,Legends of Avantris,large,Once Upon a Witchlight Ep. 45 | Feywild D&D Campaign | Through the Hourglass,2023-09-10 22:14:21+00:00,11881,301605,7346,527,False,0.026103678652542234,198.0,180_plus,2023,2023-09,938,321.54
32CUd2hY614,UCiER8p540j2SosO7OX7E0VA,Legends of Avantris,large,Icebound Ep. 22 | Hardcore Survival D&D | Make No Fire,2023-09-07 21:32:47+00:00,10349,71545,2500,299,False,0.03912223076385492,172.5,120_to_180,2023,2023-09,941,76.03
sozWUc7N0SA,UCiER8p540j2SosO7OX7E0VA,Legends of Avantris,large,Once Upon a Witchlight Ep. 44  | Feywild D&D Campaign | Mushroom Samba,2023-09-05 20:58:32+00:00,6138,219381,6509,305,False,0.03106011915343626,102.3,60_to_120,2023,2023-09,943,232.64
hjXTRPBcWF8,UCiER8p540j2SosO7OX7E0VA,Legends of Avantris,large,Beginner DM Survival Guide - Part 3 | Neon Nights: An Avantris Talk Show,2023-09-05 03:38:04+00:00,8903,4354,192,6,False,0.045475424896646764,148.4,120_to_180,2023,2023-09,943,4.62
gsl83xofiUw,UCiER8p540j2SosO7OX7E0VA,Legends of Avantris,large,When D&D Gets UNHINGED | Funniest Moments,2023-09-03 19:15:23+00:00,974,2298717,77650,794,False,0.03412512284026263,16.2,under_60,2023,2023-09,945,2432.5
EpoVzWWJxEU,UCiER8p540j2SosO7OX7E0VA,Legends of Avantris,large,Beginner DM Survival Guide - Part 2 | Neon Nights: An Avantris Talk Show,2023-08-29 03:38:39+00:00,9417,4528,189,3,False,0.04240282685512368,157.0,120_to_180,2023,2023-08,950,4.77
MyvW8E_eoMY,UCiER8p540j2SosO7OX7E0VA,Legends of Avantris,large,Once Upon a Witchlight Ep. 43  | Feywild D&D Campaign | Fungi's Night,2023-08-27 19:12:45+00:00,8044,254928,7709,594,False,0.032569980543526014,134.1,120_to_180,2023,2023-08,952,267.78
X5-RoR46DaA,UCiER8p540j2SosO7OX7E0VA,Legends of Avantris,large,Beginner DM Survival Guide | Neon Nights: An Avantris Talk Show,2023-08-22 03:35:36+00:00,9684,6639,313,11,False,0.048802530501581565,161.4,120_to_180,2023,2023-08,957,6.94
5R7D30OW7uc,UCiER8p540j2SosO7OX7E0VA,Legends of Avantris,large,Night of the Crooked Moon - A Folk Horror One Shot | Halloween D&D,2023-08-17 20:03:39+00:00,10755,383760,10545,460,False,0.02867677715238691,179.2,120_to_180,2023,2023-08,962,398.92
7tSu0IoEjPk,UCiER8p540j2SosO7OX7E0VA,Legends of Avantris,large,D&D Character Art and Kickstarter | Neon Nights: An Avantris Talk Show,2023-08-15 03:44:09+00:00,8558,4869,235,8,False,0.04990757855822551,142.6,120_to_180,2023,2023-08,964,5.05
3oHQ27-aMxQ,UCiER8p540j2SosO7OX7E0VA,Legends of Avantris,large,Daggerheart Designer Interview - Critical Role's New Game | Exclusive Sneak Peek!,2023-08-13 18:00:01+00:00,1191,21720,1028,71,False,0.050598526703499076,19.8,under_60,2023,2023-08,966,22.48
0zwP5sx9JA0,UCiER8p540j2SosO7OX7E0VA,Legends of Avantris,large,Icebound Ep. 21 | Hardcore Survival D&D | Return,2023-08-10 22:00:10+00:00,9272,76805,2433,263,False,0.035101881387930474,154.5,120_to_180,2023,2023-08,969,79.26
EcobpP0yMeM,UCiER8p540j2SosO7OX7E0VA,Legends of Avantris,large,D&D in Minecraft! | Hilarious Minecraft Roleplay,2023-08-04 20:00:04+00:00,1049,171327,13699,341,False,0.08194855451855224,17.5,under_60,2023,2023-08,975,175.72
6PuWff7x9bg,UCiER8p540j2SosO7OX7E0VA,Legends of Avantris,large,Once Upon a Witchlight Ep. 42 | Feywild D&D Campaign | All Dolled Up,2023-07-31 18:02:05+00:00,10668,292980,8507,907,False,0.03213188613557239,177.8,120_to_180,2023,2023-07,979,299.26
ZlDvA3QziDo,UCiER8p540j2SosO7OX7E0VA,Legends of Avantris,large,DM Puts Her Party on the NAUGHTY LIST! | Funny D&D Tiktoks,2023-07-27 17:37:51+00:00,969,1898366,69637,947,False,0.03718144973097917,16.2,under_60,2023,2023-07,983,1931.2
wGqRrPmjh1o,UCiER8p540j2SosO7OX7E0VA,Legends of Avantris,large,Tabletop Convention Survival Guide | Neon Nights: An Avantris Talk Show,2023-07-25 03:21:49+00:00,8351,4022,199,8,False,0.05146693187468921,139.2,120_to_180,2023,2023-07,985,4.08
hLyDj-VzsvU,UCiER8p540j2SosO7OX7E0VA,Legends of Avantris,large,Once Upon a Witchlight Ep. 41 | Feywild D&D Campaign | Throwing Shade,2023-07-23 19:07:18+00:00,9817,285705,8299,809,False,0.031879036068672234,163.6,120_to_180,2023,2023-07,987,289.47
q6SEkhSD0to,UCiER8p540j2SosO7OX7E0VA,Legends of Avantris,large,Roleplay Workshop | Neon Nights: An Avantris Talk Show,2023-07-18 03:25:50+00:00,8914,5083,257,19,False,0.05429864253393665,148.6,120_to_180,2023,2023-07,992,5.12
Vtv9xv627eM,UCiER8p540j2SosO7OX7E0VA,Legends of Avantris,large,Once Upon a Witchlight Ep. 40 | Feywild D&D Campaign | Still Life,2023-07-16 19:00:22+00:00,8002,272941,7878,491,False,0.030662304307524337,133.4,120_to_180,2023,2023-07,994,274.59
MBkyMRepuyo,UCiER8p540j2SosO7OX7E0VA,Legends of Avantris,large,Once Upon a Witchlight Ep. 39 | Feywild D&D Campaign | Too Many Cooks,2023-07-11 21:00:22+00:00,7974,271207,7785,362,False,0.03003978510879144,132.9,120_to_180,2023,2023-07,999,271.48
GAb3RF8eouM,UCiER8p540j2SosO7OX7E0VA,Legends of Avantris,large,Running D&D One-Shots | Neon Nights: An Avantris Talk Show,2023-07-11 03:30:37+00:00,9289,5146,236,11,False,0.04799844539448115,154.8,120_to_180,2023,2023-07,999,5.15
TPgNnf1Nfrs,UCiER8p540j2SosO7OX7E0VA,Legends of Avantris,large,D&D Party Must Be Funny OR ELSE | BEST Moments,2023-07-09 19:00:09+00:00,861,568378,19488,210,False,0.03465651379891551,14.4,under_60,2023,2023-07,1001,567.81
C60kw3JYV7c,UCiER8p540j2SosO7OX7E0VA,Legends of Avantris,large,Once Upon a Witchlight Ep. 38 | Feywild D&D Campaign | Unclog the Bog,2023-07-08 21:14:41+00:00,7925,266530,8327,499,False,0.033114471166472814,132.1,120_to_180,2023,2023-07,1002,266.0
th6Py_GW9Vc,UCiER8p540j2SosO7OX7E0VA,Legends of Avantris,large,All Things NPC | Neon Nights: An Avantris Talk Show,2023-07-04 03:21:38+00:00,8858,7401,291,6,False,0.040129712201053915,147.6,120_to_180,2023,2023-07,1006,7.36
rt878dPfNh8,UCiER8p540j2SosO7OX7E0VA,Legends of Avantris,large,"Once Upon a Witchlight Ep. 37 | Feywild D&D Campaign | Dread, Bath, and Beyond",2023-07-03 21:00:32+00:00,8397,293818,8640,530,False,0.031209796540715682,140.0,120_to_180,2023,2023-07,1007,291.78
H8tTWxPQrss,UCiER8p540j2SosO7OX7E0VA,Legends of Avantris,large,D&D Party Is Defeated by CAKE! | BEST Moments,2023-06-27 20:00:06+00:00,641,201369,8188,131,False,0.04131221786868883,10.7,under_60,2023,2023-06,1013,198.78
wfsywmCI950,UCiER8p540j2SosO7OX7E0VA,Legends of Avantris,large,Icebound Ep. 20 | Hardcore Survival D&D | Chimes of Respite,2023-06-26 21:00:07+00:00,13305,129400,2881,356,False,0.025015455950540957,221.8,180_plus,2023,2023-06,1014,127.61
9S_ttBcLoN8,UCiER8p540j2SosO7OX7E0VA,Legends of Avantris,large,D&D party gets haunted by a CLOWN! | BEST MOMENTS,2023-06-16 21:14:25+00:00,606,1248973,48299,480,False,0.03905528782447659,10.1,under_60,2023,2023-06,1024,1219.7
eXnpN6eKFI0,UCiER8p540j2SosO7OX7E0VA,Legends of Avantris,large,Once Upon a Witchlight Ep. 36 | Feywild D&D Campaign | The Room Where It Happened,2023-06-13 21:29:47+00:00,9241,330252,8468,532,False,0.02725191671814251,154.0,120_to_180,2023,2023-06,1027,321.57
ggw9KY85GfE,UCiER8p540j2SosO7OX7E0VA,Legends of Avantris,large,When D&D Is CHAOTIC Neutral | BEST MOMENTS,2023-06-08 21:00:30+00:00,750,781315,28366,385,False,0.0367982183882301,12.5,under_60,2023,2023-06,1032,757.09
gOn39lO0u2Y,UCiER8p540j2SosO7OX7E0VA,Legends of Avantris,large,Once Upon a Witchlight Ep. 35 | Feywild D&D Campaign | Beware the Forest Mushrooms,2023-05-31 21:27:53+00:00,8571,324273,9017,526,False,0.02942890712455246,142.8,120_to_180,2023,2023-05,1040,311.8
7ZpDvKuqVbc,UCiER8p540j2SosO7OX7E0VA,Legends of Avantris,large,Icebound Ep. 19 | Hardcore Survival D&D | Out Of The Sky,2023-05-30 21:00:08+00:00,13536,118392,3077,398,False,0.02935164538144469,225.6,180_plus,2023,2023-05,1041,113.73
Dq_C6QpIbwI,UCiER8p540j2SosO7OX7E0VA,Legends of Avantris,large,Once Upon a Witchlight Ep. 34 | Feywild D&D Campaign | A Change of Heart,2023-05-22 21:00:09+00:00,8213,341606,10261,807,False,0.03239989929919264,136.9,120_to_180,2023,2023-05,1049,325.65
fbrKUoeYZa0,UCiER8p540j2SosO7OX7E0VA,Legends of Avantris,large,Once Upon a Witchlight Ep. 33 | Feywild D&D Campaign | Up the Wrong Tree,2023-05-19 20:29:09+00:00,9602,379090,9901,561,False,0.027597668099923502,160.0,120_to_180,2023,2023-05,1052,360.35
180u6x-NNXM,UCiER8p540j2SosO7OX7E0VA,Legends of Avantris,large,Once Upon a Witchlight Ep. 32 | Feywild D&D Campaign | A Feast for Frogs,2023-05-16 21:00:00+00:00,8584,367893,10367,707,False,0.03010114353901814,143.1,120_to_180,2023,2023-05,1055,348.71
Y_nNIDM-qqo,UCiER8p540j2SosO7OX7E0VA,Legends of Avantris,large,D&D Tiktoks that will CRIT your funny bone,2023-05-14 20:00:06+00:00,632,583624,20528,177,False,0.03547660822721478,10.5,under_60,2023,2023-05,1057,552.15
FUXPTpWzskM,UCiER8p540j2SosO7OX7E0VA,Legends of Avantris,large,Once Upon a Witchlight Ep. 31 | Feywild D&D Campaign | Electrum Chef,2023-05-12 21:00:05+00:00,11097,582920,16012,991,False,0.029168668084814383,185.0,180_plus,2023,2023-05,1059,550.44
5n88Bx1WeH8,UCiER8p540j2SosO7OX7E0VA,Legends of Avantris,large,Once Upon a Witchlight Ep. 30 | Feywild D&D Campaign | Phantom of the Hoppera,2023-05-10 20:30:01+00:00,11116,431471,11784,834,False,0.029244143870619348,185.3,180_plus,2023,2023-05,1061,406.66
CVsRXylK3TY,UCiER8p540j2SosO7OX7E0VA,Legends of Avantris,large,D&D Story: SHENANIGANS when the party has NO shame...,2023-05-03 20:00:05+00:00,710,223313,7738,79,False,0.03500467953052442,11.8,under_60,2023,2023-05,1068,209.09
Zx6jb_Ti6gM,UCiER8p540j2SosO7OX7E0VA,Legends of Avantris,large,Green Child or Goblin Man??? | Funny D&D Moments,2023-04-23 22:05:12+00:00,668,396532,15768,159,False,0.04016573693926341,11.1,under_60,2023,2023-04,1078,367.84
OM_I0s2TARM,UCiER8p540j2SosO7OX7E0VA,Legends of Avantris,large,Icebound Ep. 18 | Hardcore Survival D&D | Fight or Flight,2023-04-21 22:00:10+00:00,16123,102641,3054,329,False,0.032959538585945185,268.7,180_plus,2023,2023-04,1080,95.04
PkmBSS35NvY,UCiER8p540j2SosO7OX7E0VA,Legends of Avantris,large,Once Upon a Witchlight Ep. 29 | Feywild D&D Campaign | The Shopping Episode,2023-04-18 21:00:12+00:00,9902,436779,11259,730,False,0.027448663969650556,165.0,120_to_180,2023,2023-04,1083,403.3
KwsQPBeFJtU,UCiER8p540j2SosO7OX7E0VA,Legends of Avantris,large,Once Upon a Witchlight Ep. 28 | Feywild D&D Campaign | A Comedy of Errors,2023-04-16 20:00:05+00:00,8082,437424,12183,583,False,0.02918449833571089,134.7,120_to_180,2023,2023-04,1085,403.16
FaByDbZVT-o,UCiER8p540j2SosO7OX7E0VA,Legends of Avantris,large,Once Upon a Witchlight Ep. 27 | Feywild D&D Campaign | Lord of the Flies,2023-04-11 22:28:25+00:00,10316,464426,11541,769,False,0.026505837313156456,171.9,120_to_180,2023,2023-04,1090,426.08
g5vQ0GxIwcE,UCiER8p540j2SosO7OX7E0VA,Legends of Avantris,large,D&D Clowns in SPACE! | Funny D&D Tiktoks,2023-04-10 20:20:21+00:00,589,950310,37903,472,False,0.04038155970157107,9.8,under_60,2023,2023-04,1091,871.04
fxthBeFEtKE,UCiER8p540j2SosO7OX7E0VA,Legends of Avantris,large,Icebound Ep. 17 | Hardcore Survival D&D | The Dominant Mind,2023-04-04 21:00:10+00:00,15579,102492,2780,235,False,0.02941693010186161,259.6,180_plus,2023,2023-04,1097,93.43
3TbtLZ6yzWU,UCiER8p540j2SosO7OX7E0VA,Legends of Avantris,large,Batman Rolls a NAT 20 | Funny D&D Moments,2023-04-03 22:29:09+00:00,644,1008543,36895,408,False,0.03698701988908752,10.7,under_60,2023,2023-04,1098,918.53
LGRE32rCG_g,UCiER8p540j2SosO7OX7E0VA,Legends of Avantris,large,Once Upon a Witchlight Ep. 26 | Feywild D&D Campaign | Don't Lose Your Head,2023-04-01 23:00:13+00:00,8329,445865,12107,703,False,0.02873066959729963,138.8,120_to_180,2023,2023-04,1100,405.33
oy_1RCcg-nk,UCiER8p540j2SosO7OX7E0VA,Legends of Avantris,large,TOTAL CHAOS After DM Flubs ONE WORD | Funny D&D Moments,2023-03-24 21:13:39+00:00,603,1189234,45017,563,False,0.038327192125351274,10.0,under_60,2023,2023-03,1108,1073.32
Bfid6_EyxLA,UCiER8p540j2SosO7OX7E0VA,Legends of Avantris,large,Once Upon a Witchlight Ep. 25 | Feywild D&D Campaign | The One Where Fire Gets Purged,2023-03-23 22:35:15+00:00,10521,497322,11171,498,False,0.023463671424147736,175.4,120_to_180,2023,2023-03,1109,448.44
5yjyzlc7n80,UCiER8p540j2SosO7OX7E0VA,Legends of Avantris,large,The Party Loses EVERYTHING at the Casino | D&D Abridged,2023-03-19 16:00:03+00:00,597,182523,6198,93,False,0.03446688910438685,10.0,under_60,2023,2023-03,1113,163.99
EBE3-OphJeY,UCiER8p540j2SosO7OX7E0VA,Legends of Avantris,large,Do Space Clowns Dream of Balloon Sheep? | Spelljammer One-Shot: On a Silver Strand - Part 2,2023-03-18 20:20:05+00:00,12751,104135,2065,136,False,0.02113602535170692,212.5,180_plus,2023,2023-03,1114,93.48
s0gwxKvBrBc,UCiER8p540j2SosO7OX7E0VA,Legends of Avantris,large,Icebound Ep. 16 | Hardcore Survival D&D | Ending Start,2023-03-18 01:52:42+00:00,11604,96621,2617,199,False,0.02914480288964097,193.4,180_plus,2023,2023-03,1115,86.66
yScizncJ37Q,UCiER8p540j2SosO7OX7E0VA,Legends of Avantris,large,Once Upon a Witchlight Ep. 24 | Feywild D&D Campaign | Slippery When Wet,2023-03-14 23:00:08+00:00,7965,467739,10394,519,False,0.02333138780388208,132.8,120_to_180,2023,2023-03,1118,418.37
dgm0KdWBb0Q,UCiER8p540j2SosO7OX7E0VA,Legends of Avantris,large,Ninja Turtle Batman TRUMP Plays D&D??? - Funny D&D Moments,2023-03-12 20:00:09+00:00,647,402285,19647,172,False,0.04926606758889842,10.8,under_60,2023,2023-03,1120,359.18
oNGu5u_kN50,UCiER8p540j2SosO7OX7E0VA,Legends of Avantris,large,D&D in SPACE??? | Spelljammer One-Shot: On a Silver Strand - Part 1,2023-03-11 20:00:09+00:00,10768,279437,5945,315,False,0.02240218725508791,179.5,120_to_180,2023,2023-03,1121,249.27
_ufnx2Jd0Hg,UCiER8p540j2SosO7OX7E0VA,Legends of Avantris,large,Once Upon a Witchlight Ep. 23 | Feywild D&D Campaign | Stumped,2023-03-08 20:30:07+00:00,8888,484405,12409,523,False,0.02669666910952612,148.1,120_to_180,2023,2023-03,1124,430.97
X3ar9qfjz7c,UCiER8p540j2SosO7OX7E0VA,Legends of Avantris,large,Haunted By a GHOST CLOWN in D&D | Funny D&D Tiktoks,2023-03-05 22:51:29+00:00,672,4569315,208239,2831,False,0.046192919507628605,11.2,under_60,2023,2023-03,1127,4054.41
pyoy8skIgZM,UCiER8p540j2SosO7OX7E0VA,Legends of Avantris,large,"Once Upon a Witchlight Ep. 22 | Feywild D&D Campaign | Hare Today, Gone Tomorrow",2023-02-27 22:00:10+00:00,9286,499511,14826,767,False,0.031216529766111258,154.8,120_to_180,2023,2023-02,1133,440.87
8DwCVBz2jhI,UCiER8p540j2SosO7OX7E0VA,Legends of Avantris,large,[Fixed] Beneath Dark Wings Ep. 26 | Epic Homebrew D&D Campaign | Trapped in Amber,2023-02-21 21:00:02+00:00,21111,17679,379,93,False,0.02669834266644041,351.8,180_plus,2023,2023-02,1139,15.52
zkrYfjbZqPw,UCiER8p540j2SosO7OX7E0VA,Legends of Avantris,large,Once Upon a Witchlight Ep. 21 | Feywild D&D Campaign | Running Up That Hill,2023-02-19 21:00:06+00:00,9005,532330,17190,646,False,0.03350553228260665,150.1,120_to_180,2023,2023-02,1141,466.55
P-x_jAD3Ao4,UCiER8p540j2SosO7OX7E0VA,Legends of Avantris,large,Once Upon a Witchlight Ep. 20 | Feywild D&D Campaign | Hot Jones,2023-02-12 21:00:14+00:00,9437,613189,14724,676,False,0.025114605774076183,157.3,120_to_180,2023,2023-02,1148,534.14
h4Lp-rS3jm4,UCiER8p540j2SosO7OX7E0VA,Legends of Avantris,large,Once Upon a Witchlight Ep. 19 | Feywild D&D Campaign | Bump in the Night,2023-02-08 21:00:11+00:00,12418,743984,17822,986,False,0.02528011355082905,207.0,180_plus,2023,2023-02,1152,645.82
7QVwESgCrvo,UCiER8p540j2SosO7OX7E0VA,Legends of Avantris,large,Once Upon a Witchlight Ep. 18 | Feywild D&D Campaign | Snakes & Burrows,2023-02-05 21:00:11+00:00,9282,601673,15876,751,False,0.027634612156437133,154.7,120_to_180,2023,2023-02,1155,520.93
HLnUbPh3c0c,UCiER8p540j2SosO7OX7E0VA,Legends of Avantris,large,Icebound Ep. 15 | Hardcore Survival D&D | The Lottery,2023-01-31 22:00:10+00:00,12298,125549,2817,274,False,0.024619869533011016,205.0,180_plus,2023,2023-01,1160,108.23
_oJKfQve2iM,UCiER8p540j2SosO7OX7E0VA,Legends of Avantris,large,Once Upon a Witchlight Ep. 17 | Feywild D&D Campaign | When the Hares Go Marching In,2023-01-29 22:00:07+00:00,8589,629940,15106,812,False,0.02526907324507096,143.2,120_to_180,2023,2023-01,1162,542.12
mhEvP86Mcao,UCiER8p540j2SosO7OX7E0VA,Legends of Avantris,large,Once Upon a Witchlight Ep. 16 | Feywild D&D Campaign | Monarch for a Day,2023-01-26 22:00:10+00:00,8913,606931,15170,677,False,0.026110052048750186,148.6,120_to_180,2023,2023-01,1165,520.97
kBBIljo-fDM,UCiER8p540j2SosO7OX7E0VA,Legends of Avantris,large,Icebound Ep. 14 | Hardcore Survival D&D | Precipice of Uncertainty,2023-01-24 20:00:08+00:00,10220,86751,2484,174,False,0.030639416260331294,170.3,120_to_180,2023,2023-01,1167,74.34
CKOxuxwG5pQ,UCiER8p540j2SosO7OX7E0VA,Legends of Avantris,large,Icebound Ep. 13 | Hardcore Survival D&D | Ignorance Is Bliss,2023-01-10 20:00:07+00:00,16718,113072,2947,281,False,0.028548181689542946,278.6,180_plus,2023,2023-01,1181,95.74
F_Lrt0iE3bM,UCiER8p540j2SosO7OX7E0VA,Legends of Avantris,large,Twas the Night Before Witchlight - A Yuletide One-Shot | Holiday D&D,2022-12-25 21:00:11+00:00,10720,2777402,71941,2807,False,0.02691292077992311,178.7,120_to_180,2022,2022-12,1197,2320.3
tvSZbJLdy0Q,UCiER8p540j2SosO7OX7E0VA,Legends of Avantris,large,Once Upon a Witchlight Ep. 15 | Feywild D&D Campaign | Four Weddings and a Funeral,2022-12-20 22:00:07+00:00,7074,582365,16522,700,False,0.02957251895289037,117.9,60_to_120,2022,2022-12,1202,484.5
7EuX9j3ls8I,UCiER8p540j2SosO7OX7E0VA,Legends of Avantris,large,Beneath Dark Wings Ep. 36 | Epic Homebrew D&D Campaign | The Eclipse,2022-12-15 21:00:10+00:00,19804,16442,368,70,False,0.0266390950006082,330.1,180_plus,2022,2022-12,1207,13.62
tmXD_dLzexI,UCiER8p540j2SosO7OX7E0VA,Legends of Avantris,large,Once Upon a Witchlight Ep. 14 | Feywild D&D Campaign | Sashay Away,2022-12-13 22:00:11+00:00,8623,664253,18042,1144,False,0.028883572975959462,143.7,120_to_180,2022,2022-12,1209,549.42
zdT90PC3UtQ,UCiER8p540j2SosO7OX7E0VA,Legends of Avantris,large,Beneath Dark Wings Ep. 35 | Epic Homebrew D&D Campaign | High Treason,2022-12-06 21:00:20+00:00,23310,14202,336,47,False,0.026968032671454725,388.5,180_plus,2022,2022-12,1216,11.68
kWGNfCnKc34,UCiER8p540j2SosO7OX7E0VA,Legends of Avantris,large,Beneath Dark Wings Ep. 34 | Epic Homebrew D&D Campaign | Fallen Angel,2022-11-29 21:00:19+00:00,19539,12726,327,70,False,0.031195976740531196,325.6,180_plus,2022,2022-11,1223,10.41
bRYQnyXZAGs,UCiER8p540j2SosO7OX7E0VA,Legends of Avantris,large,Beneath Dark Wings Ep. 33 | Epic Homebrew D&D Campaign | Memories Unmasked,2022-11-24 21:00:16+00:00,27668,16476,372,106,False,0.02901189609128429,461.1,180_plus,2022,2022-11,1228,13.42
RzjXoRpIfDk,UCiER8p540j2SosO7OX7E0VA,Legends of Avantris,large,Once Upon a Witchlight Ep. 13 | Feywild D&D Campaign | An Elf for All Seasons,2022-11-20 20:00:10+00:00,8010,662291,15968,915,False,0.02549181553123929,133.5,120_to_180,2022,2022-11,1232,537.57
awOnN9i6TDM,UCiER8p540j2SosO7OX7E0VA,Legends of Avantris,large,Icebound Ep. 12 | Hardcore Survival D&D | Host & Hostility,2022-11-18 20:00:00+00:00,11235,122608,2786,270,False,0.024924964113271563,187.2,180_plus,2022,2022-11,1234,99.36
hSsQU_GpUrw,UCiER8p540j2SosO7OX7E0VA,Legends of Avantris,large,Beneath Dark Wings Ep. 32 | Epic Homebrew D&D Campaign | Slave to the Power of Death,2022-11-16 21:00:30+00:00,23273,14043,344,58,False,0.028626361888485368,387.9,180_plus,2022,2022-11,1236,11.36
GCS70cK_dgs,UCiER8p540j2SosO7OX7E0VA,Legends of Avantris,large,Once Upon a Witchlight Ep. 12 | Feywild D&D Campaign | Tunnel of Terror,2022-11-14 20:00:06+00:00,7510,689192,16551,896,False,0.02531515165585207,125.2,120_to_180,2022,2022-11,1238,556.7
h9ApgT0YF6Y,UCiER8p540j2SosO7OX7E0VA,Legends of Avantris,large,Beneath Dark Wings Ep. 31 | Epic Homebrew D&D Campaign | Tomb of Kings,2022-11-08 22:00:32+00:00,22851,15477,365,60,False,0.02746010208696776,380.8,180_plus,2022,2022-11,1244,12.44
aMGRKYL0pjI,UCiER8p540j2SosO7OX7E0VA,Legends of Avantris,large,Once Upon a Witchlight Ep. 11 | Feywild D&D Campaign | The Pixie Dust Plot,2022-11-06 20:00:00+00:00,7767,749736,18056,940,False,0.02533691859534556,129.4,120_to_180,2022,2022-11,1246,601.71
sLwzutlsUgc,UCiER8p540j2SosO7OX7E0VA,Legends of Avantris,large,Once Upon a Witchlight Ep. 10 | Feywild D&D Campaign | Raucous Revelry,2022-10-31 21:00:24+00:00,8393,891115,21466,1198,False,0.025433305465624525,139.9,120_to_180,2022,2022-10,1252,711.75
TLFOzG_GyvY,UCiER8p540j2SosO7OX7E0VA,Legends of Avantris,large,Once Upon a Witchlight Ep. 9 | Feywild D&D Campaign | When the Wagon's a Rockin',2022-10-23 20:00:09+00:00,9610,1039837,24137,1543,False,0.024696178343336504,160.2,120_to_180,2022,2022-10,1260,825.27
WxLNDG1fKlk,UCiER8p540j2SosO7OX7E0VA,Legends of Avantris,large,Once Upon a Witchlight Ep. 8 | Feywild D&D Campaign | At a Snail's Race,2022-10-19 21:16:51+00:00,9794,1032537,24827,1316,False,0.02531918953025412,163.2,120_to_180,2022,2022-10,1264,816.88
1CZccnJNdqk,UCiER8p540j2SosO7OX7E0VA,Legends of Avantris,large,Beneath Dark Wings Ep. 30 | Epic Homebrew D&D Campaign | Animal Antics,2022-10-17 20:00:00+00:00,27247,17403,391,95,False,0.02792621961730736,454.1,180_plus,2022,2022-10,1266,13.75
EFqxk5yKJ4c,UCiER8p540j2SosO7OX7E0VA,Legends of Avantris,large,Once Upon a Witchlight Ep. 7 | Feywild D&D Campaign | Tainted Love,2022-10-16 18:00:09+00:00,8535,1011455,25531,1067,False,0.02629677049399133,142.2,120_to_180,2022,2022-10,1267,798.31
6QWWHZywbk8,UCiER8p540j2SosO7OX7E0VA,Legends of Avantris,large,Once Upon a Witchlight Ep. 6 | Feywild D&D Campaign | Guys' Night,2022-10-12 21:00:02+00:00,9366,1301305,33065,1650,False,0.026677066483261035,156.1,120_to_180,2022,2022-10,1271,1023.84
sVR5fqP0o1k,UCiER8p540j2SosO7OX7E0VA,Legends of Avantris,large,Beneath Dark Wings Ep. 29 | Epic Homebrew D&D Campaign | Land of the Lost Horizon,2022-10-10 20:00:17+00:00,23096,15763,379,72,False,0.028611304954640614,384.9,180_plus,2022,2022-10,1273,12.38
uNguG84nu40,UCiER8p540j2SosO7OX7E0VA,Legends of Avantris,large,Once Upon a Witchlight Ep. 5 | Feywild D&D Campaign | Big Top Bop,2022-10-08 18:33:59+00:00,10996,1519866,32408,1753,False,0.02247632357063057,183.3,180_plus,2022,2022-10,1275,1192.05
lqApKklqtYY,UCiER8p540j2SosO7OX7E0VA,Legends of Avantris,large,Once Upon a Witchlight Ep. 4 | Feywild D&D Campaign | Lose Your Illusion,2022-10-04 21:00:31+00:00,9180,1621347,35653,1329,False,0.02280942944354293,153.0,120_to_180,2022,2022-10,1279,1267.67
R2YGWE72x6c,UCiER8p540j2SosO7OX7E0VA,Legends of Avantris,large,Beneath Dark Wings Ep. 28 | Epic Homebrew D&D Campaign | Children of the Damned,2022-10-03 20:00:08+00:00,29439,18173,435,98,False,0.029329224673966873,490.6,180_plus,2022,2022-10,1280,14.2
Ydznvfy4yxM,UCiER8p540j2SosO7OX7E0VA,Legends of Avantris,large,Once Upon a Witchlight Ep. 3 | Feywild D&D Campaign | Let Them Eat Cake,2022-09-30 21:00:28+00:00,7865,1750925,41115,1498,False,0.024337421648557192,131.1,120_to_180,2022,2022-09,1283,1364.71
7O8vmSeZUb8,UCiER8p540j2SosO7OX7E0VA,Legends of Avantris,large,Once Upon a Witchlight Ep. 2 | Feywild D&D Campaign | Requiem for a Clown,2022-09-27 21:00:03+00:00,9581,2839973,64452,2896,False,0.023714309959989056,159.7,120_to_180,2022,2022-09,1286,2208.38
W20hLyExDiw,UCiER8p540j2SosO7OX7E0VA,Legends of Avantris,large,Beneath Dark Wings Ep. 27 | Epic Homebrew D&D Campaign | Temple of Gloom,2022-09-26 20:00:13+00:00,26319,17557,400,103,False,0.028649541493421426,438.6,180_plus,2022,2022-09,1287,13.64
YJzIPmsxxQY,UCiER8p540j2SosO7OX7E0VA,Legends of Avantris,large,Once Upon a Witchlight Ep. 1 | Feywild D&D Campaign | Circus to Circus,2022-09-23 22:15:27+00:00,11170,9184710,204273,7483,False,0.02305527338369965,186.2,180_plus,2022,2022-09,1290,7119.93
zww1P85-q7A,UCiER8p540j2SosO7OX7E0VA,Legends of Avantris,large,Icebound Ep. 11 | Hardcore Survival D&D | Tree of Life,2022-09-12 17:26:41+00:00,13190,169634,3245,269,False,0.02071518681396418,219.8,180_plus,2022,2022-09,1301,130.39
9myrHqB9ES0,UCiER8p540j2SosO7OX7E0VA,Legends of Avantris,large,Icebound Ep. 10 | Hardcore Survival D&D | Midwinter,2022-09-05 17:00:05+00:00,16021,136341,3411,314,False,0.027321201986196374,267.0,180_plus,2022,2022-09,1308,104.24
7Nd9ofnyEBY,UCiER8p540j2SosO7OX7E0VA,Legends of Avantris,large,Icebound Ep. 9 | Hardcore Survival D&D | Fear Overwhelming,2022-08-29 17:00:03+00:00,14737,121057,3375,419,False,0.03134060814327135,245.6,180_plus,2022,2022-08,1315,92.06
UgPpop7tu04,UCiER8p540j2SosO7OX7E0VA,Legends of Avantris,large,Icebound Ep. 8 | Hardcore Survival D&D | Cabin Fever,2022-08-22 18:00:16+00:00,10157,114308,3144,252,False,0.029709206704692584,169.3,120_to_180,2022,2022-08,1322,86.47
cb1iJyPHofM,UCiER8p540j2SosO7OX7E0VA,Legends of Avantris,large,Icebound Ep. 7 | Hardcore Survival D&D | The Freezing Darkness,2022-08-09 17:58:31+00:00,12421,152556,3751,399,False,0.027203125409685624,207.0,180_plus,2022,2022-08,1335,114.27
tGIR8CRFqX8,UCiER8p540j2SosO7OX7E0VA,Legends of Avantris,large,Icebound Ep. 6 | Hardcore Survival D&D | Steel & Silence,2022-08-01 18:00:16+00:00,13761,223233,4130,345,False,0.0200463193165885,229.4,180_plus,2022,2022-08,1343,166.22
esCOF2f4AOE,UCiER8p540j2SosO7OX7E0VA,Legends of Avantris,large,Icebound Ep. 5 | Hardcore Survival D&D | The Rest of Your Life,2022-07-25 18:00:11+00:00,16534,188585,4708,371,False,0.02693215261022881,275.6,180_plus,2022,2022-07,1350,139.69
sk_yYFIyQwU,UCiER8p540j2SosO7OX7E0VA,Legends of Avantris,large,Icebound Ep. 4 | Hardcore Survival D&D | Fire & Food,2022-07-18 19:00:16+00:00,15210,188600,4472,352,False,0.0255779427359491,253.5,180_plus,2022,2022-07,1357,138.98
BKy3yXZ0NMQ,UCiER8p540j2SosO7OX7E0VA,Legends of Avantris,large,Icebound Ep. 3 | Hardcore Survival D&D | Unblinking,2022-07-12 18:00:06+00:00,16360,227298,4925,343,False,0.02317662275954914,272.7,180_plus,2022,2022-07,1363,166.76
GB1rrDKvRKw,UCiER8p540j2SosO7OX7E0VA,Legends of Avantris,large,Icebound Ep. 2 | Hardcore Survival D&D | Dire Straits,2022-07-04 19:00:08+00:00,15550,274683,5943,382,False,0.02302654332448677,259.2,180_plus,2022,2022-07,1371,200.35
cQer66-T8pc,UCiER8p540j2SosO7OX7E0VA,Legends of Avantris,large,Icebound Ep. 1 | Hardcore Survival D&D | The Southward Gambit,2022-06-27 19:00:11+00:00,17993,855178,17732,894,False,0.021780260951521205,299.9,180_plus,2022,2022-06,1378,620.59
Q3qJtunEZds,UCiER8p540j2SosO7OX7E0VA,Legends of Avantris,large,Curse of Strahdanya - Ep. 1 | Character Intros | Come Wayward Souls [Podcast Version],2022-06-14 18:00:09+00:00,1245,69568,1812,63,False,0.026952046918123276,20.8,under_60,2022,2022-06,1391,50.01
iNU8zcP0WwI,UCiER8p540j2SosO7OX7E0VA,Legends of Avantris,large,Edge of Midnight Ep. 19 | Folk Horror D&D Campaign | Turned to Sin,2022-05-19 14:30:07+00:00,12771,86582,1859,181,False,0.023561479291307662,212.8,180_plus,2022,2022-05,1417,61.1
Ve2TvvGuh8s,UCiER8p540j2SosO7OX7E0VA,Legends of Avantris,large,Edge of Midnight Ep. 18 | Folk Horror D&D Campaign | Revelations,2022-05-12 14:30:06+00:00,10054,54419,1698,159,False,0.03412411106415039,167.6,120_to_180,2022,2022-05,1424,38.22
xe5G71_Gcg8,UCiER8p540j2SosO7OX7E0VA,Legends of Avantris,large,Edge of Midnight Ep. 17 | Folk Horror D&D Campaign | Haunting Memories,2022-04-29 20:55:24+00:00,10717,60004,1856,124,False,0.03299780014665689,178.6,120_to_180,2022,2022-04,1437,41.76
NPp2VzL-QLs,UCiER8p540j2SosO7OX7E0VA,Legends of Avantris,large,Edge of Midnight Ep. 16 | Folk Horror D&D Campaign | Down the Rabbit Hole,2022-04-23 15:53:07+00:00,8258,52753,1783,113,False,0.03594108391939795,137.6,120_to_180,2022,2022-04,1443,36.56
pU2xEZKQld4,UCiER8p540j2SosO7OX7E0VA,Legends of Avantris,large,Edge of Midnight Ep. 15 | Folk Horror D&D Campaign | Pigeonholed,2022-04-14 14:55:22+00:00,9124,54697,1773,134,False,0.03486480062891932,152.1,120_to_180,2022,2022-04,1452,37.67
zLY7f6QgghQ,UCiER8p540j2SosO7OX7E0VA,Legends of Avantris,large,Edge of Midnight Ep. 14 | Folk Horror D&D Campaign | Not a Prisoner,2022-03-18 16:01:54+00:00,9966,59674,1861,186,False,0.03430304655293763,166.1,120_to_180,2022,2022-03,1479,40.35
8IpIo-oQRRg,UCiER8p540j2SosO7OX7E0VA,Legends of Avantris,large,Edge of Midnight Ep. 13 | Folk Horror D&D Campaign | The Bell Tolls For Thee,2022-03-14 14:33:38+00:00,10602,64090,1883,171,False,0.03204868154158215,176.7,120_to_180,2022,2022-03,1483,43.22
r3bZGZ9VcS8,UCiER8p540j2SosO7OX7E0VA,Legends of Avantris,large,Edge of Midnight Ep. 12 | Folk Horror D&D Campaign | Mass Hysteria,2022-03-08 16:12:33+00:00,9672,68463,1933,182,False,0.030892598922045485,161.2,120_to_180,2022,2022-03,1489,45.98
cEiNns0JdPU,UCiER8p540j2SosO7OX7E0VA,Legends of Avantris,large,Edge of Midnight Ep. 11 | Folk Horror D&D Campaign | Infested,2022-02-08 16:02:40+00:00,14033,140358,2266,270,False,0.018068083044785476,233.9,180_plus,2022,2022-02,1517,92.52
cYpX0lncsKM,UCiER8p540j2SosO7OX7E0VA,Legends of Avantris,large,Edge of Midnight Ep. 10 | Folk Horror D&D Campaign | Pound of Flesh,2022-01-31 16:34:35+00:00,11952,86195,1953,212,False,0.025117466210337027,199.2,180_plus,2022,2022-01,1525,56.52
zd7wsZ9INPg,UCiER8p540j2SosO7OX7E0VA,Legends of Avantris,large,Edge of Midnight Ep. 9 | Folk Horror D&D Campaign | Within Temptation,2022-01-25 17:01:22+00:00,10630,70563,2067,169,False,0.031687995124923825,177.2,120_to_180,2022,2022-01,1531,46.09
JkhKcWO6b_4,UCiER8p540j2SosO7OX7E0VA,Legends of Avantris,large,Beneath Dark Wings Ep. 25 | Epic Homebrew D&D Campaign | Hungry Like the Wolf,2022-01-02 15:30:05+00:00,23531,17643,394,88,False,0.02731961684520773,392.2,180_plus,2022,2022-01,1554,11.35
LjRLB7vC6fM,UCiER8p540j2SosO7OX7E0VA,Legends of Avantris,large,[Live D&D] Prime - Chapter 91 | Rain,2021-12-28 22:01:07+00:00,8549,15263,165,35,False,0.013103583830177554,142.5,120_to_180,2021,2021-12,1559,9.79
yzao7LqNRfY,UCiER8p540j2SosO7OX7E0VA,Legends of Avantris,large,A Very Feywild Holiday Special - Yuletide D&D Adventure,2021-12-21 17:33:52+00:00,12437,43816,720,40,False,0.017345262004747123,207.3,180_plus,2021,2021-12,1566,27.98
4jwBNpVvDec,UCiER8p540j2SosO7OX7E0VA,Legends of Avantris,large,[Live D&D] Prime - Chapter 90 | Blood Red Rose,2021-12-16 15:00:35+00:00,15297,5371,142,29,False,0.03183764662074102,255.0,180_plus,2021,2021-12,1571,3.42
izO3nqDOEfs,UCiER8p540j2SosO7OX7E0VA,Legends of Avantris,large,Edge of Midnight Ep. 8 | Folk Horror D&D Campaign | Gathered for the Feast,2021-12-14 21:58:31+00:00,11124,78374,2112,283,False,0.030558603618546967,185.4,180_plus,2021,2021-12,1573,49.82
w9GjGTx4UOA,UCiER8p540j2SosO7OX7E0VA,Legends of Avantris,large,[Live D&D] Prime - Chapter 89 | Fear of the Dark,2021-11-30 16:16:10+00:00,10775,3866,93,7,False,0.02586652871184687,179.6,120_to_180,2021,2021-11,1587,2.44
Hzsg0JGfi24,UCiER8p540j2SosO7OX7E0VA,Legends of Avantris,large,Edge of Midnight Ep. 7 | Folk Horror D&D Campaign | Judgement of Heaven,2021-11-19 20:01:20+00:00,9846,78903,2055,156,False,0.028021748222501044,164.1,120_to_180,2021,2021-11,1598,49.38
iODFh2irhx0,UCiER8p540j2SosO7OX7E0VA,Legends of Avantris,large,[D&D Musical] Prime - Chapter 88 | Song of Summer,2021-11-14 21:14:01+00:00,11682,4244,122,20,False,0.03345900094250707,194.7,180_plus,2021,2021-11,1603,2.65
JoQ-e3VD7UI,UCiER8p540j2SosO7OX7E0VA,Legends of Avantris,large,Edge of Midnight Ep. 6 | Folk Horror D&D Campaign | Hard Knock Life,2021-11-09 15:30:06+00:00,13337,135099,2359,222,False,0.01910450854558509,222.3,180_plus,2021,2021-11,1608,84.02
3qunqdwaJLw,UCiER8p540j2SosO7OX7E0VA,Legends of Avantris,large,Edge of Midnight Ep. 5 | Folk Horror D&D Campaign | Mob Rules,2021-11-06 14:30:01+00:00,13236,148046,2657,237,False,0.019547978331059264,220.6,180_plus,2021,2021-11,1611,91.9
cD2YFKJUVRA,UCiER8p540j2SosO7OX7E0VA,Legends of Avantris,large,Edge of Midnight Ep. 4 | Folk Horror D&D Campaign | Toys in the Attic,2021-11-03 14:30:11+00:00,14194,189412,3045,280,False,0.017554326019470785,236.6,180_plus,2021,2021-11,1614,117.36
j4bsjcZV660,UCiER8p540j2SosO7OX7E0VA,Legends of Avantris,large,Edge of Midnight Ep. 3 | Folk Horror D&D Campaign | Crooked,2021-10-27 22:06:16+00:00,12863,178786,3354,285,False,0.020353942702448738,214.4,180_plus,2021,2021-10,1621,110.29
hIzAErYKsWY,UCiER8p540j2SosO7OX7E0VA,Legends of Avantris,large,Edge of Midnight Ep. 2 | Folk Horror D&D Campaign | House of Lament,2021-10-20 14:30:08+00:00,10240,177731,3680,240,False,0.02205580343327838,170.7,120_to_180,2021,2021-10,1628,109.17
GsSGyk9nCxM,UCiER8p540j2SosO7OX7E0VA,Legends of Avantris,large,Edge of Midnight Ep. 1 | Folk Horror D&D Campaign | The Old Black Train,2021-10-11 18:40:56+00:00,9608,481800,9900,484,False,0.021552511415525114,160.1,120_to_180,2021,2021-10,1637,294.32
eDanz55HChM,UCiER8p540j2SosO7OX7E0VA,Legends of Avantris,large,[Live D&D] Prime - Chapter 87 | Fathoming the Depths,2021-10-06 14:30:05+00:00,11289,3596,108,9,False,0.03253615127919911,188.2,180_plus,2021,2021-10,1642,2.19
l3Gs9EQnrhw,UCiER8p540j2SosO7OX7E0VA,Legends of Avantris,large,[Live D&D] Prime - Chapter 86 | Bearly There,2021-09-30 21:17:31+00:00,9976,2975,102,16,False,0.03966386554621849,166.3,120_to_180,2021,2021-09,1648,1.81
SQrr0iYnFdg,UCiER8p540j2SosO7OX7E0VA,Legends of Avantris,large,[Live D&D] Prime - Chapter 85 | Seven,2021-09-24 17:52:19+00:00,12059,3819,99,13,False,0.029327048965697825,201.0,180_plus,2021,2021-09,1654,2.31
JOdcjqo_GV4,UCiER8p540j2SosO7OX7E0VA,Legends of Avantris,large,[Live D&D] Prime - Chapter 84 | Force of Nature | Homebrew Campaign,2021-09-20 20:39:35+00:00,12254,2960,95,17,False,0.03783783783783784,204.2,180_plus,2021,2021-09,1658,1.79
bKkCYgLrfSs,UCiER8p540j2SosO7OX7E0VA,Legends of Avantris,large,Beneath Dark Wings Ep. 24 | Epic Homebrew D&D Campaign | Loss of Innocence,2021-09-09 14:02:12+00:00,23466,17696,389,129,False,0.029272151898734177,391.1,180_plus,2021,2021-09,1669,10.6
MeM-QVsOLss,UCiER8p540j2SosO7OX7E0VA,Legends of Avantris,large,Beneath Dark Wings Ep. 23 | Epic Homebrew D&D Campaign | Valley of Shadow,2021-09-06 21:01:02+00:00,25416,18589,411,81,False,0.02646726558717521,423.6,180_plus,2021,2021-09,1672,11.12
alIiGF8dprw,UCiER8p540j2SosO7OX7E0VA,Legends of Avantris,large,[Actual Play] Prime - Chapter 83 | Crimson Dawn | Homebrew Campaign,2021-08-13 17:21:32+00:00,9374,2942,100,17,False,0.03976886471787899,156.2,120_to_180,2021,2021-08,1696,1.73
3JH_1QWl_Pg,UCiER8p540j2SosO7OX7E0VA,Legends of Avantris,large,[Actual Play] Prime - Chapter 82 | Fairy Tale | Homebrew Campaign,2021-08-12 14:30:02+00:00,9437,2882,91,11,False,0.03539208882720333,157.3,120_to_180,2021,2021-08,1697,1.7
e5LKf_x7Xgo,UCiER8p540j2SosO7OX7E0VA,Legends of Avantris,large,[Actual Play] Prime - Chapter 81 | Root of Corruption | Homebrew Campaign,2021-07-20 14:30:06+00:00,11488,2746,95,18,False,0.04115076474872542,191.5,180_plus,2021,2021-07,1720,1.6
b0Vxaf9Ry6c,UCiER8p540j2SosO7OX7E0VA,Legends of Avantris,large,[Actual Play] Prime - Chapter 80 | Vault Breakers | Homebrew Campaign,2021-07-18 14:30:06+00:00,11989,3032,98,9,False,0.03529023746701847,199.8,180_plus,2021,2021-07,1722,1.76
FDu0Dv93Pag,UCiER8p540j2SosO7OX7E0VA,Legends of Avantris,large,[Actual Play] Prime - Chapter 79 | Thorn in the Flesh| Homebrew Campaign,2021-07-16 14:30:04+00:00,12754,3035,95,11,False,0.034925864909390446,212.6,180_plus,2021,2021-07,1724,1.76
B3RighN8Qeg,UCiER8p540j2SosO7OX7E0VA,Legends of Avantris,large,[Actual Play] Prime - Chapter 78 | The Hunter's Call | Homebrew Campaign,2021-07-14 14:30:01+00:00,12369,3315,108,12,False,0.03619909502262444,206.2,180_plus,2021,2021-07,1726,1.92
EZkvHYnG3z8,UCiER8p540j2SosO7OX7E0VA,Legends of Avantris,large,Beneath Dark Wings Ep. 22 | Epic Homebrew D&D Campaign | Beyond the Gilded Cage,2021-07-12 14:30:02+00:00,23642,17325,434,71,False,0.02914862914862915,394.0,180_plus,2021,2021-07,1728,10.03
_1Sp8ZjsNhc,UCiER8p540j2SosO7OX7E0VA,Legends of Avantris,large,[Actual Play] Prime - Chapter 77 | Not Out of the Woods| Homebrew Campaign,2021-07-10 14:30:04+00:00,9439,2841,98,5,False,0.03625483984512495,157.3,120_to_180,2021,2021-07,1730,1.64
QDpVxqGyXUk,UCiER8p540j2SosO7OX7E0VA,Legends of Avantris,large,Beneath Dark Wings Ep. 21 | Epic Homebrew D&D Campaign | Dream of Mirrors,2021-07-08 14:30:05+00:00,25543,17835,401,85,False,0.027249789739276702,425.7,180_plus,2021,2021-07,1732,10.3
ghL1xb4IgQM,UCiER8p540j2SosO7OX7E0VA,Legends of Avantris,large,[Live D&D] Prime - Chapter 76 | Aftershocks,2021-07-06 14:30:04+00:00,12394,3187,94,9,False,0.032318795105114526,206.6,180_plus,2021,2021-07,1734,1.84
fuGWOzDYYG4,UCiER8p540j2SosO7OX7E0VA,Legends of Avantris,large,Beneath Dark Wings Ep. 20 | Epic Homebrew D&D Campaign | Roar of the Bull,2021-07-02 14:30:05+00:00,28788,21698,446,93,False,0.024840999170430453,479.8,180_plus,2021,2021-07,1738,12.48
f9Fgg9qatl0,UCiER8p540j2SosO7OX7E0VA,Legends of Avantris,large,[Live D&D] Prime - Chapter 75 | Shades of Violet | Homebrew Campaign,2021-06-09 17:29:22+00:00,12578,3678,113,18,False,0.03561718325176726,209.6,180_plus,2021,2021-06,1761,2.09
UGBORgfAZ-8,UCiER8p540j2SosO7OX7E0VA,Legends of Avantris,large,[Live D&D] Prime - Chapter 74 | Phoenix Rising | Homebrew Campaign,2021-05-25 14:30:03+00:00,11990,2960,114,23,False,0.04628378378378378,199.8,180_plus,2021,2021-05,1776,1.67
y-c8nogNUGU,UCiER8p540j2SosO7OX7E0VA,Legends of Avantris,large,[Live D&D] Prime - Chapter 73 | No Longer Slaves | Homebrew Campaign,2021-05-22 20:07:56+00:00,8981,2846,99,16,False,0.040407589599437806,149.7,120_to_180,2021,2021-05,1779,1.6
tscz23inWuE,UCiER8p540j2SosO7OX7E0VA,Legends of Avantris,large,[Live D&D] Prime - Chapter 72 | Unshackled,2021-05-11 00:14:10+00:00,12740,3091,105,18,False,0.03979294726625687,212.3,180_plus,2021,2021-05,1791,1.73
Ttm8gJNJbQk,UCiER8p540j2SosO7OX7E0VA,Legends of Avantris,large,[Live D&D] Prime - Chapter 71 | Secret Tunnel,2021-05-07 20:17:58+00:00,10367,3107,101,16,False,0.03765690376569038,172.8,120_to_180,2021,2021-05,1794,1.73
PzaX7LXOiyo,UCiER8p540j2SosO7OX7E0VA,Legends of Avantris,large,[Live D&D] Prime - Chapter 70 | Where There's Smoke,2021-05-05 23:02:58+00:00,11602,3323,116,10,False,0.037917544387601566,193.4,180_plus,2021,2021-05,1796,1.85
8Kvy4G9saBI,UCiER8p540j2SosO7OX7E0VA,Legends of Avantris,large,[Live D&D] Prime - Chapter 69 | Respect and Revelry,2021-05-02 20:32:53+00:00,8359,3365,108,11,False,0.03536404160475483,139.3,120_to_180,2021,2021-05,1799,1.87
2Wmg_IG1ChA,UCiER8p540j2SosO7OX7E0VA,Legends of Avantris,large,[Live D&D] Prime - Chapter 68 | Jarring Memories,2021-04-29 18:15:02+00:00,11042,7848,140,17,False,0.020005096839959224,184.0,180_plus,2021,2021-04,1802,4.36
rY-cJXlhdU8,UCiER8p540j2SosO7OX7E0VA,Legends of Avantris,large,Beneath Dark Wings Ep. 19 | Epic Homebrew D&D Campaign | The Webs They Weave,2021-04-15 20:09:54+00:00,24332,19798,430,77,False,0.02560864733811496,405.5,180_plus,2021,2021-04,1816,10.9
6-W0ZeIH_5k,UCiER8p540j2SosO7OX7E0VA,Legends of Avantris,large,Beneath Dark Wings Ep. 18 | Epic Homebrew D&D Campaign | Unnatural Law,2021-04-13 15:04:42+00:00,29280,22248,516,100,False,0.027687882056814096,488.0,180_plus,2021,2021-04,1818,12.24
ARj7Lw69Cc8,UCiER8p540j2SosO7OX7E0VA,Legends of Avantris,large,Beneath Dark Wings Ep. 17 | Epic Homebrew D&D Campaign | The Pass,2021-04-08 19:00:04+00:00,21847,18057,404,60,False,0.025696405825995458,364.1,180_plus,2021,2021-04,1823,9.91
hUMy7P7g-DA,UCiER8p540j2SosO7OX7E0VA,Legends of Avantris,large,Beneath Dark Wings Ep. 16 | Epic Homebrew D&D Campaign | Paradise Lost,2021-04-05 18:13:13+00:00,21333,18789,420,79,False,0.026558092500931395,355.6,180_plus,2021,2021-04,1826,10.29
qznp-pzHco4,UCiER8p540j2SosO7OX7E0VA,Legends of Avantris,large,Beneath Dark Wings Ep. 15 | Epic Homebrew D&D Campaign | The Way the Wind Blows,2021-03-22 15:06:32+00:00,21368,19029,472,62,False,0.028062431026328237,356.1,180_plus,2021,2021-03,1840,10.34
5C2_RTyA960,UCiER8p540j2SosO7OX7E0VA,Legends of Avantris,large,Beneath Dark Wings Ep. 14 | Epic Homebrew D&D Campaign | Timeless Tales,2020-11-13 20:52:03+00:00,21357,19693,496,93,False,0.02990910475803585,356.0,180_plus,2020,2020-11,1969,10.0
wPMHJk6pMiE,UCiER8p540j2SosO7OX7E0VA,Legends of Avantris,large,Beneath Dark Wings Ep. 13 | Epic Homebrew D&D Campaign | Eruption,2020-11-10 22:00:10+00:00,23583,22491,463,63,False,0.02338713263083011,393.0,180_plus,2020,2020-11,1972,11.41
NnlQNXyvgxA,UCiER8p540j2SosO7OX7E0VA,Legends of Avantris,large,Curse of Strahd - Chapter 21 [Finale] | Blood Moon [D&D 5e],2020-11-03 21:00:11+00:00,27452,42660,996,253,False,0.029278012189404595,457.5,180_plus,2020,2020-11,1979,21.56
sz5bUY5I6jI,UCiER8p540j2SosO7OX7E0VA,Legends of Avantris,large,Curse of Strahd - Chapter 20 | Lament of the Damned [D&D 5e],2020-10-29 20:56:05+00:00,23131,24600,594,68,False,0.026910569105691055,385.5,180_plus,2020,2020-10,1984,12.4
UKjRMmQsZTk,UCiER8p540j2SosO7OX7E0VA,Legends of Avantris,large,Curse of Strahd - Chapter 19 | The Devil Cried [D&D 5e],2020-10-16 22:00:09+00:00,19548,22920,637,105,False,0.03237347294938918,325.8,180_plus,2020,2020-10,1997,11.48
F6_Y93VY-3w,UCiER8p540j2SosO7OX7E0VA,Legends of Avantris,large,Curse of Strahd - Chapter 18 | The Thin Line Between Love and Hate [D&D 5e],2020-10-09 22:00:11+00:00,21299,26201,705,102,False,0.0308003511316362,355.0,180_plus,2020,2020-10,2004,13.07
EX6murOtB64,UCiER8p540j2SosO7OX7E0VA,Legends of Avantris,large,Curse of Strahd - Chapter 17 | Malediction [D&D 5e],2020-04-04 18:00:11+00:00,20056,26209,682,118,False,0.0305238658476096,334.3,180_plus,2020,2020-04,2192,11.96
kcrMwkI2Or8,UCiER8p540j2SosO7OX7E0VA,Legends of Avantris,large,Curse of Strahd - Chapter 16 | Creatures of the Night [D&D 5e],2020-03-13 20:19:12+00:00,20535,28338,681,100,False,0.02756016656080175,342.2,180_plus,2020,2020-03,2214,12.8
0sHBp8wamAQ,UCiER8p540j2SosO7OX7E0VA,Legends of Avantris,large,League of Legends D&D One-Shot | Heart's Desire - A Bilgewater Tale,2020-03-01 19:30:01+00:00,17000,22867,682,59,False,0.03240477544059125,283.3,180_plus,2020,2020-03,2226,10.27
ezMAbbTdALM,UCiER8p540j2SosO7OX7E0VA,Legends of Avantris,large,Curse of Strahd - Chapter 15 | Something Wicked [D&D 5e],2020-02-21 18:31:24+00:00,25518,29768,708,167,False,0.029393980112872885,425.3,180_plus,2020,2020-02,2235,13.32
rnVXEUjQe4o,UCiER8p540j2SosO7OX7E0VA,Legends of Avantris,large,Curse of Strahd - Chapter 14 | Cradle to Grave [D&D 5e],2020-02-04 17:15:20+00:00,15874,22946,642,73,False,0.0311601150527325,264.6,180_plus,2020,2020-02,2252,10.19
1vmsYhu0zTc,UCiER8p540j2SosO7OX7E0VA,Legends of Avantris,large,Curse of Strahd - Chapter 13 | Mother's Malice [D&D 5e],2020-01-22 18:30:01+00:00,20747,28154,742,107,False,0.030155572920366556,345.8,180_plus,2020,2020-01,2265,12.43
WRwR-cwfFGM,UCiER8p540j2SosO7OX7E0VA,Legends of Avantris,large,Curse of Strahd - Chapter 12 | Tomb of Sorrows [D&D 5e],2020-01-09 16:31:48+00:00,16318,25720,718,110,False,0.03219284603421462,272.0,180_plus,2020,2020-01,2278,11.29
gpjuCq_FUwM,UCiER8p540j2SosO7OX7E0VA,Legends of Avantris,large,[Finale] Root RPG - Episode 9 | Heart of Darkness,2019-12-30 18:51:38+00:00,10319,61889,1237,71,False,0.021134611966585337,172.0,120_to_180,2019,2019-12,2288,27.05
JYbaMPYvvGs,UCiER8p540j2SosO7OX7E0VA,Legends of Avantris,large,Curse of Strahd - Chapter 11 | Prayer for the Dying [D&D 5e],2019-12-28 04:08:39+00:00,24554,34420,847,191,False,0.030156885531667635,409.2,180_plus,2019,2019-12,2290,15.03
30uB-5qTHqQ,UCiER8p540j2SosO7OX7E0VA,Legends of Avantris,large,Curse of Strahd - Chapter 10 | End of All Hope [D&D 5e],2019-11-12 19:30:01+00:00,23783,35947,845,137,False,0.027317995938464963,396.4,180_plus,2019,2019-11,2336,15.39
whUO7sFe_qs,UCiER8p540j2SosO7OX7E0VA,Legends of Avantris,large,Curse of Strahd - Chapter 9 | Among Monsters [D&D 5e],2019-11-07 21:56:44+00:00,22843,36976,821,121,False,0.025475984422327996,380.7,180_plus,2019,2019-11,2341,15.79
JJBzOA_fkvE,UCiER8p540j2SosO7OX7E0VA,Legends of Avantris,large,Root RPG - Episode 8 | Dramatic Fanatics,2019-10-26 03:41:48+00:00,11530,50046,1023,67,False,0.021779962434560204,192.2,180_plus,2019,2019-10,2353,21.27
s9IBS60dSrY,UCiER8p540j2SosO7OX7E0VA,Legends of Avantris,large,Curse of Strahd - Chapter 8 | Fallen From Grace [D&D 5e],2019-10-24 22:43:30+00:00,18164,33875,852,125,False,0.028841328413284132,302.7,180_plus,2019,2019-10,2355,14.38
CYBwWIPMhfA,UCiER8p540j2SosO7OX7E0VA,Legends of Avantris,large,Beneath Dark Wings Ep. 10 | Epic Homebrew D&D Campaign | The Sound of Thunder,2019-10-11 14:23:17+00:00,28741,27924,569,104,False,0.024101131643031085,479.0,180_plus,2019,2019-10,2368,11.79
G9nyNDc29Tc,UCiER8p540j2SosO7OX7E0VA,Legends of Avantris,large,Root RPG - Episode 7 | Bayou Boogie,2019-10-05 17:30:00+00:00,10358,49325,1126,90,False,0.024652812975164723,172.6,120_to_180,2019,2019-10,2374,20.78
GEJpkqn4co8,UCiER8p540j2SosO7OX7E0VA,Legends of Avantris,large,Curse of Strahdanya Ep. 7 | Gothic Horror D&D | Creeping Rot,2019-10-04 17:30:00+00:00,26107,49983,1043,189,False,0.02464838044935278,435.1,180_plus,2019,2019-10,2375,21.05
LDnt1KrUbUA,UCiER8p540j2SosO7OX7E0VA,Legends of Avantris,large,Curse of Strahdanya Ep. 6 | Gothic Horror D&D | The Raven Child,2019-10-03 17:30:00+00:00,22215,47335,1073,127,False,0.02535122002746382,370.2,180_plus,2019,2019-10,2376,19.92
DshmHB4UIy4,UCiER8p540j2SosO7OX7E0VA,Legends of Avantris,large,Root RPG - Episode 6 | Muck and Clams,2019-10-02 17:18:53+00:00,11989,59998,1197,55,False,0.02086736224540818,199.8,180_plus,2019,2019-10,2377,25.24
3-reMesA4s0,UCiER8p540j2SosO7OX7E0VA,Legends of Avantris,large,Curse of Strahdanya Ep. 5 | Gothic Horror D&D | Widow's Watch,2019-10-01 18:32:18+00:00,19193,48128,1074,138,False,0.02518284574468085,319.9,180_plus,2019,2019-10,2378,20.24
ok2KU0azS4g,UCiER8p540j2SosO7OX7E0VA,Legends of Avantris,large,Root RPG - Episode 5 | Whispers on the Wings,2019-09-30 21:58:08+00:00,12008,65416,1361,75,False,0.02195181606946313,200.1,180_plus,2019,2019-09,2379,27.5
JMLnAW6Ykxc,UCiER8p540j2SosO7OX7E0VA,Legends of Avantris,large,Curse of Strahdanya Ep. 4 | Gothic Horror D&D | Phantasmagoria,2019-09-26 16:35:01+00:00,23739,65289,1257,198,False,0.0222855304875247,395.6,180_plus,2019,2019-09,2383,27.4
mKAznwcRdew,UCiER8p540j2SosO7OX7E0VA,Legends of Avantris,large,Curse of Strahdanya Ep. 3 | Gothic Horror D&D | Suffer the Little Children,2019-09-24 22:57:25+00:00,28843,90351,1551,246,False,0.019889099179865193,480.7,180_plus,2019,2019-09,2385,37.88
frwrE5yjF-I,UCiER8p540j2SosO7OX7E0VA,Legends of Avantris,large,Curse of Strahdanya Ep. 2 | Gothic Horror D&D | Sins of the Father,2019-09-24 16:27:32+00:00,21240,100466,1849,202,False,0.02041486672107977,354.0,180_plus,2019,2019-09,2385,42.12
QJYARuu9SvY,UCiER8p540j2SosO7OX7E0VA,Legends of Avantris,large,Root RPG - Episode 4 | Taxation and Theft,2019-09-19 15:21:44+00:00,11266,69976,1484,71,False,0.022221904653023893,187.8,180_plus,2019,2019-09,2390,29.28
oas3jXR9VFE,UCiER8p540j2SosO7OX7E0VA,Legends of Avantris,large,Root RPG - Episode 3 | Bloody Negotiations,2019-09-17 20:13:10+00:00,11575,84672,1796,80,False,0.022156084656084655,192.9,180_plus,2019,2019-09,2392,35.4
6aEtyV5TO9M,UCiER8p540j2SosO7OX7E0VA,Legends of Avantris,large,Root RPG - Episode 2 | Mines of Madness,2019-09-17 01:05:40+00:00,11626,120877,2388,103,False,0.02060772520826956,193.8,180_plus,2019,2019-09,2393,50.51
jw9DWXFG2L4,UCiER8p540j2SosO7OX7E0VA,Legends of Avantris,large,Beneath Dark Wings Ep. 12 | Epic Homebrew D&D Campaign | Executive Power,2019-09-04 17:30:00+00:00,25617,23553,481,75,False,0.023606334649513862,427.0,180_plus,2019,2019-09,2405,9.79
a6gqwJQLQpc,UCiER8p540j2SosO7OX7E0VA,Legends of Avantris,large,Beneath Dark Wings Ep. 11 | Epic Homebrew D&D Campaign | Hoot and Holler,2019-09-01 17:30:01+00:00,25647,23405,519,104,False,0.02661824396496475,427.4,180_plus,2019,2019-09,2408,9.72
Z8S_88uKGjw,UCiER8p540j2SosO7OX7E0VA,Legends of Avantris,large,Reflection | Prime - Chapter 67,2019-08-30 17:30:00+00:00,12712,5037,122,10,False,0.026206075044669448,211.9,180_plus,2019,2019-08,2410,2.09
H_bfLrcCmrE,UCiER8p540j2SosO7OX7E0VA,Legends of Avantris,large,Root RPG - Episode 1 | Into the Woods,2019-08-27 19:27:08+00:00,12108,613227,10761,383,False,0.018172715813230662,201.8,180_plus,2019,2019-08,2413,254.13
A0E42G3Eh5U,UCiER8p540j2SosO7OX7E0VA,Legends of Avantris,large,The Great Divide | Prime - Chapter 66,2019-08-26 04:49:12+00:00,14971,3776,115,19,False,0.03548728813559322,249.5,180_plus,2019,2019-08,2414,1.56
xwekuvL6XA4,UCiER8p540j2SosO7OX7E0VA,Legends of Avantris,large,Curse of Strahdanya Ep. 1 | Gothic Horror D&D | Death House,2019-08-24 00:37:42+00:00,32208,310434,6132,482,False,0.021305655952634055,536.8,180_plus,2019,2019-08,2417,128.44
_lBVVAo8Y38,UCiER8p540j2SosO7OX7E0VA,Legends of Avantris,large,Curse of Strahdanya - Prologue | Gothic Horror D&D | The Doomed Expedition,2019-08-24 00:28:07+00:00,11262,295912,5080,395,False,0.01850212225256157,187.7,180_plus,2019,2019-08,2417,122.43
t3HmWJ1cKVA,UCiER8p540j2SosO7OX7E0VA,Legends of Avantris,large,Closer to the Heart | Prime - Chapter 65,2019-07-21 19:30:01+00:00,12376,3177,115,15,False,0.04091910607491344,206.3,180_plus,2019,2019-07,2450,1.3
R1pR-3v9dyM,UCiER8p540j2SosO7OX7E0VA,Legends of Avantris,large,Beneath Dark Wings Ep. 9 | Epic Homebrew D&D Campaign | The Final Sacrifice,2019-07-15 18:15:10+00:00,30870,27152,626,112,False,0.027180318208603418,514.5,180_plus,2019,2019-07,2456,11.06
DsCch2Z-UPA,UCiER8p540j2SosO7OX7E0VA,Legends of Avantris,large,Beneath Dark Wings Ep. 8 | Epic Homebrew D&D Campaign | Beast in the Machine,2019-07-12 23:05:49+00:00,30574,30085,600,74,False,0.022403190958949642,509.6,180_plus,2019,2019-07,2459,12.23
XChQaCsMh_A,UCiER8p540j2SosO7OX7E0VA,Legends of Avantris,large,A Burning Grudge | Prime - Chapter 64,2019-07-08 18:30:00+00:00,10165,2873,110,10,False,0.041768186564566656,169.4,120_to_180,2019,2019-07,2463,1.17
JPTXyrxLTNE,UCiER8p540j2SosO7OX7E0VA,Legends of Avantris,large,The Mighty Trunks: Chapter 4 | D&D 5e All-Loxodon Underdog Story,2019-07-06 18:30:02+00:00,13716,5176,197,30,False,0.04385625965996909,228.6,180_plus,2019,2019-07,2465,2.1
wqhjnWyvcAo,UCiER8p540j2SosO7OX7E0VA,Legends of Avantris,large,The Mighty Trunks: Chapter 3 | D&D 5e All-Loxodon Underdog Story,2019-07-04 18:30:00+00:00,14409,5480,182,24,False,0.03759124087591241,240.2,180_plus,2019,2019-07,2467,2.22
nq1KlhlJoZs,UCiER8p540j2SosO7OX7E0VA,Legends of Avantris,large,Ashes to Ashes | Prime - Chapter 63,2019-07-02 04:00:02+00:00,11294,3137,109,12,False,0.0385718839655722,188.2,180_plus,2019,2019-07,2469,1.27
-4dggLSMte4,UCiER8p540j2SosO7OX7E0VA,Legends of Avantris,large,The Mighty Trunks: Chapter 2 | D&D 5e All-Loxodon Underdog Story,2019-06-30 18:30:01+00:00,13526,6405,214,26,False,0.03747072599531616,225.4,180_plus,2019,2019-06,2471,2.59
OTdgb9PxI7Y,UCiER8p540j2SosO7OX7E0VA,Legends of Avantris,large,The Mighty Trunks: Chapter 1 | D&D 5e All-Loxodon Underdog Story,2019-06-28 18:30:02+00:00,10896,14652,339,55,False,0.02689052689052689,181.6,180_plus,2019,2019-06,2473,5.92
jHBwJD4GNbQ,UCiER8p540j2SosO7OX7E0VA,Legends of Avantris,large,The Road Goes Ever On | Prime - Chapter 62,2019-06-26 18:30:00+00:00,12206,3242,113,14,False,0.0391733497840839,203.4,180_plus,2019,2019-06,2475,1.31
OBuorBGSGe0,UCiER8p540j2SosO7OX7E0VA,Legends of Avantris,large,Shadow Over Gauntsmouth | New Player D&D 5e One-Shot,2019-06-24 23:13:15+00:00,32186,16136,359,39,False,0.024665344571145265,536.4,180_plus,2019,2019-06,2477,6.51
Aqc49KT8_E4,UCiER8p540j2SosO7OX7E0VA,Legends of Avantris,large,Survive Until Dawn | D&D 5e All-Gnome One-Shot,2019-06-23 02:13:36+00:00,15707,8692,230,31,False,0.030027611596870684,261.8,180_plus,2019,2019-06,2479,3.51
fWv04wr5A-s,UCiER8p540j2SosO7OX7E0VA,Legends of Avantris,large,Life of the Party | Prime - Chapter 59,2019-06-18 00:45:17+00:00,11421,3234,127,12,False,0.04298082869511441,190.4,180_plus,2019,2019-06,2484,1.3
iHHKhd5dKkQ,UCiER8p540j2SosO7OX7E0VA,Legends of Avantris,large,Germination | Prime - Chapter 61,2019-06-11 18:30:01+00:00,10975,3141,114,11,False,0.03979624323463865,182.9,180_plus,2019,2019-06,2490,1.26
QIcnv1TD7ck,UCiER8p540j2SosO7OX7E0VA,Legends of Avantris,large,A Lion and Pony Show | Prime - Chapter 60,2019-06-09 21:52:46+00:00,12222,3844,122,13,False,0.035119667013527575,203.7,180_plus,2019,2019-06,2492,1.54
9N-QIqZwCq8,UCiER8p540j2SosO7OX7E0VA,Legends of Avantris,large,Out of the Shadows | Prime - Chapter 58,2019-05-08 18:00:01+00:00,14836,3447,127,13,False,0.040615027560197275,247.3,180_plus,2019,2019-05,2524,1.37
TpyscG25ik4,UCiER8p540j2SosO7OX7E0VA,Legends of Avantris,large,Boneyard Bebop | Prime - Chapter 57,2019-05-04 18:00:00+00:00,14298,3740,147,22,False,0.04518716577540107,238.3,180_plus,2019,2019-05,2528,1.48
ymbp_BIdumA,UCiER8p540j2SosO7OX7E0VA,Legends of Avantris,large,The Old Gray Mire | Prime - Chapter 56,2019-05-02 18:00:05+00:00,14541,3592,135,20,False,0.04315144766146993,242.4,180_plus,2019,2019-05,2530,1.42
iXhuWyd5x48,UCiER8p540j2SosO7OX7E0VA,Legends of Avantris,large,Devil's Due | Prime - Chapter 55,2019-04-16 17:09:19+00:00,13698,3929,138,12,False,0.03817765334690761,228.3,180_plus,2019,2019-04,2546,1.54
fFrPZAIE620,UCiER8p540j2SosO7OX7E0VA,Legends of Avantris,large,Beneath Dark Wings Ep. 7 | Epic Homebrew D&D Campaign | Lying Eyes,2019-04-02 23:30:00+00:00,28285,30397,631,72,False,0.023127282297595156,471.4,180_plus,2019,2019-04,2560,11.87
wps9WXZ5ckU,UCiER8p540j2SosO7OX7E0VA,Legends of Avantris,large,Beneath Dark Wings Ep. 6 | Epic Homebrew D&D Campaign | The Enemy Within,2019-04-02 01:31:22+00:00,28648,34065,693,107,False,0.02348451489798914,477.5,180_plus,2019,2019-04,2561,13.3
0mwICLZs_MA,UCiER8p540j2SosO7OX7E0VA,Legends of Avantris,large,Head in the Clouds | Prime - Chapter 54,2019-03-31 23:40:20+00:00,13193,3544,121,13,False,0.03781038374717833,219.9,180_plus,2019,2019-03,2562,1.38
TT2diiu7Lrw,UCiER8p540j2SosO7OX7E0VA,Legends of Avantris,large,Between the Deals | Prime - Chapter 53,2019-03-21 04:10:21+00:00,13045,4014,142,15,False,0.03911310413552566,217.4,180_plus,2019,2019-03,2572,1.56
Ob4SzfagfAQ,UCiER8p540j2SosO7OX7E0VA,Legends of Avantris,large,Beneath Dark Wings Ep. 5 | Epic Homebrew D&D Campaign | Maze of Mysteries,2019-03-19 19:17:36+00:00,27323,37341,693,88,False,0.020915347741088882,455.4,180_plus,2019,2019-03,2574,14.51
-T-aWu6DsqY,UCiER8p540j2SosO7OX7E0VA,Legends of Avantris,large,Moonlight Requiem | Prime - Chapter 52,2019-03-12 01:32:28+00:00,14396,3809,152,28,False,0.04725649776844316,239.9,180_plus,2019,2019-03,2582,1.48
D6zmPCJxdw4,UCiER8p540j2SosO7OX7E0VA,Legends of Avantris,large,"Secrets, Fear, and Love | Prime -  Chapter 51",2019-03-11 05:03:14+00:00,11768,3147,137,17,False,0.048935494121385446,196.1,180_plus,2019,2019-03,2582,1.22
5RPnBf-h3F0,UCiER8p540j2SosO7OX7E0VA,Legends of Avantris,large,Strange Alchemy | Prime - Chapter 50,2019-02-22 02:36:14+00:00,10248,3405,126,17,False,0.04199706314243759,170.8,120_to_180,2019,2019-02,2600,1.31
30Yp51agrYA,UCiER8p540j2SosO7OX7E0VA,Legends of Avantris,large,Endless Waltz | Prime - Chapter 49,2019-02-22 02:36:00+00:00,13792,3721,140,17,False,0.04219295888202096,229.9,180_plus,2019,2019-02,2600,1.43
rwOFtokIKbk,UCiER8p540j2SosO7OX7E0VA,Legends of Avantris,large,Toast of the Town | Prime - Chapter 48,2019-02-22 02:31:31+00:00,11297,3491,131,23,False,0.04411343454597536,188.3,180_plus,2019,2019-02,2600,1.34
OE6-zUX5sJk,UCiER8p540j2SosO7OX7E0VA,Legends of Avantris,large,By Hell or Holy Water | Prime - Chapter 47,2019-02-22 02:08:47+00:00,12657,3961,138,8,False,0.03685937894471093,211.0,180_plus,2019,2019-02,2600,1.52
ewEylEmQjkg,UCiER8p540j2SosO7OX7E0VA,Legends of Avantris,large,Everyone is John 2 | Wacky Split-Personality RPG One-Shot,2019-01-27 07:25:42+00:00,9915,4287,112,16,False,0.02985770935386051,165.2,120_to_180,2019,2019-01,2625,1.63
vZdL-l0yc8k,UCiER8p540j2SosO7OX7E0VA,Legends of Avantris,large,Everyone is John 1 | Wacky Split-Personality RPG One-Shot,2019-01-27 06:27:39+00:00,12269,9321,261,20,False,0.030146979937774918,204.5,180_plus,2019,2019-01,2625,3.55
uKREC7se3JY,UCiER8p540j2SosO7OX7E0VA,Legends of Avantris,large,Kobold Storm | D&D 5e Tomb of Horrors One-Shot,2019-01-27 04:53:29+00:00,20802,12144,265,26,False,0.023962450592885376,346.7,180_plus,2019,2019-01,2625,4.63
wDc0HTPLBGU,UCiER8p540j2SosO7OX7E0VA,Legends of Avantris,large,Midnight Carnival | D&D Beyond Random Character One-Shot,2019-01-26 23:20:16+00:00,11417,28746,604,49,False,0.02271620399359911,190.3,180_plus,2019,2019-01,2626,10.95
QEcLLFJy2sU,UCiER8p540j2SosO7OX7E0VA,Legends of Avantris,large,Tactical Waifu | Anime RPG One-Shot,2019-01-26 22:57:04+00:00,11691,61079,565,38,False,0.009872460256389267,194.8,180_plus,2019,2019-01,2626,23.26
WmOviXkZMG8,UCiER8p540j2SosO7OX7E0VA,Legends of Avantris,large,Beneath Dark Wings Ep. 4 | Epic Homebrew D&D Campaign | Sealed Fate,2019-01-22 08:41:40+00:00,25570,39216,761,97,False,0.021878824969400246,426.2,180_plus,2019,2019-01,2630,14.91
KhOsg24trr4,UCiER8p540j2SosO7OX7E0VA,Legends of Avantris,large,Beneath Dark Wings Ep. 3 | Epic Homebrew D&D Campaign | Lambs to the Slaughter,2019-01-21 16:58:38+00:00,29023,51827,873,107,False,0.018909062843691513,483.7,180_plus,2019,2019-01,2631,19.7
oJLXzS7A6Ns,UCiER8p540j2SosO7OX7E0VA,Legends of Avantris,large,Devoured | Prime - Chapter 46,2019-01-21 06:28:18+00:00,13704,4181,148,18,False,0.03970342023439369,228.4,180_plus,2019,2019-01,2631,1.59
_RnJZBCAmP4,UCiER8p540j2SosO7OX7E0VA,Legends of Avantris,large,Beneath Dark Wings Ep. 2 | Epic Homebrew D&D Campaign | Trouble Brewing,2019-01-17 20:06:27+00:00,28852,76198,1319,159,False,0.019396834562586944,480.9,180_plus,2019,2019-01,2635,28.92
TEJUVTqlB5c,UCiER8p540j2SosO7OX7E0VA,Legends of Avantris,large,Tears of a Juggler | Prime - Chapter 27,2019-01-15 16:01:21+00:00,2736,3859,149,22,False,0.04431199792692407,45.6,under_60,2019,2019-01,2637,1.46
nn-iKH6k1hk,UCiER8p540j2SosO7OX7E0VA,Legends of Avantris,large,Big Bad Voodoo | Prime - Chapter 45,2019-01-15 07:40:56+00:00,10123,3830,155,16,False,0.04464751958224543,168.7,120_to_180,2019,2019-01,2637,1.45
IiqwMruAjvw,UCiER8p540j2SosO7OX7E0VA,Legends of Avantris,large,Saints and Sinners | Prime - Chapter 44,2019-01-14 20:04:40+00:00,14336,4504,156,12,False,0.037300177619893425,238.9,180_plus,2019,2019-01,2638,1.71
Ea6W2oDKxCo,UCiER8p540j2SosO7OX7E0VA,Legends of Avantris,large,Truth in the Wine | Prime - Chapter 43,2019-01-14 20:04:24+00:00,13122,4053,141,22,False,0.04021712311867752,218.7,180_plus,2019,2019-01,2638,1.54
CB2olaEMgwQ,UCiER8p540j2SosO7OX7E0VA,Legends of Avantris,large,Meet the New Boss | Prime - Chapter 42,2019-01-14 20:04:08+00:00,11311,4087,150,20,False,0.041595302177636406,188.5,180_plus,2019,2019-01,2638,1.55
1tbNubmN6FI,UCiER8p540j2SosO7OX7E0VA,Legends of Avantris,large,Cards on the Table | Prime - Chapter 41,2019-01-14 20:03:52+00:00,11657,3944,131,15,False,0.03701825557809331,194.3,180_plus,2019,2019-01,2638,1.5
Ws9n1DJIcXo,UCiER8p540j2SosO7OX7E0VA,Legends of Avantris,large,Under the Sun | Prime - Chapter 40,2019-01-14 18:04:21+00:00,11034,4068,127,14,False,0.03466076696165192,183.9,180_plus,2019,2019-01,2638,1.54
KB8-LZfwnwg,UCiER8p540j2SosO7OX7E0VA,Legends of Avantris,large,The Show Must Go On | Prime - Chapter 39,2019-01-14 06:11:20+00:00,11863,3826,145,30,False,0.04573967590172504,197.7,180_plus,2019,2019-01,2638,1.45
mdIuNGRBiFA,UCiER8p540j2SosO7OX7E0VA,Legends of Avantris,large,Blood Relations | Prime - Chapter 38,2019-01-14 06:10:57+00:00,9863,3540,135,19,False,0.04350282485875706,164.4,120_to_180,2019,2019-01,2638,1.34
cAcUe9xftDo,UCiER8p540j2SosO7OX7E0VA,Legends of Avantris,large,Friend on the Other Side | Prime - Chapter 37,2018-11-17 22:00:55+00:00,12552,4392,136,16,False,0.03460837887067395,209.2,180_plus,2018,2018-11,2696,1.63
WdmGjbAE21o,UCiER8p540j2SosO7OX7E0VA,Legends of Avantris,large,Lies Agreed Upon | Prime - Chapter 36,2018-11-17 22:00:50+00:00,12619,4306,154,13,False,0.03878309335810497,210.3,180_plus,2018,2018-11,2696,1.6
wN1c7XudAI8,UCiER8p540j2SosO7OX7E0VA,Legends of Avantris,large,Going Down the Bayou | Prime - Chapter 35,2018-11-17 22:00:45+00:00,18417,10474,241,31,False,0.025969066259308764,307.0,180_plus,2018,2018-11,2696,3.89
KQ4-iE4ych0,UCiER8p540j2SosO7OX7E0VA,Legends of Avantris,large,Blazed and Confused | Prime - Chapter 34,2018-11-12 19:26:12+00:00,11132,4347,137,13,False,0.03450655624568668,185.5,180_plus,2018,2018-11,2701,1.61
sk61Nejhu2E,UCiER8p540j2SosO7OX7E0VA,Legends of Avantris,large,Ghosts of the Past | Prime - Chapter 33,2018-11-11 04:07:30+00:00,11614,4804,146,11,False,0.03268109908409659,193.6,180_plus,2018,2018-11,2702,1.78
SxbFVgHRVSo,UCiER8p540j2SosO7OX7E0VA,Legends of Avantris,large,Anthem | Prime - Chapter 32,2018-11-11 02:59:40+00:00,11902,4531,147,18,False,0.03641580225115868,198.4,180_plus,2018,2018-11,2702,1.68
V4fdSrpYFYY,UCiER8p540j2SosO7OX7E0VA,Legends of Avantris,large,Heroes' Welcome | Prime - Chapter 31,2018-11-11 02:59:34+00:00,8600,4374,148,16,False,0.037494284407864654,143.3,120_to_180,2018,2018-11,2702,1.62
mhHryREymSc,UCiER8p540j2SosO7OX7E0VA,Legends of Avantris,large,A Farewell to Kin | Prime - Chapter 30,2018-11-11 02:59:28+00:00,12236,6374,173,26,False,0.03122058362096015,203.9,180_plus,2018,2018-11,2702,2.36
UvlOt18eF4s,UCiER8p540j2SosO7OX7E0VA,Legends of Avantris,large,Raise a Glass to Freedom | Prime - Chapter 29,2018-11-11 01:40:29+00:00,11176,5206,160,14,False,0.033422973492124475,186.3,180_plus,2018,2018-11,2703,1.93
JeNkA5jd_0w,UCiER8p540j2SosO7OX7E0VA,Legends of Avantris,large,Chaos Incarnate | Prime - Chapter 28,2018-11-11 01:40:22+00:00,13447,4978,182,20,False,0.04057854560064283,224.1,180_plus,2018,2018-11,2703,1.84
gMbvrMgMySI,UCiER8p540j2SosO7OX7E0VA,Legends of Avantris,large,Out of the Jaws and Into the Fire | Prime - Chapter 26,2018-11-03 06:51:04+00:00,12066,4930,159,16,False,0.035496957403651115,201.1,180_plus,2018,2018-11,2710,1.82
ypcRsbzCwMs,UCiER8p540j2SosO7OX7E0VA,Legends of Avantris,large,Kill the King | Prime - Chapter 25,2018-11-03 05:53:59+00:00,13778,5212,168,27,False,0.0374136607828089,229.6,180_plus,2018,2018-11,2710,1.92
SdlyRCprmxA,UCiER8p540j2SosO7OX7E0VA,Legends of Avantris,large,Toxic Tower | Prime - Chapter 24,2018-11-03 03:13:11+00:00,10806,4578,161,16,False,0.03866317169069463,180.1,180_plus,2018,2018-11,2710,1.69
eK0uAiINhnU,UCiER8p540j2SosO7OX7E0VA,Legends of Avantris,large,More Than One Way to Kill a Pig | Prime - Chapter 23,2018-11-01 00:38:28+00:00,11079,4742,169,16,False,0.03901307465204555,184.6,180_plus,2018,2018-11,2713,1.75
syHc7w0pIyE,UCiER8p540j2SosO7OX7E0VA,Legends of Avantris,large,A Storm of Scales | Prime - Chapter 22,2018-11-01 00:35:53+00:00,10901,4984,171,13,False,0.03691813804173355,181.7,180_plus,2018,2018-11,2713,1.84
O_3Tnct3O0Y,UCiER8p540j2SosO7OX7E0VA,Legends of Avantris,large,Eye of the Swarm | Prime - Chapter 21,2018-10-31 04:50:49+00:00,10403,4913,176,13,False,0.03846936698554854,173.4,120_to_180,2018,2018-10,2713,1.81
o8_x-OIRMe0,UCiER8p540j2SosO7OX7E0VA,Legends of Avantris,large,Mine Cart Carnage | Prime - Chapter 20,2018-10-31 03:56:53+00:00,11519,6058,176,19,False,0.032188841201716736,192.0,180_plus,2018,2018-10,2713,2.23
eJvsfzn9w88,UCiER8p540j2SosO7OX7E0VA,Legends of Avantris,large,Walk the Gangplank | Prime - Chapter 18,2018-10-31 02:33:19+00:00,12141,6025,195,21,False,0.035850622406639006,202.4,180_plus,2018,2018-10,2714,2.22
UBO9tnvuSXU,UCiER8p540j2SosO7OX7E0VA,Legends of Avantris,large,Reptilian Rebellion | Prime - Chapter 19,2018-10-31 01:39:06+00:00,11603,5862,188,18,False,0.03514158990105766,193.4,180_plus,2018,2018-10,2714,2.16
ifNRLWPTEM4,UCiER8p540j2SosO7OX7E0VA,Legends of Avantris,large,Boughs of Murk | Prime - Chapter 17,2018-10-15 06:26:34+00:00,11085,5861,189,15,False,0.034806347039754305,184.8,180_plus,2018,2018-10,2729,2.15
DappMl1bw2Q,UCiER8p540j2SosO7OX7E0VA,Legends of Avantris,large,Treachery's End | Prime - Chapter 16,2018-10-11 23:55:25+00:00,11171,5792,204,24,False,0.0393646408839779,186.2,180_plus,2018,2018-10,2733,2.12
w7ExI8-COms,UCiER8p540j2SosO7OX7E0VA,Legends of Avantris,large,Putrid Doom | Prime - Chapter 15,2018-10-11 21:21:07+00:00,12443,6683,208,14,False,0.03321861439473291,207.4,180_plus,2018,2018-10,2733,2.45
XbONwEd8Emw,UCiER8p540j2SosO7OX7E0VA,Legends of Avantris,large,No Prayer for the Drowned | Prime - Chapter 14,2018-10-11 04:30:36+00:00,12857,7116,214,28,False,0.03400786958965711,214.3,180_plus,2018,2018-10,2733,2.6
m97GuPEnT4c,UCiER8p540j2SosO7OX7E0VA,Legends of Avantris,large,Chasing the Compass | Prime - Chapter 13,2018-10-11 04:29:12+00:00,12017,7012,215,19,False,0.033371363377067885,200.3,180_plus,2018,2018-10,2733,2.57
64IwptYYXNc,UCiER8p540j2SosO7OX7E0VA,Legends of Avantris,large,He Strikes At Midnight | Prime - Chapter 12,2018-10-11 04:15:37+00:00,11811,7432,233,38,False,0.03646393972012917,196.8,180_plus,2018,2018-10,2733,2.72
2iSLSXmNnWI,UCiER8p540j2SosO7OX7E0VA,Legends of Avantris,large,Wrath of the Abyss | Prime - Chapter 10,2018-10-10 03:55:05+00:00,13785,8445,253,40,False,0.034695085849615157,229.8,180_plus,2018,2018-10,2734,3.09
tBHZ798TPeQ,UCiER8p540j2SosO7OX7E0VA,Legends of Avantris,large,Ravings of a Madman | Prime - Chapter 11,2018-10-10 03:48:52+00:00,12405,7462,242,30,False,0.036451353524524256,206.8,180_plus,2018,2018-10,2734,2.73
bsTizq1Ng1Y,UCiER8p540j2SosO7OX7E0VA,Legends of Avantris,large,Crocodile Cacophony | Prime - Chapter 9,2018-10-09 06:02:13+00:00,13909,8998,272,39,False,0.03456323627472772,231.8,180_plus,2018,2018-10,2735,3.29
qZRxUkwvwbo,UCiER8p540j2SosO7OX7E0VA,Legends of Avantris,large,Ominous Foreboding | Prime - Chapter 8,2018-10-09 04:29:32+00:00,11496,8537,272,36,False,0.036078247627972355,191.6,180_plus,2018,2018-10,2735,3.12
tYVNSed_hFo,UCiER8p540j2SosO7OX7E0VA,Legends of Avantris,large,Plight at the Museum | Prime - Chapter 6,2018-10-09 03:31:21+00:00,14425,10720,313,25,False,0.031529850746268656,240.4,180_plus,2018,2018-10,2735,3.92
-hsXvXqel8U,UCiER8p540j2SosO7OX7E0VA,Legends of Avantris,large,Children of the Sea | Prime - Chapter 5,2018-10-09 01:58:04+00:00,12153,11265,336,33,False,0.03275632490013316,202.6,180_plus,2018,2018-10,2736,4.12
R8D8Qf1xMKI,UCiER8p540j2SosO7OX7E0VA,Legends of Avantris,large,The Alchemist's Ball | Prime - Chapter 7,2018-10-09 01:53:31+00:00,10211,8974,282,24,False,0.03409850679741475,170.2,120_to_180,2018,2018-10,2736,3.28
M0Qd-6vOaPU,UCiER8p540j2SosO7OX7E0VA,Legends of Avantris,large,Elementary Knowledge | Prime - Chapter 4,2018-10-01 02:21:34+00:00,11820,12658,373,34,False,0.03215357876441776,197.0,180_plus,2018,2018-10,2744,4.61
CNXX4Cnxs-U,UCiER8p540j2SosO7OX7E0VA,Legends of Avantris,large,Dark Machinations | Prime - Chapter 3,2018-09-29 07:28:57+00:00,14082,17236,452,37,False,0.028370851705732187,234.7,180_plus,2018,2018-09,2745,6.28
0zVf9O7M2fI,UCiER8p540j2SosO7OX7E0VA,Legends of Avantris,large,Beneath Dark Wings Ep. 1 | Epic Homebrew D&D Campaign | It Begins at the Crossroads,2018-09-29 06:04:07+00:00,30683,313872,5342,372,False,0.018204873324157617,511.4,180_plus,2018,2018-09,2745,114.34
eWwR98Ay2ww,UCiER8p540j2SosO7OX7E0VA,Legends of Avantris,large,Bounty Hunter's Homecoming | Prime - Chapter 2,2018-09-29 00:32:59+00:00,17884,31259,672,66,False,0.02360920055024153,298.1,180_plus,2018,2018-09,2746,11.38
6eewiJY2NOo,UCiER8p540j2SosO7OX7E0VA,Legends of Avantris,large,Trial of the Bear | Prime - Chapter 1,2018-09-28 22:10:32+00:00,25203,263511,4170,512,False,0.017767759220677696,420.0,180_plus,2018,2018-09,2746,95.96
cUn90nwMXes,UC3qtZRMtWNaD2Q96STxgOrA,High Rollers DnD,large,Obey the Edict | Altheya: The Dragon Empire #96,2026-03-31 17:04:00+00:00,9702,9121,405,42,False,0.04900778423418485,161.7,120_to_180,2026,2026-03,5,1824.2
SZlFJovJeoU,UC3qtZRMtWNaD2Q96STxgOrA,High Rollers DnD,large,Intense Multiversal Strategy in Sudden Conflict! #ad | 1v1 Duel with @GamesNight,2026-03-26 18:00:00+00:00,3796,13259,654,37,False,0.05211554415868467,63.3,60_to_120,2026,2026-03,10,1325.9
lRmJj5gBaco,UC3qtZRMtWNaD2Q96STxgOrA,High Rollers DnD,large,Prison Break! | Altheya: The Dragon Empire #95,2026-03-17 18:15:12+00:00,10252,18785,609,51,False,0.03513441575725313,170.9,120_to_180,2026,2026-03,19,988.68
rjsNd77rKGw,UC3qtZRMtWNaD2Q96STxgOrA,High Rollers DnD,large,"New sub-classes, rules and more in an Altheya Kickstarter One-Shot! #ad",2026-03-04 23:19:25+00:00,13670,17239,634,43,False,0.039271419455884915,227.8,180_plus,2026,2026-03,32,538.72
oEKTMdaOPPY,UC3qtZRMtWNaD2Q96STxgOrA,High Rollers DnD,large,Gallow's Eyrie | Altheya: The Dragon Empire #94,2026-03-03 18:05:00+00:00,11015,19439,659,65,False,0.03724471423427131,183.6,180_plus,2026,2026-03,33,589.06
UFI8dbL0lSk,UC3qtZRMtWNaD2Q96STxgOrA,High Rollers DnD,large,The Eye of Argus | Altheya: The Dragon Empire #93,2026-02-24 18:05:00+00:00,10569,18247,681,77,False,0.04154107524524579,176.2,120_to_180,2026,2026-02,40,456.18
4Hxko_MJ3ls,UC3qtZRMtWNaD2Q96STxgOrA,High Rollers DnD,large,Grave Concerns | Altheya: The Dragon Empire #92,2026-02-17 18:05:00+00:00,10490,19184,788,94,False,0.04597581317764804,174.8,120_to_180,2026,2026-02,47,408.17
z5ZcfgXVS6w,UC3qtZRMtWNaD2Q96STxgOrA,High Rollers DnD,large,High Rollers Kickstarter Launch Party!,2026-02-17 00:01:48+00:00,31631,14009,613,31,False,0.04597044756941966,527.2,180_plus,2026,2026-02,48,291.85
gQIr6-YYk54,UC3qtZRMtWNaD2Q96STxgOrA,High Rollers DnD,large,Courier of Crownsteel | Altheya: The Dragon Empire #91,2026-02-10 18:05:00+00:00,10162,19349,808,123,False,0.048116181714817303,169.4,120_to_180,2026,2026-02,54,358.31
eJ4IozQHbiE,UC3qtZRMtWNaD2Q96STxgOrA,High Rollers DnD,large,Emissary of Sovereign | Altheya: The Dragon Empire #90,2026-02-03 18:05:00+00:00,10387,20865,770,77,False,0.04059429666906302,173.1,120_to_180,2026,2026-02,61,342.05
amBXuj67-Us,UC3qtZRMtWNaD2Q96STxgOrA,High Rollers DnD,large,Beasts of the Crown | Altheya: The Dragon Empire #89,2026-01-27 18:05:00+00:00,9106,21098,721,64,False,0.03720731822921604,151.8,120_to_180,2026,2026-01,68,310.26
dPW8P3a_1kw,UC3qtZRMtWNaD2Q96STxgOrA,High Rollers DnD,large,Altheya Campaign Guide Q&A with Roll & Play Press!,2026-01-26 20:31:52+00:00,4119,8166,543,49,False,0.0724957139358315,68.6,60_to_120,2026,2026-01,69,118.35
Y2Tk8o8MK6A,UC3qtZRMtWNaD2Q96STxgOrA,High Rollers DnD,large,Call of the Champions | High Rollers 10 Year special!,2026-01-20 18:05:00+00:00,11317,15392,771,132,False,0.058666839916839915,188.6,180_plus,2026,2026-01,75,205.23
qedYYrK7GCQ,UC3qtZRMtWNaD2Q96STxgOrA,High Rollers DnD,large,Crownfall | Altheya: The Dragon Empire #88,2026-01-13 18:05:00+00:00,9094,22130,826,82,False,0.041030275643922275,151.6,120_to_180,2026,2026-01,82,269.88
Qfyn1lx_t5M,UC3qtZRMtWNaD2Q96STxgOrA,High Rollers DnD,large,Awesome new narrative RPG | Aether and Iron,2025-12-29 22:21:55+00:00,8469,6973,266,13,False,0.04001147282374874,141.2,120_to_180,2025,2025-12,97,71.89
aAwHegLxz_Y,UC3qtZRMtWNaD2Q96STxgOrA,High Rollers DnD,large,Altheya: The Dragon Empire 2025 Q&A!,2025-12-21 22:00:14+00:00,14162,15353,579,59,False,0.04155539633947763,236.0,180_plus,2025,2025-12,105,146.22
bir8SfTGMP0,UC3qtZRMtWNaD2Q96STxgOrA,High Rollers DnD,large,Gifts of the Planar | Altheya: The Dragon Empire #87,2025-12-16 18:05:00+00:00,10650,25390,879,97,False,0.038440330838912955,177.5,120_to_180,2025,2025-12,110,230.82
7D57dCfYpls,UC3qtZRMtWNaD2Q96STxgOrA,High Rollers DnD,large,Roast Battle! | High Rollers Christmas 2025 Oneshot,2025-12-07 21:17:05+00:00,12863,19480,770,51,False,0.04214579055441479,214.4,180_plus,2025,2025-12,119,163.7
fwxBTR4UWvQ,UC3qtZRMtWNaD2Q96STxgOrA,High Rollers DnD,large,The House of ir'Nae'uith | Altheya: The Dragon Empire #86,2025-12-02 18:01:15+00:00,11046,24884,789,78,False,0.03484166532711783,184.1,180_plus,2025,2025-12,124,200.68
oRSaZ-_Ss0Y,UC3qtZRMtWNaD2Q96STxgOrA,High Rollers DnD,large,The Tapestry | Altheya: The Dragon Empire #85,2025-11-18 18:02:00+00:00,9975,24812,764,54,False,0.03296791874899242,166.2,120_to_180,2025,2025-11,138,179.8
dNU5yKrcpkU,UC3qtZRMtWNaD2Q96STxgOrA,High Rollers DnD,large,The Harlequin | Altheya: The Dragon Empire #84,2025-11-11 18:05:00+00:00,10702,24509,838,84,False,0.03761883389775185,178.4,120_to_180,2025,2025-11,145,169.03
YnL-yxdi9jo,UC3qtZRMtWNaD2Q96STxgOrA,High Rollers DnD,large,The Satyr's Plea | Altheya: The Dragon Empire #83,2025-11-04 18:15:02+00:00,9564,23700,846,59,False,0.03818565400843882,159.4,120_to_180,2025,2025-11,152,155.92
WoCTu7otwU8,UC3qtZRMtWNaD2Q96STxgOrA,High Rollers DnD,large,Feyweald Favours | Altheya: The Dragon Empire #82,2025-10-28 18:04:00+00:00,7889,21746,870,94,False,0.044329991722615654,131.5,120_to_180,2025,2025-10,159,136.77
n0RNFBLgt0E,UC3qtZRMtWNaD2Q96STxgOrA,High Rollers DnD,large,Ambition Bleeds Gold | Altheya: The Dragon Empire #81,2025-10-21 17:02:00+00:00,10356,25296,899,86,False,0.038938962681846934,172.6,120_to_180,2025,2025-10,166,152.39
OIfH7EzI32s,UC3qtZRMtWNaD2Q96STxgOrA,High Rollers DnD,large,Matteo's Mailbag | Altheya: The Dragon Empire #80,2025-10-14 17:02:01+00:00,9921,25351,915,85,False,0.039446175693266534,165.4,120_to_180,2025,2025-10,173,146.54
7S5HNse2JHE,UC3qtZRMtWNaD2Q96STxgOrA,High Rollers DnD,large,Those Golden Bones | Altheya: The Dragon Empire #79,2025-10-07 17:01:17+00:00,10258,24701,965,99,False,0.043075179142544835,171.0,120_to_180,2025,2025-10,180,137.23
7lb8dPCPrEM,UC3qtZRMtWNaD2Q96STxgOrA,High Rollers DnD,large,Glory of Palladrax | Altheya: The Dragon Empire #78,2025-09-23 17:01:29+00:00,10521,28553,933,56,False,0.03463734108499982,175.4,120_to_180,2025,2025-09,194,147.18
al1Wy9AiVzU,UC3qtZRMtWNaD2Q96STxgOrA,High Rollers DnD,large,High Rollers play Pathfinder 2e! #ad,2025-09-16 20:05:51+00:00,13180,20364,742,73,False,0.040021606757022196,219.7,180_plus,2025,2025-09,201,101.31
Cx4cAbkLvfw,UC3qtZRMtWNaD2Q96STxgOrA,High Rollers DnD,large,The Stormwall | Altheya: The Dragon Empire #77,2025-09-09 17:01:24+00:00,11359,31197,946,53,False,0.03202230983748437,189.3,180_plus,2025,2025-09,208,149.99
GZ7q3aQKJJo,UC3qtZRMtWNaD2Q96STxgOrA,High Rollers DnD,large,Zero Prep D&D Adventures in One Shot Wonders: Volume 2!,2025-09-08 20:23:12+00:00,11606,13057,513,45,False,0.042735697327104236,193.4,180_plus,2025,2025-09,209,62.47
t02rLyw39pM,UC3qtZRMtWNaD2Q96STxgOrA,High Rollers DnD,large,Sacred Ones | Altheya: The Dragon Empire #76,2025-09-02 17:02:00+00:00,10293,28189,980,66,False,0.03710667281563731,171.6,120_to_180,2025,2025-09,215,131.11
M_I2lHuC8Ko,UC3qtZRMtWNaD2Q96STxgOrA,High Rollers DnD,large,Bloodkelp Forest | Altheya: The Dragon Empire #75,2025-08-26 19:00:31+00:00,10032,27874,923,48,False,0.034835330415440915,167.2,120_to_180,2025,2025-08,222,125.56
QefdLxvqq-g,UC3qtZRMtWNaD2Q96STxgOrA,High Rollers DnD,large,Den of Heathens | Altheya: The Dragon Empire #74,2025-08-19 17:00:29+00:00,10982,29807,986,70,False,0.03542791961619754,183.0,180_plus,2025,2025-08,229,130.16
cY5abE9QfKE,UC3qtZRMtWNaD2Q96STxgOrA,High Rollers DnD,large,Cult Smashers | Altheya: The Dragon Empire #73,2025-08-12 17:01:23+00:00,9901,26805,1014,80,False,0.04081328110427159,165.0,120_to_180,2025,2025-08,236,113.58
JHDgtNuDhdk,UC3qtZRMtWNaD2Q96STxgOrA,High Rollers DnD,large,Champion Agamox | Altheya: The Dragon Empire #72,2025-08-05 17:02:00+00:00,11188,28639,1008,100,False,0.03868850169349489,186.5,180_plus,2025,2025-08,243,117.86
JleMqh35eVY,UC3qtZRMtWNaD2Q96STxgOrA,High Rollers DnD,large,Bounty of the Sea | Altheya: The Dragon Empire #71,2025-07-29 17:00:24+00:00,10349,27253,1001,63,False,0.03904157340476278,172.5,120_to_180,2025,2025-07,250,109.01
emqnSLjUE-k,UC3qtZRMtWNaD2Q96STxgOrA,High Rollers DnD,large,Fishy Business | Altheya: The Dragon Empire #70,2025-07-22 17:00:54+00:00,11543,34134,1033,93,False,0.03298763696021562,192.4,180_plus,2025,2025-07,257,132.82
Ytm2htOv9ss,UC3qtZRMtWNaD2Q96STxgOrA,High Rollers DnD,large,Trying Variant Rules in Daggerheart! | Altheya One-Shot (Part 2),2025-07-13 20:11:44+00:00,13155,20810,732,60,False,0.03805862566074003,219.2,180_plus,2025,2025-07,266,78.23
_mAX-ACgpw8,UC3qtZRMtWNaD2Q96STxgOrA,High Rollers DnD,large,Converting our D&D game into Daggerheart! | Altheya One-Shot (Part 1),2025-07-06 19:52:41+00:00,12880,40409,1323,87,False,0.03489321685763073,214.7,180_plus,2025,2025-07,273,148.02
H2RyN_KbcTw,UC3qtZRMtWNaD2Q96STxgOrA,High Rollers DnD,large,Ambush from the Deep | Altheya: The Dragon Empire #69,2025-07-01 17:02:00+00:00,11473,34329,1073,72,False,0.033353724256459556,191.2,180_plus,2025,2025-07,278,123.49
BE8Bo_mMTzw,UC3qtZRMtWNaD2Q96STxgOrA,High Rollers DnD,large,BRAND NEW Warhammer: The Old World TTRPG! #ad,2025-06-27 19:31:22+00:00,11585,27597,1021,71,False,0.03956951842591586,193.1,180_plus,2025,2025-06,282,97.86
2dK7niKQlrQ,UC3qtZRMtWNaD2Q96STxgOrA,High Rollers DnD,large,How to Get Away with Murder | Altheya: The Dragon Empire #68,2025-06-24 17:02:00+00:00,10098,26990,1240,170,False,0.05224157095220452,168.3,120_to_180,2025,2025-06,285,94.7
Aogue_x2KGM,UC3qtZRMtWNaD2Q96STxgOrA,High Rollers DnD,large,Lost in Random: The Eternal Die | D&D One-Shot #AD,2025-06-20 21:45:01+00:00,10500,11625,472,27,False,0.042924731182795696,175.0,120_to_180,2025,2025-06,289,40.22
9gsIJZwUsec,UC3qtZRMtWNaD2Q96STxgOrA,High Rollers DnD,large,The Court of Masks | Altheya: The Dragon Empire #67,2025-06-17 17:02:00+00:00,9753,30296,940,62,False,0.033073673092157384,162.6,120_to_180,2025,2025-06,292,103.75
Lm3y3NyUT9s,UC3qtZRMtWNaD2Q96STxgOrA,High Rollers DnD,large,The Lavender Gardens | Altheya: The Dragon Empire #66,2025-06-10 17:02:00+00:00,10259,31103,1026,93,False,0.03597723692248336,171.0,120_to_180,2025,2025-06,299,104.02
KTBjoQ76Wp8,UC3qtZRMtWNaD2Q96STxgOrA,High Rollers DnD,large,The Deadeye | Altheya: The Dragon Empire #65,2025-06-03 17:01:15+00:00,10097,33608,1028,76,False,0.0328493215900976,168.3,120_to_180,2025,2025-06,306,109.83
gW9oaFdggFw,UC3qtZRMtWNaD2Q96STxgOrA,High Rollers DnD,large,The Beach Episode | Altheya: The Dragon Empire #64,2025-05-20 17:00:55+00:00,10733,35215,1062,80,False,0.032429362487576316,178.9,120_to_180,2025,2025-05,320,110.05
7zR3vW25GpY,UC3qtZRMtWNaD2Q96STxgOrA,High Rollers DnD,large,Obsidian Wrath | Altheya: The Dragon Empire #63,2025-05-13 17:02:00+00:00,10266,30869,1233,108,False,0.043441640480741193,171.1,120_to_180,2025,2025-05,327,94.4
McPCOLg1QoI,UC3qtZRMtWNaD2Q96STxgOrA,High Rollers DnD,large,New Recruits | Altheya: The Dragon Empire #62,2025-05-06 17:01:29+00:00,10853,33850,1314,172,False,0.043899556868537665,180.9,180_plus,2025,2025-05,334,101.35
L9lU8r-EbTc,UC3qtZRMtWNaD2Q96STxgOrA,High Rollers DnD,large,River of Stars | Altheya: The Dragon Empire #61,2025-04-29 17:30:05+00:00,9994,31848,1098,83,False,0.03708239135895504,166.6,120_to_180,2025,2025-04,341,93.4
5BR7e1xC9SQ,UC3qtZRMtWNaD2Q96STxgOrA,High Rollers DnD,large,High Rollers play Sunderfolk! #ad,2025-04-25 18:42:59+00:00,8043,9810,404,16,False,0.04281345565749235,134.0,120_to_180,2025,2025-04,345,28.43
1WD2f14Apho,UC3qtZRMtWNaD2Q96STxgOrA,High Rollers DnD,large,One Door Closes | Altheya: The Dragon Empire #60,2025-04-22 17:01:16+00:00,10334,32525,1156,72,False,0.03775557263643351,172.2,120_to_180,2025,2025-04,348,93.46
K33FnHVjvTg,UC3qtZRMtWNaD2Q96STxgOrA,High Rollers DnD,large,Vermillion Auxa-9 | Altheya: The Dragon Empire #59,2025-04-15 17:01:13+00:00,10134,33355,1426,173,False,0.047938839754159794,168.9,120_to_180,2025,2025-04,355,93.96
GuI7tRR3wGA,UC3qtZRMtWNaD2Q96STxgOrA,High Rollers DnD,large,Traps of the Ancients | Altheya: The Dragon Empire #58,2025-04-08 19:45:00+00:00,10053,32099,1049,72,False,0.03492320633041528,167.6,120_to_180,2025,2025-04,362,88.67
V0YdT_OB_8k,UC3qtZRMtWNaD2Q96STxgOrA,High Rollers DnD,large,The Family | Altheya: The Dragon Empire #57,2025-04-01 17:01:04+00:00,10438,34188,1130,101,False,0.03600678600678601,174.0,120_to_180,2025,2025-04,369,92.65
t1cT99EQ8go,UC3qtZRMtWNaD2Q96STxgOrA,High Rollers DnD,large,Chromatic Quandary | Altheya: The Dragon Empire #56,2025-03-25 18:01:00+00:00,9962,33737,1154,83,False,0.036665975042238494,166.0,120_to_180,2025,2025-03,376,89.73
P1xoQ941ibc,UC3qtZRMtWNaD2Q96STxgOrA,High Rollers DnD,large,Possession of a Dragonborn | Altheya: The Dragon Empire #55,2025-03-18 18:01:00+00:00,10280,35223,1174,80,False,0.03560173750106464,171.3,120_to_180,2025,2025-03,383,91.97
dpFfU3ahh0s,UC3qtZRMtWNaD2Q96STxgOrA,High Rollers DnD,large,Whispers of Madness | Altheya: The Dragon Empire #54,2025-03-11 18:01:00+00:00,8139,30246,1134,71,False,0.03983997884017721,135.6,120_to_180,2025,2025-03,390,77.55
k7if9teAdJQ,UC3qtZRMtWNaD2Q96STxgOrA,High Rollers DnD,large,The Gallowack Hunt | Altheya: The Dragon Empire #53,2025-03-04 18:01:00+00:00,10500,40318,1218,69,False,0.03192122625130215,175.0,120_to_180,2025,2025-03,397,101.56
slSgp2-HgGA,UC3qtZRMtWNaD2Q96STxgOrA,High Rollers DnD,large,Tall Tales in Colvel | Altheya: The Dragon Empire #52,2025-02-25 18:01:00+00:00,10388,40474,1139,103,False,0.030686366556307753,173.1,120_to_180,2025,2025-02,404,100.18
f6P2n_781X0,UC3qtZRMtWNaD2Q96STxgOrA,High Rollers DnD,large,A New Story Begins! | Altheya: The Dragon Empire #51,2025-02-18 18:01:00+00:00,10437,41220,1165,64,False,0.029815623483745755,174.0,120_to_180,2025,2025-02,411,100.29
ETWI9rpoAok,UC3qtZRMtWNaD2Q96STxgOrA,High Rollers DnD,large,The Gullible Jotnyr | Altheya: The Dragon Empire #50,2025-02-11 18:01:00+00:00,10167,40875,1433,185,False,0.03958409785932722,169.4,120_to_180,2025,2025-02,418,97.79
tHgYGcT-eIU,UC3qtZRMtWNaD2Q96STxgOrA,High Rollers DnD,large,High Rollers plays Starforged,2025-02-02 20:41:14+00:00,11231,18078,726,57,False,0.043312313308994356,187.2,180_plus,2025,2025-02,427,42.34
5n8opvSjhMM,UC3qtZRMtWNaD2Q96STxgOrA,High Rollers DnD,large,A Maiden's Kiss | Altheya: The Dragon Empire #49,2025-01-28 18:01:00+00:00,10287,41199,1265,110,False,0.03337459647078812,171.4,120_to_180,2025,2025-01,432,95.37
c3QmrJW1PkU,UC3qtZRMtWNaD2Q96STxgOrA,High Rollers DnD,large,Downtime Decisions | Altheya: The Dragon Empire #48,2025-01-21 18:01:00+00:00,10611,41641,1357,102,False,0.03503758315122115,176.8,120_to_180,2025,2025-01,439,94.85
8BjSHgmIbaA,UC3qtZRMtWNaD2Q96STxgOrA,High Rollers DnD,large,Heart and Hearth | Altheya: The Dragon Empire #47,2025-01-14 18:01:00+00:00,10508,42524,1357,88,False,0.03398081083623366,175.1,120_to_180,2025,2025-01,446,95.35
Ney-NMdOhR8,UC3qtZRMtWNaD2Q96STxgOrA,High Rollers DnD,large,What Remains Behind | Altheya: The Dragon Empire #46,2025-01-07 18:01:00+00:00,11229,49160,1343,106,False,0.029475183075671277,187.2,180_plus,2025,2025-01,453,108.52
89vfagN_lfw,UC3qtZRMtWNaD2Q96STxgOrA,High Rollers DnD,large,Kobolds Save Krizmas | High Rollers Oneshot,2024-12-08 21:11:59+00:00,12575,29622,1021,40,False,0.03581797312808048,209.6,180_plus,2024,2024-12,483,61.33
O24L_BYzU4I,UC3qtZRMtWNaD2Q96STxgOrA,High Rollers DnD,large,The Curse of Crownsteel | Altheya: The Dragon Empire #45,2024-12-03 18:01:01+00:00,10376,46549,1545,101,False,0.03536058776772863,172.9,120_to_180,2024,2024-12,488,95.39
75PmrFvU-J4,UC3qtZRMtWNaD2Q96STxgOrA,High Rollers DnD,large,Heart of Dharunnax | Altheya: The Dragon Empire #44,2024-11-26 18:01:00+00:00,11201,49830,1399,85,False,0.029781256271322498,186.7,180_plus,2024,2024-11,495,100.67
OTaHX6CYqTQ,UC3qtZRMtWNaD2Q96STxgOrA,High Rollers DnD,large,Corridors In Disguise | Altheya: The Dragon Empire #43,2024-11-19 18:01:00+00:00,9955,46860,1262,72,False,0.0284677763551003,165.9,120_to_180,2024,2024-11,502,93.35
7DKbLVBHLvw,UC3qtZRMtWNaD2Q96STxgOrA,High Rollers DnD,large,The Roads Less Travelled | Altheya: The Dragon Empire #42,2024-11-12 18:01:00+00:00,10751,51139,1353,89,False,0.028197657365220282,179.2,120_to_180,2024,2024-11,509,100.47
m7uJJljH9r8,UC3qtZRMtWNaD2Q96STxgOrA,High Rollers DnD,large,Deceptions in the Deep | Altheya: The Dragon Empire #41,2024-11-05 18:01:00+00:00,10498,51193,1482,82,False,0.030551051901627175,175.0,120_to_180,2024,2024-11,516,99.21
jQTuhd8dwF0,UC3qtZRMtWNaD2Q96STxgOrA,High Rollers DnD,large,These Golden Hills | Altheya: The Dragon Empire #40,2024-10-29 18:01:00+00:00,10190,54960,1504,101,False,0.02920305676855895,169.8,120_to_180,2024,2024-10,523,105.09
lW4k4z4__I8,UC3qtZRMtWNaD2Q96STxgOrA,High Rollers DnD,large,High Rollers Oneshot | Alien: The Roleplaying Game!,2024-10-20 19:45:19+00:00,12053,38717,1227,87,False,0.033938579951959084,200.9,180_plus,2024,2024-10,532,72.78
AdYqd1-4g7s,UC3qtZRMtWNaD2Q96STxgOrA,High Rollers DnD,large,Embers Between Friends | Altheya: The Dragon Empire #39,2024-10-15 17:00:10+00:00,10871,58419,1525,79,False,0.027456820554956435,181.2,180_plus,2024,2024-10,537,108.79
SopWrExuECA,UC3qtZRMtWNaD2Q96STxgOrA,High Rollers DnD,large,The Volant Vault | Altheya: Side Quest! High Rollers Live,2024-10-06 19:38:24+00:00,9741,50092,1793,119,False,0.03816976762756528,162.4,120_to_180,2024,2024-10,546,91.74
TAltdxyN3d4,UC3qtZRMtWNaD2Q96STxgOrA,High Rollers DnD,large,The Ashen Citadel | Altheya: The Dragon Empire #38,2024-10-01 17:01:20+00:00,10246,65137,1480,76,False,0.023888112746979443,170.8,120_to_180,2024,2024-10,551,118.22
SrbsEAA7Q5c,UC3qtZRMtWNaD2Q96STxgOrA,High Rollers DnD,large,"2 humans, AI and Twitch Chat try to play D&D in Worlds of Aria! #ad",2024-09-24 21:13:00+00:00,7572,10005,331,13,False,0.03438280859570215,126.2,120_to_180,2024,2024-09,558,17.93
UiNkso9Uqsc,UC3qtZRMtWNaD2Q96STxgOrA,High Rollers DnD,large,Into Dangerous Lands | Altheya: The Dragon Empire #37,2024-09-24 17:01:00+00:00,10248,54833,1428,102,False,0.02790290518483395,170.8,120_to_180,2024,2024-09,558,98.27
0JxqdN5ZuDM,UC3qtZRMtWNaD2Q96STxgOrA,High Rollers DnD,large,The Long Road Ahead | Altheya: The Dragon Empire #36,2024-09-17 17:01:00+00:00,11029,70756,1664,120,False,0.025213409463508394,183.8,180_plus,2024,2024-09,565,125.23
vbqSjuIi9IQ,UC3qtZRMtWNaD2Q96STxgOrA,High Rollers DnD,large,All Bark and All Bite | Altheya: The Dragon Empire #35,2024-09-03 17:01:01+00:00,10308,58001,1663,154,False,0.03132704608541232,171.8,120_to_180,2024,2024-09,579,100.17
g3BZvfWfskE,UC3qtZRMtWNaD2Q96STxgOrA,High Rollers DnD,large,A Grave Sermon | Altheya: The Dragon Empire #34,2024-08-20 17:30:09+00:00,10024,54868,1528,76,False,0.029233797477582563,167.1,120_to_180,2024,2024-08,593,92.53
_7fBDObiTZI,UC3qtZRMtWNaD2Q96STxgOrA,High Rollers DnD,large,A Question of Quests | Altheya: The Dragon Empire #33,2024-08-13 17:01:00+00:00,10164,54328,1564,93,False,0.03049992637314092,169.4,120_to_180,2024,2024-08,600,90.55
mkT9B0hs4i4,UC3qtZRMtWNaD2Q96STxgOrA,High Rollers DnD,large,High Rollers Oneshot | The Cosmere RPG! #ad,2024-08-06 21:29:03+00:00,12103,116791,3229,198,False,0.029343014444606175,201.7,180_plus,2024,2024-08,607,192.41
pdsnIu1TXfw,UC3qtZRMtWNaD2Q96STxgOrA,High Rollers DnD,large,Consequences | Altheya: The Dragon Empire #32,2024-08-06 17:01:00+00:00,10502,54729,1662,126,False,0.03267006523049937,175.0,120_to_180,2024,2024-08,607,90.16
R5e2VbGmw7Y,UC3qtZRMtWNaD2Q96STxgOrA,High Rollers DnD,large,The Conquest! | Altheya: The Dragon Empire #31,2024-07-30 19:30:02+00:00,11056,55393,1706,106,False,0.03271171447655841,184.3,180_plus,2024,2024-07,614,90.22
ga_OGxQDh2o,UC3qtZRMtWNaD2Q96STxgOrA,High Rollers DnD,large,A Knight's Tale | Altheya: The Dragon Empire #30,2024-07-23 17:30:09+00:00,10330,52681,1778,106,False,0.03576241908847592,172.2,120_to_180,2024,2024-07,621,84.83
npr1bp7yE_0,UC3qtZRMtWNaD2Q96STxgOrA,High Rollers DnD,large,Festival of the Forge | Altheya: The Dragon Empire #29,2024-07-16 17:01:00+00:00,9137,50383,1754,141,False,0.03761189290038307,152.3,120_to_180,2024,2024-07,628,80.23
Sua_ObrgxI4,UC3qtZRMtWNaD2Q96STxgOrA,High Rollers DnD,large,A Brief Intermission | Altheya: The Dragon Empire #28,2024-07-09 17:01:00+00:00,10523,55892,1644,111,False,0.03139984255349603,175.4,120_to_180,2024,2024-07,635,88.02
P_tzufaOssw,UC3qtZRMtWNaD2Q96STxgOrA,High Rollers DnD,large,Under the Shadow of Death | Altheya: The Dragon Empire #27,2024-06-25 17:01:00+00:00,10802,58749,1783,131,False,0.03257927794515651,180.0,180_plus,2024,2024-06,649,90.52
ayh9bH4PRVI,UC3qtZRMtWNaD2Q96STxgOrA,High Rollers DnD,large,The Battle for Ashen Rest | Altheya: The Dragon Empire #26,2024-06-18 17:01:00+00:00,11272,67087,1912,135,False,0.030512617943863937,187.9,180_plus,2024,2024-06,656,102.27
PHgLzLk4LIk,UC3qtZRMtWNaD2Q96STxgOrA,High Rollers DnD,large,Ashes to Ashes | Altheya: The Dragon Empire #25,2024-06-11 17:01:00+00:00,9952,56119,1692,107,False,0.03205687913184483,165.9,120_to_180,2024,2024-06,663,84.64
QEljM5mIUoQ,UC3qtZRMtWNaD2Q96STxgOrA,High Rollers DnD,large,The Iron Crows | Altheya: The Dragon Empire #24,2024-06-04 17:01:00+00:00,10341,58540,1728,94,False,0.031124017765630337,172.4,120_to_180,2024,2024-06,670,87.37
dAFVLi0Zb3w,UC3qtZRMtWNaD2Q96STxgOrA,High Rollers DnD,large,Trouble in the Tunnels | Altheya: The Dragon Empire #23,2024-05-28 18:30:25+00:00,10228,59717,1769,104,False,0.03136460304435923,170.5,120_to_180,2024,2024-05,677,88.21
9z6gD5hAtXo,UC3qtZRMtWNaD2Q96STxgOrA,High Rollers DnD,large,Harrowed Reunions | Altheya: The Dragon Empire #22,2024-05-07 17:01:00+00:00,10279,58821,1791,103,False,0.03219938457353666,171.3,120_to_180,2024,2024-05,698,84.27
CHGE-kI7Y5M,UC3qtZRMtWNaD2Q96STxgOrA,High Rollers DnD,large,The Dragon's Confessions | Altheya: The Dragon Empire #21,2024-04-30 17:01:00+00:00,9863,57662,1835,119,False,0.03388713537511706,164.4,120_to_180,2024,2024-04,705,81.79
ikGSOfU91GQ,UC3qtZRMtWNaD2Q96STxgOrA,High Rollers DnD,large,Child of the Grave | Altheya: The Dragon Empire #20,2024-04-23 17:01:00+00:00,10357,58479,1893,130,False,0.0345936148018947,172.6,120_to_180,2024,2024-04,712,82.13
cWlXAEbNlLo,UC3qtZRMtWNaD2Q96STxgOrA,High Rollers DnD,large,High Rollers: Oneshot: Achtung! Cthulu #ad,2024-04-20 19:34:38+00:00,12257,34415,1137,60,False,0.034781345343600174,204.3,180_plus,2024,2024-04,715,48.13
qv_ZTJFy9pI,UC3qtZRMtWNaD2Q96STxgOrA,High Rollers DnD,large,Blood and Shadows | Altheya: The Dragon Empire #19,2024-04-16 17:01:00+00:00,10783,65649,1885,206,False,0.031851208700817986,179.7,120_to_180,2024,2024-04,719,91.31
qaUV9U89mMk,UC3qtZRMtWNaD2Q96STxgOrA,High Rollers DnD,large,The Night of Veils | Altheya: Side Quest! | Live at Insomnia 72,2024-04-13 17:01:00+00:00,5027,36882,1664,83,False,0.047367279431701104,83.8,60_to_120,2024,2024-04,722,51.08
9TTgYiqZzFE,UC3qtZRMtWNaD2Q96STxgOrA,High Rollers DnD,large,Gifts of the Tiefling | Altheya: The Dragon Empire #18,2024-04-09 17:01:00+00:00,10700,68616,1754,131,False,0.0274717267109712,178.3,120_to_180,2024,2024-04,726,94.51
bSOVhpASn2k,UC3qtZRMtWNaD2Q96STxgOrA,High Rollers DnD,large,Illuminating Truths | Altheya: The Dragon Empire #17,2024-03-26 18:35:38+00:00,10071,66675,1902,150,False,0.03077615298087739,167.8,120_to_180,2024,2024-03,740,90.1
mUViO6CZ2xw,UC3qtZRMtWNaD2Q96STxgOrA,High Rollers DnD,large,Possession of a Dhampyr | Altheya: The Dragon Empire #16,2024-03-19 18:01:00+00:00,9964,62113,1902,158,False,0.033165359908553765,166.1,120_to_180,2024,2024-03,747,83.15
w_0SLScmwNo,UC3qtZRMtWNaD2Q96STxgOrA,High Rollers DnD,large,The Haunting of the Enticing Devil | Altheya: The Dragon Empire #15,2024-03-12 20:30:10+00:00,9736,64308,2064,144,False,0.034334763948497854,162.3,120_to_180,2024,2024-03,754,85.29
D74g6cah4es,UC3qtZRMtWNaD2Q96STxgOrA,High Rollers DnD,large,High Rollers Oneshot | Dune: Adventures in the Imperium RPG,2024-03-08 20:21:44+00:00,11599,27247,1008,54,False,0.03897676808455977,193.3,180_plus,2024,2024-03,758,35.95
TLhJSyKlobU,UC3qtZRMtWNaD2Q96STxgOrA,High Rollers DnD,large,His Draconic Majesty | Altheya: The Dragon Empire #14,2024-03-05 18:01:00+00:00,10211,73940,1952,169,False,0.028685420611306463,170.2,120_to_180,2024,2024-03,761,97.16
Tw4exCUv_Sg,UC3qtZRMtWNaD2Q96STxgOrA,High Rollers DnD,large,The Most Typical RuneScape Adventure in RuneScape Kingdoms: The Roleplaying Game TTRPG!,2024-03-02 18:01:00+00:00,10883,15505,567,50,False,0.03979361496291519,181.4,180_plus,2024,2024-03,764,20.29
PMpkwn8_nfw,UC3qtZRMtWNaD2Q96STxgOrA,High Rollers DnD,large,Heralds of Doom | Altheya: The Dragon Empire #13,2024-02-27 18:15:01+00:00,9863,71295,2016,90,False,0.029539238375762677,164.4,120_to_180,2024,2024-02,768,92.83
K1pHDQ0v31M,UC3qtZRMtWNaD2Q96STxgOrA,High Rollers DnD,large,Lights in the Dark | Altheya: The Dragon Empire #12,2024-02-20 18:15:01+00:00,10073,72131,1991,108,False,0.029099832249656874,167.9,120_to_180,2024,2024-02,775,93.07
aSLqQr_QWrk,UC3qtZRMtWNaD2Q96STxgOrA,High Rollers DnD,large,Guild Politics | Altheya: The Dragon Empire #11,2024-02-13 19:00:01+00:00,11801,89396,2148,136,False,0.02554924157680433,196.7,180_plus,2024,2024-02,782,114.32
S25fcis4C_4,UC3qtZRMtWNaD2Q96STxgOrA,High Rollers DnD,large,Fortunes Foretold | Altheya: The Dragon Empire #10,2024-02-06 18:01:00+00:00,12151,117300,2242,99,False,0.019957374254049445,202.5,180_plus,2024,2024-02,789,148.67
veY1XIqfc8Y,UC3qtZRMtWNaD2Q96STxgOrA,High Rollers DnD,large,"We love this gruesome, gory, Play to Lose TTRPG!",2024-01-28 20:24:21+00:00,12150,25162,789,55,False,0.03354264366902472,202.5,180_plus,2024,2024-01,798,31.53
dNunkn3nCwk,UC3qtZRMtWNaD2Q96STxgOrA,High Rollers DnD,large,The Duke's Favour | Altheya: The Dragon Empire #9,2024-01-23 18:01:13+00:00,10907,95620,2299,91,False,0.02499477096841665,181.8,180_plus,2024,2024-01,803,119.08
c6JOG3S9CYc,UC3qtZRMtWNaD2Q96STxgOrA,High Rollers DnD,large,The Toad and the Tower | Altheya: The Dragon Empire #8,2024-01-16 18:01:00+00:00,10298,87742,2254,108,False,0.02691983314718151,171.6,120_to_180,2024,2024-01,810,108.32
1wfKx0lLooU,UC3qtZRMtWNaD2Q96STxgOrA,High Rollers DnD,large,The House of the Rose | Altheya: The Dragon Empire #7,2024-01-09 21:15:00+00:00,10116,92817,2417,132,False,0.027462641541958908,168.6,120_to_180,2024,2024-01,817,113.61
dJpWdHi3M40,UC3qtZRMtWNaD2Q96STxgOrA,High Rollers DnD,large,The Ashen Road | Altheya: The Dragon Empire #6,2023-12-12 18:30:21+00:00,11636,112810,2595,134,False,0.024191117808704903,193.9,180_plus,2023,2023-12,845,133.5
qRiCzxMgq4o,UC3qtZRMtWNaD2Q96STxgOrA,High Rollers DnD,large,Blood and Fire | Altheya: The Dragon Empire #5,2023-12-05 18:01:00+00:00,11903,113398,2842,156,False,0.02643785604684386,198.4,180_plus,2023,2023-12,852,133.1
gK-zUIr_iU4,UC3qtZRMtWNaD2Q96STxgOrA,High Rollers DnD,large,The Lightless Chasm | Altheya: The Dragon Empire #4,2023-11-28 18:30:24+00:00,10459,109500,4360,252,False,0.04211872146118721,174.3,120_to_180,2023,2023-11,859,127.47
BInnwHR0paU,UC3qtZRMtWNaD2Q96STxgOrA,High Rollers DnD,large,Into the Depths | Altheya: The Dragon Empire #3,2023-11-21 18:01:00+00:00,10251,122057,3154,184,False,0.027347878450232267,170.8,120_to_180,2023,2023-11,866,140.94
KeQGwRk0FuU,UC3qtZRMtWNaD2Q96STxgOrA,High Rollers DnD,large,What's Yours is Mine | Altheya: The Dragon Empire #2,2023-11-14 18:01:00+00:00,12297,187637,3887,241,False,0.021999925387849943,205.0,180_plus,2023,2023-11,873,214.93
Vrx5Tuu4xnM,UC3qtZRMtWNaD2Q96STxgOrA,High Rollers DnD,large,A World of Stories | Altheya: The Dragon Empire #1,2023-11-07 18:01:00+00:00,14047,430247,8065,409,False,0.019695663188819445,234.1,180_plus,2023,2023-11,880,488.92
4ueOuvQBVBo,UC3qtZRMtWNaD2Q96STxgOrA,High Rollers DnD,large,For the King II | Chaos Twins Rise Again!,2023-11-07 13:30:01+00:00,10458,10880,425,33,False,0.04209558823529412,174.3,120_to_180,2023,2023-11,880,12.36
YsvRNNB_QK4,UC3qtZRMtWNaD2Q96STxgOrA,High Rollers DnD,large,Gruffudd of Tremorrew Character Reveal | Altheya: The Dragon Empire,2023-11-02 18:01:00+00:00,399,31603,2264,117,False,0.07534094864411607,6.6,under_60,2023,2023-11,885,35.71
zrG3WE7ZFlY,UC3qtZRMtWNaD2Q96STxgOrA,High Rollers DnD,large,Lore of Ilmera | Altheya: The Dragon Empire,2023-10-30 18:00:23+00:00,415,40002,3690,179,False,0.0967201639918004,6.9,under_60,2023,2023-10,888,45.05
O-h2ZM-4PfY,UC3qtZRMtWNaD2Q96STxgOrA,High Rollers DnD,large,Altheya: The Dragon Empire | Orchestra Reaction,2023-10-28 17:01:00+00:00,311,31346,2743,159,False,0.09257959548267722,5.2,under_60,2023,2023-10,890,35.22
9tFTEjNEFac,UC3qtZRMtWNaD2Q96STxgOrA,High Rollers DnD,large,High Rollers: Aerois FINALE Fan Art 2 July 2023,2023-10-21 19:00:03+00:00,388,4715,227,26,False,0.05365853658536585,6.5,under_60,2023,2023-10,897,5.26
MJOtdbNL4GA,UC3qtZRMtWNaD2Q96STxgOrA,High Rollers DnD,large,High Rollers: The Lord of the Rings RPG #2 | Galadriel's Gifts,2023-10-17 18:00:34+00:00,10522,28164,837,68,False,0.03213321971310893,175.4,120_to_180,2023,2023-10,901,31.26
m22f5cpPXS8,UC3qtZRMtWNaD2Q96STxgOrA,High Rollers DnD,large,High Rollers: Aerois Fan Art 25th June 2023,2023-10-14 19:00:28+00:00,439,3937,206,11,False,0.05511811023622047,7.3,under_60,2023,2023-10,904,4.36
7FJuObDeyXk,UC3qtZRMtWNaD2Q96STxgOrA,High Rollers DnD,large,High Rollers: The Lord of the Rings RPG #1 | The Fellowship,2023-10-10 15:00:06+00:00,10920,98406,2688,141,False,0.028748247058106212,182.0,180_plus,2023,2023-10,908,108.38
EKIArACp21s,UC3qtZRMtWNaD2Q96STxgOrA,High Rollers DnD,large,Baldur's Gate 3 Cast play D&D #2 | High Rollers Presents: Shadows of Athkatla #ad,2023-09-24 19:00:11+00:00,7916,1514976,48037,2885,False,0.0336124136619986,131.9,120_to_180,2023,2023-09,924,1639.58
jeJKnofNBNs,UC3qtZRMtWNaD2Q96STxgOrA,High Rollers DnD,large,Baldur's Gate 3 Cast play D&D #1 | High Rollers Presents: Shadows of Athkatla #ad,2023-09-22 21:00:21+00:00,9968,5481973,180376,7095,False,0.034197724067593915,166.1,120_to_180,2023,2023-09,926,5920.06
_SkOaJ2xQIw,UC3qtZRMtWNaD2Q96STxgOrA,High Rollers DnD,large,High Rollers: Aerois | The Final Q&A,2023-09-08 17:30:03+00:00,9627,48528,997,75,False,0.022090339597757996,160.4,120_to_180,2023,2023-09,940,51.63
r20nu9-1qX4,UC3qtZRMtWNaD2Q96STxgOrA,High Rollers DnD,large,High Rollers: One Shot - Dreams and Machines,2023-08-13 18:00:32+00:00,10476,27046,818,51,False,0.03213044442801154,174.6,120_to_180,2023,2023-08,966,28.0
rUnwnc_zOVo,UC3qtZRMtWNaD2Q96STxgOrA,High Rollers DnD,large,High Rollers: Aerois | Post Game Chat + Donations,2023-07-07 19:00:32+00:00,5220,40956,1067,72,False,0.02781033304033597,87.0,60_to_120,2023,2023-07,1003,40.83
NTEDAvHPzaw,UC3qtZRMtWNaD2Q96STxgOrA,High Rollers DnD,large,High Rollers: Aerois #191 [FINAL] | Clear Skies,2023-07-06 18:00:17+00:00,12836,207491,2038,345,False,0.011484835486840393,213.9,180_plus,2023,2023-07,1004,206.66
nF1SEukI2vM,UC3qtZRMtWNaD2Q96STxgOrA,High Rollers DnD,large,High Rollers: Aerois #190 | The Terror in Terminus Keep,2023-06-29 17:30:06+00:00,10995,60876,1231,78,False,0.02150272685458966,183.2,180_plus,2023,2023-06,1011,60.21
Justg-s3tDo,UC3qtZRMtWNaD2Q96STxgOrA,High Rollers DnD,large,High Rollers: Aerois #189 | Hope Won't Fall,2023-06-22 17:00:22+00:00,10568,66309,1255,105,False,0.020510036344990875,176.1,120_to_180,2023,2023-06,1018,65.14
VGMkWmR4w9I,UC3qtZRMtWNaD2Q96STxgOrA,High Rollers DnD,large,High Rollers: Aerois #188 | The Herald of Hadar,2023-06-15 17:30:06+00:00,10208,48822,1109,81,False,0.02437425750686166,170.1,120_to_180,2023,2023-06,1025,47.63
t7Vs_hLXafs,UC3qtZRMtWNaD2Q96STxgOrA,High Rollers DnD,large,High Rollers: Aerois #187 | The Entropis Warfront,2023-06-09 17:30:05+00:00,13342,115771,1133,68,False,0.010373927840305431,222.4,180_plus,2023,2023-06,1031,112.29
4Mb7QOM3rSE,UC3qtZRMtWNaD2Q96STxgOrA,High Rollers DnD,large,High Rollers: Aerois #186 | The Dragon's Call,2023-06-01 17:30:00+00:00,10255,48281,1080,108,False,0.024605952652182017,170.9,120_to_180,2023,2023-06,1039,46.47
hTocI_JRnb0,UC3qtZRMtWNaD2Q96STxgOrA,High Rollers DnD,large,High Rollers: Aerois #185 | Operation Fenrir,2023-05-25 19:30:03+00:00,9757,55305,1040,48,False,0.01967272398517313,162.6,120_to_180,2023,2023-05,1046,52.87
X2jMelFkJ-s,UC3qtZRMtWNaD2Q96STxgOrA,High Rollers DnD,large,High Rollers: Aerois #184 | The Horrors of Hadar,2023-05-18 17:30:05+00:00,9572,48606,1034,69,False,0.02269267168662305,159.5,120_to_180,2023,2023-05,1053,46.16
uwtmwOmBUVs,UC3qtZRMtWNaD2Q96STxgOrA,High Rollers DnD,large,High Rollers: Aerois #183 | The Infinite Staircase,2023-05-12 17:30:10+00:00,9744,53036,1045,72,False,0.021061166000452523,162.4,120_to_180,2023,2023-05,1059,50.08
vwfAWPq4aBs,UC3qtZRMtWNaD2Q96STxgOrA,High Rollers DnD,large,High Rollers: Aerois #182 | The Final Farewell,2023-04-20 17:30:07+00:00,11233,89396,1287,130,False,0.0158508210658195,187.2,180_plus,2023,2023-04,1081,82.7
y97mGGuwTpg,UC3qtZRMtWNaD2Q96STxgOrA,High Rollers DnD,large,High Rollers: Aerois #181 | A World at Peace,2023-04-13 19:00:32+00:00,11617,80195,1544,205,False,0.021809339734397408,193.6,180_plus,2023,2023-04,1088,73.71
wZPPKTq-JCI,UC3qtZRMtWNaD2Q96STxgOrA,High Rollers DnD,large,High Rollers: Aerois #180 | The Wrath of Starbane,2023-04-06 18:00:31+00:00,9206,47754,1348,149,False,0.031348159316497044,153.4,120_to_180,2023,2023-04,1095,43.61
7mLfD8GyxmE,UC3qtZRMtWNaD2Q96STxgOrA,High Rollers DnD,large,High Rollers: Aerois #179 | Duel of the Fates,2023-03-30 19:00:03+00:00,10120,62246,1256,108,False,0.02191305465411432,168.7,120_to_180,2023,2023-03,1102,56.48
sbNDRWlr--U,UC3qtZRMtWNaD2Q96STxgOrA,High Rollers DnD,large,High Rollers: Aerois #178 | The Fury of Hadar,2023-03-23 19:00:20+00:00,11839,85971,1221,202,False,0.016552093147689337,197.3,180_plus,2023,2023-03,1109,77.52
9nSV9lQxf44,UC3qtZRMtWNaD2Q96STxgOrA,High Rollers DnD,large,High Rollers: Aerois #177 | The Seed of Rage,2023-03-16 18:30:07+00:00,10379,54401,1206,101,False,0.024025293652690207,173.0,120_to_180,2023,2023-03,1116,48.75
jHLW7C9Zm0o,UC3qtZRMtWNaD2Q96STxgOrA,High Rollers DnD,large,High Rollers: Aerois #176 | Kaiju Fight!,2023-03-02 19:00:15+00:00,10238,56116,1150,118,False,0.022596051037137358,170.6,120_to_180,2023,2023-03,1130,49.66
sQX93JOYggM,UC3qtZRMtWNaD2Q96STxgOrA,High Rollers DnD,large,High Rollers: Aerois Fan Art 23rd February 2023,2023-02-27 20:00:15+00:00,438,3429,238,10,False,0.07232429279673375,7.3,under_60,2023,2023-02,1133,3.03
tehRT3CZZtg,UC3qtZRMtWNaD2Q96STxgOrA,High Rollers DnD,large,High Rollers: Aerois #175 | Stonemaw,2023-02-23 19:00:19+00:00,12591,119581,1278,141,False,0.01186643363076074,209.8,180_plus,2023,2023-02,1137,105.17
LvYX0smpz2c,UC3qtZRMtWNaD2Q96STxgOrA,High Rollers DnD,large,High Rollers Presents: Warhammer Fantasy Roleplay #1 | The Coach and Horses,2023-02-20 19:30:01+00:00,6828,97420,3134,289,False,0.03513652227468692,113.8,60_to_120,2023,2023-02,1140,85.46
DL2hRPSu9NE,UC3qtZRMtWNaD2Q96STxgOrA,High Rollers DnD,large,High Rollers: Aerois #174 | The Great Hunt Begins!,2023-02-16 19:00:07+00:00,10137,52713,1072,97,False,0.022176692656460457,169.0,120_to_180,2023,2023-02,1144,46.08
uCvjyNxv958,UC3qtZRMtWNaD2Q96STxgOrA,High Rollers DnD,large,High Rollers: Aerois #173 | Wolflions in the Night,2023-02-10 20:00:18+00:00,7666,39733,1077,73,False,0.0289431958321798,127.8,120_to_180,2023,2023-02,1150,34.55
THxp8JkzM6E,UC3qtZRMtWNaD2Q96STxgOrA,High Rollers DnD,large,High Rollers: Aerois #172 | Festival of New Stars,2023-02-02 19:00:09+00:00,9746,54804,1245,138,False,0.025235384278519814,162.4,120_to_180,2023,2023-02,1158,47.33
AL04eaQxkIc,UC3qtZRMtWNaD2Q96STxgOrA,High Rollers DnD,large,High Rollers: Aerois #171 | Tomb of Land and Stone,2023-01-19 19:00:03+00:00,10885,67025,1170,88,False,0.01876911600149198,181.4,180_plus,2023,2023-01,1172,57.19
5Zd9t7bdfho,UC3qtZRMtWNaD2Q96STxgOrA,High Rollers DnD,large,High Rollers: Aerois #170 | The Star of Siaska,2023-01-12 18:30:05+00:00,9991,48896,1209,103,False,0.026832460732984294,166.5,120_to_180,2023,2023-01,1179,41.47
-JZvQP9Rr18,UC3qtZRMtWNaD2Q96STxgOrA,High Rollers DnD,large,High Rollers: Aerois #169 | Daughter of Vortinssar,2022-12-22 20:00:00+00:00,9988,58273,1425,218,False,0.028194875843014774,166.5,120_to_180,2022,2022-12,1200,48.56
s8qrLOffjZQ,UC3qtZRMtWNaD2Q96STxgOrA,High Rollers DnD,large,DM SWAP! | Jingle Jam 2022 Christmas Special,2022-12-15 20:00:16+00:00,10229,23970,761,43,False,0.033541927409261575,170.5,120_to_180,2022,2022-12,1207,19.86
3soxAtwVNTE,UC3qtZRMtWNaD2Q96STxgOrA,High Rollers DnD,large,High Rollers: Aerois #168 | I Am Nova V'ger,2022-12-08 20:00:01+00:00,10624,60429,1192,68,False,0.0208509159509507,177.1,120_to_180,2022,2022-12,1214,49.78
g4usMxLOAQ0,UC3qtZRMtWNaD2Q96STxgOrA,High Rollers DnD,large,High Rollers: Aerois #167 | Open the Cargo Door,2022-12-01 20:00:11+00:00,10038,51442,1154,73,False,0.02385210528362039,167.3,120_to_180,2022,2022-12,1221,42.13
A06Zaa1XW5k,UC3qtZRMtWNaD2Q96STxgOrA,High Rollers DnD,large,High Rollers: Aerois #166 | Valkyrian Vandalism,2022-11-24 20:00:02+00:00,9917,51579,1102,66,False,0.02264487485216852,165.3,120_to_180,2022,2022-11,1228,42.0
G03uI5LE4Zo,UC3qtZRMtWNaD2Q96STxgOrA,High Rollers DnD,large,High Rollers: Aerois #165 | Night at the Museum,2022-11-17 20:00:09+00:00,10392,54431,1159,58,False,0.022358582425456082,173.2,120_to_180,2022,2022-11,1235,44.07
MVWEuvR3DVw,UC3qtZRMtWNaD2Q96STxgOrA,High Rollers DnD,large,High Rollers Cling Together! | Tactics Ogre: Reborn #ad,2022-11-12 20:00:11+00:00,7625,7047,234,25,False,0.03675322832410955,127.1,120_to_180,2022,2022-11,1240,5.68
pTZdTuPXy1c,UC3qtZRMtWNaD2Q96STxgOrA,High Rollers DnD,large,High Rollers: Aerois #164 | Tornado (MORON!),2022-11-10 20:00:15+00:00,10565,73491,1211,85,False,0.017634812426011347,176.1,120_to_180,2022,2022-11,1242,59.17
ZNpm2-JUlBc,UC3qtZRMtWNaD2Q96STxgOrA,High Rollers DnD,large,High Rollers: Aerois #163 | Veiled in Vortinssar,2022-11-03 20:00:08+00:00,9624,52813,1182,84,False,0.02397137068524795,160.4,120_to_180,2022,2022-11,1249,42.28
ixPF2CDwgOs,UC3qtZRMtWNaD2Q96STxgOrA,High Rollers DnD,large,High Rollers: Aerois #162 | Genasi Gang,2022-10-20 19:00:18+00:00,10107,55451,1171,99,False,0.022903103641052462,168.4,120_to_180,2022,2022-10,1263,43.9
XdCr_lOmvPI,UC3qtZRMtWNaD2Q96STxgOrA,High Rollers DnD,large,High Rollers: Aerois #161 | Chaos in Horizon,2022-09-29 19:00:22+00:00,9730,52300,1275,132,False,0.02690248565965583,162.2,120_to_180,2022,2022-09,1284,40.73
fH2-Zxqtey8,UC3qtZRMtWNaD2Q96STxgOrA,High Rollers DnD,large,High Rollers: Aerois #160 | Howard,2022-09-15 19:00:11+00:00,7603,48178,1317,122,False,0.02986840466603014,126.7,120_to_180,2022,2022-09,1298,37.12
ic-SH95I4t0,UC3qtZRMtWNaD2Q96STxgOrA,High Rollers DnD,large,High Rollers: Aerois #159 | Sorrow Incarnate (Part 2),2022-09-08 19:00:16+00:00,6705,37350,1180,104,False,0.034377510040160646,111.8,60_to_120,2022,2022-09,1305,28.62
aWQp1Er_A90,UC3qtZRMtWNaD2Q96STxgOrA,High Rollers DnD,large,High Rollers: Aerois #158 | Sorrow Incarnate (Part 1),2022-09-01 19:00:00+00:00,6862,41668,1215,92,False,0.03136699625611981,114.4,60_to_120,2022,2022-09,1312,31.76
m7Ih7P4X-Jw,UC3qtZRMtWNaD2Q96STxgOrA,High Rollers DnD,large,High Rollers: Aerois #157 | The Mourning Garden,2022-08-25 19:00:30+00:00,10194,60003,1223,93,False,0.02193223672149726,169.9,120_to_180,2022,2022-08,1319,45.49
bkxfLX0RIrk,UC3qtZRMtWNaD2Q96STxgOrA,High Rollers DnD,large,High Rollers: Aerois #156 | The Living Dead,2022-08-18 19:00:13+00:00,9263,51633,1181,103,False,0.024867817093719134,154.4,120_to_180,2022,2022-08,1326,38.94
s-utlAHn0Ek,UC3qtZRMtWNaD2Q96STxgOrA,High Rollers DnD,large,High Rollers: Aerois #155 | The Fall of War,2022-08-11 19:00:28+00:00,9105,48077,1196,117,False,0.027310356303429914,151.8,120_to_180,2022,2022-08,1333,36.07
NjqH-CrhxEk,UC3qtZRMtWNaD2Q96STxgOrA,High Rollers DnD,large,CAMPAIGN 3 PROLOGUE! | Legends of Altheya - The City of Dragons,2022-08-04 19:00:14+00:00,5009,35187,1480,175,False,0.04703441611958962,83.5,60_to_120,2022,2022-08,1340,26.26
WeteX2SrsnE,UC3qtZRMtWNaD2Q96STxgOrA,High Rollers DnD,large,High Rollers: Aerois #154 | The Knights of Grief,2022-07-29 19:00:20+00:00,10002,50595,1213,77,False,0.02549659057219093,166.7,120_to_180,2022,2022-07,1346,37.59
VtQ-DduISVE,UC3qtZRMtWNaD2Q96STxgOrA,High Rollers DnD,large,High Rollers: Aerois #153 | Assault on Nightbloom Hold,2022-07-14 19:00:20+00:00,10069,66443,1179,77,False,0.018903420977379105,167.8,120_to_180,2022,2022-07,1361,48.82
omM_COYTeJ4,UC3qtZRMtWNaD2Q96STxgOrA,High Rollers DnD,large,High Rollers: Aerois #152 | The Silent Killer,2022-07-07 19:00:19+00:00,9773,48998,1210,95,False,0.02663374015265929,162.9,120_to_180,2022,2022-07,1368,35.82
j7mLpCvtw9E,UC3qtZRMtWNaD2Q96STxgOrA,High Rollers DnD,large,High Rollers: Aerois #151 | The Stalking Sickness,2022-06-30 19:00:15+00:00,10448,60978,1192,82,False,0.020892781002984685,174.1,120_to_180,2022,2022-06,1375,44.35
Dhp3RLmjJjE,UC3qtZRMtWNaD2Q96STxgOrA,High Rollers DnD,large,High Rollers: Oneshot - Epic Encounters: Local Legends #AD,2022-06-29 19:00:04+00:00,7278,19458,708,38,False,0.03833898653510125,121.3,120_to_180,2022,2022-06,1376,14.14
B6_pUXTmgoQ,UC3qtZRMtWNaD2Q96STxgOrA,High Rollers DnD,large,High Rollers: Aerois #150 | The Horde of Vine and Rot,2022-06-23 19:00:05+00:00,9596,47707,1216,106,False,0.02771081811893433,159.9,120_to_180,2022,2022-06,1382,34.52
hqBd3ST_Bs8,UC3qtZRMtWNaD2Q96STxgOrA,High Rollers DnD,large,High Rollers: Aerois #149 | Into the Umbra,2022-06-09 19:30:03+00:00,9952,68254,1349,158,False,0.02207929205614323,165.9,120_to_180,2022,2022-06,1396,48.89
QX_FwV19VeE,UC3qtZRMtWNaD2Q96STxgOrA,High Rollers DnD,large,High Rollers: Aerois #148 | When I Was A Young Elf,2022-06-02 19:00:16+00:00,9833,58274,1351,116,False,0.025174177163057282,163.9,120_to_180,2022,2022-06,1403,41.54
KE-8q08L11k,UC3qtZRMtWNaD2Q96STxgOrA,High Rollers DnD,large,High Rollers: Aerois #147 | The Best Defense,2022-05-26 19:00:05+00:00,10142,71175,1358,124,False,0.020821917808219178,169.0,120_to_180,2022,2022-05,1410,50.48
w2pVpUyElGU,UC3qtZRMtWNaD2Q96STxgOrA,High Rollers DnD,large,High Rollers: Aerois #146 | All That We Are,2022-05-19 19:00:31+00:00,10093,66855,1442,183,False,0.024306334604741606,168.2,120_to_180,2022,2022-05,1417,47.18
ok5yNiLrBbU,UC3qtZRMtWNaD2Q96STxgOrA,High Rollers DnD,large,High Rollers: Aerois #145 | Titan of the Forge,2022-05-05 19:00:23+00:00,9670,58084,1316,90,False,0.024206321878658496,161.2,120_to_180,2022,2022-05,1431,40.59
VjJgNs3xa78,UC3qtZRMtWNaD2Q96STxgOrA,High Rollers DnD,large,High Rollers: Aerois #144 | A Wish for Wings,2022-04-21 19:00:18+00:00,9835,77956,1606,255,False,0.023872440864077173,163.9,120_to_180,2022,2022-04,1445,53.95
4_4HlfnRQeg,UC3qtZRMtWNaD2Q96STxgOrA,High Rollers DnD,large,High Rollers: Aerois #143 | The Great Oscillator,2022-04-14 19:00:05+00:00,9130,65160,1484,157,False,0.0251841620626151,152.2,120_to_180,2022,2022-04,1452,44.88
gQFDjZ1d2sM,UC3qtZRMtWNaD2Q96STxgOrA,High Rollers DnD,large,High Rollers: Fan Art 10 April 2022,2022-04-13 19:00:13+00:00,509,5296,304,11,False,0.05947885196374622,8.5,under_60,2022,2022-04,1453,3.64
O2BLqCmT0TI,UC3qtZRMtWNaD2Q96STxgOrA,High Rollers DnD,large,High Rollers: Aerois #142 | Solwynn the Problem,2022-04-07 19:00:08+00:00,10926,84945,1385,152,False,0.018094060862911297,182.1,180_plus,2022,2022-04,1459,58.22
To0vpnyA00Y,UC3qtZRMtWNaD2Q96STxgOrA,High Rollers DnD,large,High Rollers: Aerois #141 | Technological Upgrades,2022-03-31 19:00:07+00:00,7657,54878,1403,167,False,0.02860891431903495,127.6,120_to_180,2022,2022-03,1466,37.43
e1sSasFFxKY,UC3qtZRMtWNaD2Q96STxgOrA,High Rollers DnD,large,High Rollers: Oneshot - ROOT THE RPG #AD,2022-03-26 20:00:08+00:00,10835,28530,871,58,False,0.03256221521205748,180.6,180_plus,2022,2022-03,1471,19.39
TJY_U5SYIog,UC3qtZRMtWNaD2Q96STxgOrA,High Rollers DnD,large,High Rollers: Aerois #140 | A World in Chaos,2022-03-10 20:00:07+00:00,10689,70181,1324,105,False,0.020361636340320028,178.2,120_to_180,2022,2022-03,1487,47.2
46kdnfpWrSs,UC3qtZRMtWNaD2Q96STxgOrA,High Rollers DnD,large,High Rollers: Aerois #139 | Rest and Recuperation,2022-03-03 20:00:01+00:00,10835,94184,1553,204,False,0.018654973243863077,180.6,180_plus,2022,2022-03,1494,63.04
ghhsUH4YSDQ,UC3qtZRMtWNaD2Q96STxgOrA,High Rollers DnD,large,High Rollers: Oneshot - DARK SOULS RPG #AD,2022-02-18 20:00:20+00:00,10007,63134,1837,111,False,0.030855006810910128,166.8,120_to_180,2022,2022-02,1507,41.89
GA2eyj9j_Kk,UC3qtZRMtWNaD2Q96STxgOrA,High Rollers DnD,large,High Rollers: Aerois #138 | Return of the Father,2022-02-10 20:00:04+00:00,12083,206668,1586,166,False,0.00847736466216347,201.4,180_plus,2022,2022-02,1515,136.41
GroKfK6R4Ys,UC3qtZRMtWNaD2Q96STxgOrA,High Rollers DnD,large,High Rollers: Aerois #137 | Love and Death,2022-02-03 20:00:07+00:00,10469,74321,1498,165,False,0.022375909904333902,174.5,120_to_180,2022,2022-02,1522,48.83
SW4FgiCi0Y8,UC3qtZRMtWNaD2Q96STxgOrA,High Rollers DnD,large,High Rollers: Aerois #136 | ... Must Come Down,2022-01-27 20:00:07+00:00,11527,103023,1428,212,False,0.015918775419081176,192.1,180_plus,2022,2022-01,1529,67.38
vP7Cd5v3lZs,UC3qtZRMtWNaD2Q96STxgOrA,High Rollers DnD,large,High Rollers: Aerois #135 | What Goes Up...,2022-01-20 20:00:28+00:00,10921,73878,1351,91,False,0.019518665908660224,182.0,180_plus,2022,2022-01,1536,48.1
hlxr3h8jLHc,UC3qtZRMtWNaD2Q96STxgOrA,High Rollers DnD,large,High Rollers: Oneshot - ONE MORE QUEST #AD,2022-01-18 20:30:04+00:00,7752,19206,632,42,False,0.03509320004165365,129.2,120_to_180,2022,2022-01,1538,12.49
gM40eWScALw,UC3qtZRMtWNaD2Q96STxgOrA,High Rollers DnD,large,High Rollers: Aerois #134 | Valiant Knight of the Briar,2022-01-12 21:00:31+00:00,10430,84205,1435,157,False,0.018906240722047385,173.8,120_to_180,2022,2022-01,1544,54.54
CcW79VXhW-E,UC3qtZRMtWNaD2Q96STxgOrA,High Rollers DnD,large,High Rollers: Aerois #133 | Temple of the Gods,2022-01-06 20:00:07+00:00,10762,88052,1358,120,False,0.01678553581974288,179.4,120_to_180,2022,2022-01,1550,56.81
Q_0F4nwXmCc,UC3qtZRMtWNaD2Q96STxgOrA,High Rollers DnD,large,D&D in D&D | Jingle Jam 2021 Christmas Special!,2021-12-16 20:00:09+00:00,10062,30556,1084,173,False,0.041137583453331586,167.7,120_to_180,2021,2021-12,1571,19.45
T99nOA_MUPA,UC3qtZRMtWNaD2Q96STxgOrA,High Rollers DnD,large,High Rollers: Aerois #132 | Echoes of the Universe,2021-12-02 20:00:07+00:00,10952,125026,1461,168,False,0.013029289907699198,182.5,180_plus,2021,2021-12,1585,78.88
jFBt3WKuvSA,UC3qtZRMtWNaD2Q96STxgOrA,High Rollers DnD,large,High Rollers: Aerois #131 | Hunters of Hearts and Heads,2021-11-25 20:00:19+00:00,10648,74224,1341,112,False,0.01957587842207372,177.5,120_to_180,2021,2021-11,1592,46.62
WOYy2FYWDCQ,UC3qtZRMtWNaD2Q96STxgOrA,High Rollers DnD,large,High Rollers & Friends play Gartic Phone!,2021-11-23 20:00:09+00:00,5398,14769,660,37,False,0.04719344573092288,90.0,60_to_120,2021,2021-11,1594,9.27
fppxyeCCTbs,UC3qtZRMtWNaD2Q96STxgOrA,High Rollers DnD,large,High Rollers: Aerois Battle Royale,2021-11-22 20:00:11+00:00,9413,31654,1091,96,False,0.03749921021039995,156.9,120_to_180,2021,2021-11,1595,19.85
oXNWoCSKDfs,UC3qtZRMtWNaD2Q96STxgOrA,High Rollers DnD,large,High Rollers: Aerois #130 | The Centaur's Tears,2021-11-18 20:00:13+00:00,10613,79427,1406,123,False,0.0192503808528586,176.9,120_to_180,2021,2021-11,1599,49.67
a-6PlJ74kwc,UC3qtZRMtWNaD2Q96STxgOrA,High Rollers DnD,large,High Rollers: Aerois #129 | Rock the Boat,2021-11-11 20:00:00+00:00,10398,81816,1353,108,False,0.017857142857142856,173.3,120_to_180,2021,2021-11,1606,50.94
G8iHFzjCBSg,UC3qtZRMtWNaD2Q96STxgOrA,High Rollers DnD,large,High Rollers: Aerois #128 | Where Centaurs Roam,2021-11-04 20:00:04+00:00,10003,73099,1601,125,False,0.023611814115104175,166.7,120_to_180,2021,2021-11,1613,45.32
FFCOffzqqLk,UC3qtZRMtWNaD2Q96STxgOrA,High Rollers DnD,large,High Rollers: Aerois #127 | Lilac Grass and Giant Trees,2021-10-28 19:00:08+00:00,10403,83800,1377,110,False,0.017744630071599047,173.4,120_to_180,2021,2021-10,1620,51.73
gM2WGjAG-rs,UC3qtZRMtWNaD2Q96STxgOrA,High Rollers DnD,large,High Rollers: Aerois #126 | Teleport Troubles,2021-10-14 19:00:12+00:00,9857,71090,1509,164,False,0.023533549022366016,164.3,120_to_180,2021,2021-10,1634,43.51
M6W9Qy1VK9k,UC3qtZRMtWNaD2Q96STxgOrA,High Rollers DnD,large,High Rollers: Aerois #125 | Curse of the Feywild,2021-10-07 19:00:15+00:00,10260,71658,1500,184,False,0.023500516341511065,171.0,120_to_180,2021,2021-10,1641,43.67
kWciTYBF-QQ,UC3qtZRMtWNaD2Q96STxgOrA,High Rollers DnD,large,High Rollers: Aerois #124 | Wrath of the Sea God,2021-09-16 19:00:24+00:00,10635,103638,1516,112,False,0.015708523900499816,177.2,120_to_180,2021,2021-09,1662,62.36
x5Ml_-U-bUw,UC3qtZRMtWNaD2Q96STxgOrA,High Rollers DnD,large,High Rollers: Aerois #123 | Zephyr's Domain,2021-09-09 19:00:17+00:00,10992,92804,1497,136,False,0.017596224300676696,183.2,180_plus,2021,2021-09,1669,55.6
fCly67vr30A,UC3qtZRMtWNaD2Q96STxgOrA,High Rollers DnD,large,High Rollers: Aerois #122 | One Month Later,2021-09-02 19:00:19+00:00,12598,160401,1639,154,False,0.011178234549659915,210.0,180_plus,2021,2021-09,1676,95.7
YGxFfut5Iwk,UC3qtZRMtWNaD2Q96STxgOrA,High Rollers DnD,large,High Rollers: Fan Art 8 August 2021,2021-08-14 19:00:07+00:00,518,5287,243,16,False,0.048988083979572536,8.6,under_60,2021,2021-08,1695,3.12
NIVcAb3ZU3g,UC3qtZRMtWNaD2Q96STxgOrA,High Rollers DnD,large,High Rollers: Aerois | FINAL ARC Q&A SPECIAL!,2021-08-12 19:13:32+00:00,11401,81211,1263,152,False,0.017423748014431542,190.0,180_plus,2021,2021-08,1697,47.86
GKXro9vc69Y,UC3qtZRMtWNaD2Q96STxgOrA,High Rollers DnD,large,High Rollers: Oneshot - Avatar Legends: The RPG - Episode 2 #AD,2021-08-09 19:00:04+00:00,11225,39847,1045,105,False,0.02886039099555801,187.1,180_plus,2021,2021-08,1700,23.44
kCPCpWOaDfQ,UC3qtZRMtWNaD2Q96STxgOrA,High Rollers DnD,large,High Rollers: Aerois #121 | Call of the Herald,2021-08-05 18:00:13+00:00,11144,111078,1662,271,False,0.01740218585138371,185.7,180_plus,2021,2021-08,1704,65.19
6Zh9Hr9Fx38,UC3qtZRMtWNaD2Q96STxgOrA,High Rollers DnD,large,High Rollers: Oneshot - Avatar Legends: The RPG - Episode 1 #AD,2021-08-02 19:00:04+00:00,10753,261394,5019,329,False,0.02045953617910128,179.2,120_to_180,2021,2021-08,1707,153.13
BpAQRt3fcfY,UC3qtZRMtWNaD2Q96STxgOrA,High Rollers DnD,large,High Rollers: Oneshot - Animals Adventures: The Faraway Sea #AD,2021-07-30 19:00:02+00:00,10365,20049,677,67,False,0.03710908274726919,172.8,120_to_180,2021,2021-07,1710,11.72
DGo9P__eBsA,UC3qtZRMtWNaD2Q96STxgOrA,High Rollers DnD,large,High Rollers: Aerois #120 | The Tower of Glass,2021-07-29 18:00:07+00:00,11230,122753,1533,107,False,0.013360162277093024,187.2,180_plus,2021,2021-07,1711,71.74
zfjM1Dbclwo,UC3qtZRMtWNaD2Q96STxgOrA,High Rollers DnD,large,High Rollers: Aerois #119 | Empty Husks and Soul Breakers,2021-07-22 18:00:16+00:00,9922,76362,1396,134,False,0.02003614363164925,165.4,120_to_180,2021,2021-07,1718,44.45
-kOxINxlkg8,UC3qtZRMtWNaD2Q96STxgOrA,High Rollers DnD,large,High Rollers: Curse of Strahd #37 (FINAL) | The Death of All Things,2021-07-19 19:00:00+00:00,6134,28316,984,116,False,0.038847294815651925,102.2,60_to_120,2021,2021-07,1721,16.45
53hy6VIuRqw,UC3qtZRMtWNaD2Q96STxgOrA,High Rollers DnD,large,High Rollers: Aerois #118 | The Gang Commit a War Crime,2021-07-15 19:00:03+00:00,9628,81233,1474,186,False,0.02043504487092684,160.5,120_to_180,2021,2021-07,1725,47.09
5zrqW4LSID8,UC3qtZRMtWNaD2Q96STxgOrA,High Rollers DnD,large,High Rollers: Aerois #117 | The City of Glass Jump,2021-07-08 19:00:02+00:00,11005,84059,1556,167,False,0.020497507702922947,183.4,180_plus,2021,2021-07,1732,48.53
N8aj-QlcqrM,UC3qtZRMtWNaD2Q96STxgOrA,High Rollers DnD,large,High Rollers: Curse of Strahd #36 | Darkness Descends,2021-07-05 19:15:01+00:00,7252,22394,780,54,False,0.03724211842457801,120.9,120_to_180,2021,2021-07,1735,12.91
OLtIhtzcxQE,UC3qtZRMtWNaD2Q96STxgOrA,High Rollers DnD,large,High Rollers: Aerois #116 | The Darkness Inside,2021-06-24 19:00:05+00:00,11458,125825,1662,184,False,0.014671170276177231,191.0,180_plus,2021,2021-06,1746,72.06
WxGDJBUsQcc,UC3qtZRMtWNaD2Q96STxgOrA,High Rollers DnD,large,High Rollers: Curse of Strahd #35 | The Dollmaker's Promise,2021-06-21 19:00:07+00:00,6407,19748,792,60,False,0.04314360947944096,106.8,60_to_120,2021,2021-06,1749,11.29
x1KYZCb3h5U,UC3qtZRMtWNaD2Q96STxgOrA,High Rollers DnD,large,High Rollers: Aerois #115 |  Dominator's Destruction,2021-06-17 19:15:01+00:00,4343,49927,1504,116,False,0.03244737316482064,72.4,60_to_120,2021,2021-06,1753,28.48
1KeyVLmGbHw,UC3qtZRMtWNaD2Q96STxgOrA,High Rollers DnD,large,BIOMUTANT RPG ONE-SHOT - Episode 2 #AD,2021-06-13 19:00:00+00:00,4806,8909,416,26,False,0.049612751150521946,80.1,60_to_120,2021,2021-06,1757,5.07
2k5JH6C_RIU,UC3qtZRMtWNaD2Q96STxgOrA,High Rollers DnD,large,BIOMUTANT RPG ONE-SHOT - Episode 1 #AD,2021-06-11 19:00:03+00:00,4140,16278,765,56,False,0.05043617151984273,69.0,60_to_120,2021,2021-06,1759,9.25
h8bJDAvtMPw,UC3qtZRMtWNaD2Q96STxgOrA,High Rollers DnD,large,High Rollers: Aerois #114 | Gods and Queens,2021-06-10 19:00:09+00:00,11962,144906,1703,150,False,0.012787600237395277,199.4,180_plus,2021,2021-06,1760,82.33
0rhJJD7uoNU,UC3qtZRMtWNaD2Q96STxgOrA,High Rollers DnD,large,High Rollers: Fan Art 16 May 2021,2021-06-07 19:00:00+00:00,518,4800,327,36,False,0.075625,8.6,under_60,2021,2021-06,1763,2.72
ONGSkBwmPsc,UC3qtZRMtWNaD2Q96STxgOrA,High Rollers DnD,large,High Rollers: Aerois RHICAP Chapter 6 - The Elenasto Fiasco (D&D Recap),2021-05-29 19:00:03+00:00,948,12439,571,44,False,0.0494412734142616,15.8,under_60,2021,2021-05,1772,7.02
XYoxPTTnWTM,UC3qtZRMtWNaD2Q96STxgOrA,High Rollers DnD,large,High Rollers: Aerois #113 | Praxis Valla,2021-05-27 19:00:16+00:00,10551,120926,1755,248,False,0.016563848965483022,175.8,120_to_180,2021,2021-05,1774,68.17
ftBmu-EkV6c,UC3qtZRMtWNaD2Q96STxgOrA,High Rollers DnD,large,High Rollers: Curse of Strahd #34 | Dogsbody's Revenge,2021-05-24 19:00:09+00:00,7246,21377,796,63,False,0.04018337465500304,120.8,120_to_180,2021,2021-05,1777,12.03
k-_JstqrKFs,UC3qtZRMtWNaD2Q96STxgOrA,High Rollers DnD,large,High Rollers: Aerois #112 | Assault on the Tassadar,2021-05-20 19:00:09+00:00,10797,120392,1494,130,False,0.013489268389926241,180.0,180_plus,2021,2021-05,1781,67.6
wclIpJXMTa8,UC3qtZRMtWNaD2Q96STxgOrA,High Rollers DnD,large,High Rollers: Aerois #111 | Tassadar Preparations,2021-05-13 19:00:30+00:00,11493,110612,1481,108,False,0.014365529960582938,191.6,180_plus,2021,2021-05,1788,61.86
F_Yemzb8WeI,UC3qtZRMtWNaD2Q96STxgOrA,High Rollers DnD,large,Dragon Prince TTRPG: Tales of Xadia #3 w/ Role & Keep! | #AD,2021-05-05 19:00:07+00:00,6599,5908,172,13,False,0.03131347325660122,110.0,60_to_120,2021,2021-05,1796,3.29
DsVOgYntYZs,UC3qtZRMtWNaD2Q96STxgOrA,High Rollers DnD,large,High Rollers: Aerois #110 | Prison Break,2021-04-29 19:00:03+00:00,11307,184451,1601,209,False,0.009812904240150501,188.4,180_plus,2021,2021-04,1802,102.36
zKaZ89ymQGk,UC3qtZRMtWNaD2Q96STxgOrA,High Rollers DnD,large,Dragon Prince TTRPG: Tales of Xadia #1 w/ Role & Keep! | #AD,2021-04-28 19:00:12+00:00,6852,22682,694,46,False,0.032624988978044264,114.2,60_to_120,2021,2021-04,1803,12.58
eyah80AfIyM,UC3qtZRMtWNaD2Q96STxgOrA,High Rollers DnD,large,High Rollers: Curse of Strahd #33 - Mouth of the Beast,2021-04-26 19:00:11+00:00,7665,23036,758,66,False,0.035770098975516584,127.8,120_to_180,2021,2021-04,1805,12.76
-TONUI-cIK0,UC3qtZRMtWNaD2Q96STxgOrA,High Rollers DnD,large,High Rollers: Aerois #109 | Bird in a Cage,2021-04-22 19:00:01+00:00,11055,95174,1683,160,False,0.019364532330258265,184.2,180_plus,2021,2021-04,1809,52.61
g1-xrJl6xw8,UC3qtZRMtWNaD2Q96STxgOrA,High Rollers DnD,large,High Rollers: Curse of Strahd #32 | Howls in the Night,2021-04-19 19:00:08+00:00,7274,23888,780,55,False,0.034954789015405226,121.2,120_to_180,2021,2021-04,1812,13.18
lUJuZf_M5G4,UC3qtZRMtWNaD2Q96STxgOrA,High Rollers DnD,large,High Rollers: Aerois RHICAP Chapter 5 - Distant Shores (D&D Recap),2021-04-17 19:00:07+00:00,1108,13191,609,41,False,0.049276021529830946,18.5,under_60,2021,2021-04,1814,7.27
yXfwl8Su-uk,UC3qtZRMtWNaD2Q96STxgOrA,High Rollers DnD,large,High Rollers: Aerois #108 | Aerosians... Assemble!,2021-04-15 19:00:26+00:00,11492,143187,1489,232,False,0.012019247557389987,191.5,180_plus,2021,2021-04,1816,78.85
7Z6fd3gaZFk,UC3qtZRMtWNaD2Q96STxgOrA,High Rollers DnD,large,High Rollers: Aerois #107 | Stand With Aerois,2021-04-08 19:30:01+00:00,11560,130508,1713,190,False,0.014581481594998008,192.7,180_plus,2021,2021-04,1823,71.59
H1Ft2tDB8W0,UC3qtZRMtWNaD2Q96STxgOrA,High Rollers DnD,large,High Rollers: Aerois #106 | The Valkyrian Ploy,2021-04-01 19:00:02+00:00,11614,153458,1756,249,False,0.013065464166091048,193.6,180_plus,2021,2021-04,1830,83.86
a_Mw0-5J31k,UC3qtZRMtWNaD2Q96STxgOrA,High Rollers DnD,large,High Rollers: Purs of Strahd | A 1980s Cats Protection One Shot!,2021-03-29 19:00:00+00:00,6993,18945,732,69,False,0.04228028503562945,116.6,60_to_120,2021,2021-03,1833,10.34
cB5ALyQlr80,UC3qtZRMtWNaD2Q96STxgOrA,High Rollers DnD,large,High Rollers: Aerois #105 | Leaders of the World,2021-03-25 20:00:13+00:00,12156,144589,1667,173,False,0.012725726023418102,202.6,180_plus,2021,2021-03,1837,78.71
yXYBJJpBtI8,UC3qtZRMtWNaD2Q96STxgOrA,High Rollers DnD,large,High Rollers: Aerois RHICAP Chapter 4 - No Rest for the Wicked (D&D Recap),2021-03-20 20:00:14+00:00,746,13679,755,74,False,0.0606038453103297,12.4,under_60,2021,2021-03,1842,7.43
cW3KFXyFaIY,UC3qtZRMtWNaD2Q96STxgOrA,High Rollers DnD,large,High Rollers: Aerois #104 | Horizon Reunions,2021-03-18 20:00:03+00:00,11872,190916,1893,244,False,0.01119340442917304,197.9,180_plus,2021,2021-03,1844,103.53
9lsbQ9kWioY,UC3qtZRMtWNaD2Q96STxgOrA,High Rollers DnD,large,High Rollers: Curse of Strahd #31 | Wolves of Krezk,2021-03-15 20:00:02+00:00,6295,24529,871,75,False,0.03856659464307554,104.9,60_to_120,2021,2021-03,1847,13.28
dE-S1zsX2Is,UC3qtZRMtWNaD2Q96STxgOrA,High Rollers DnD,large,High Rollers: Aerois RHICAP Chapter 3 - The Road to Goldthrone (D&D Recap),2021-03-13 20:00:05+00:00,611,15038,858,46,False,0.06011437691182338,10.2,under_60,2021,2021-03,1849,8.13
hyVHg4TYXIw,UC3qtZRMtWNaD2Q96STxgOrA,High Rollers DnD,large,High Rollers: Aerois #103 | Moving On Up,2021-03-11 20:00:07+00:00,11042,139008,1626,145,False,0.01274027394106814,184.0,180_plus,2021,2021-03,1851,75.1
oL0NQwomRvg,UC3qtZRMtWNaD2Q96STxgOrA,High Rollers DnD,large,High Rollers: Curse of Strahd  #30 | From Beyond the Veil,2021-03-08 20:00:08+00:00,7495,26141,889,99,False,0.037795034619945676,124.9,120_to_180,2021,2021-03,1854,14.1
5_t1-4oLEBI,UC3qtZRMtWNaD2Q96STxgOrA,High Rollers DnD,large,High Rollers: Aerois #102 | Project Vanguard,2021-03-05 20:00:05+00:00,11772,173229,1700,187,False,0.010893095266958766,196.2,180_plus,2021,2021-03,1857,93.28
kjvjjaiQ-MU,UC3qtZRMtWNaD2Q96STxgOrA,High Rollers DnD,large,High Rollers: Curse of Strahd #29 | Wrath of the Swamp Witch,2021-03-01 20:00:19+00:00,6865,24474,894,125,False,0.04163602190079268,114.4,60_to_120,2021,2021-03,1861,13.15
UZ15uV4wNDU,UC3qtZRMtWNaD2Q96STxgOrA,High Rollers DnD,large,High Rollers: Aerois RHICAP Chapter 1 - Stormy Skies! (D&D Recap),2021-02-27 20:00:04+00:00,425,36105,1805,100,False,0.05276277523888658,7.1,under_60,2021,2021-02,1863,19.38
ZqU3DB5BMBs,UC3qtZRMtWNaD2Q96STxgOrA,High Rollers DnD,large,High Rollers: Aerois RHICAP Chapter 2 - Every Rose Has It's Thorn (D&D Recap),2021-02-27 20:00:04+00:00,675,17570,1122,76,False,0.06818440523619806,11.2,under_60,2021,2021-02,1863,9.43
57Tqd-TpcO4,UC3qtZRMtWNaD2Q96STxgOrA,High Rollers DnD,large,High Rollers: Curse of Strahd #28 | Defender of the Sunsword,2021-02-22 20:00:03+00:00,9271,29448,914,138,False,0.03572398804672643,154.5,120_to_180,2021,2021-02,1868,15.76
QkxlNuLq6FA,UC3qtZRMtWNaD2Q96STxgOrA,High Rollers DnD,large,High Rollers: One-Shot | The Jade Emperor's Invitation,2021-02-18 20:00:11+00:00,11853,23875,845,79,False,0.038701570680628274,197.6,180_plus,2021,2021-02,1872,12.75
x7iSzMLHX74,UC3qtZRMtWNaD2Q96STxgOrA,High Rollers DnD,large,High Rollers: Curse of Strahd #27 | Hunt for Baba Lysaga,2021-02-15 20:00:23+00:00,7137,30037,917,64,False,0.03265971967906249,119.0,60_to_120,2021,2021-02,1875,16.02
vZTXoF-oqs0,UC3qtZRMtWNaD2Q96STxgOrA,High Rollers DnD,large,High Rollers: Aerois #101 | Mindflayers and Mecha Ninjas,2021-02-11 20:00:23+00:00,11172,159061,1608,156,False,0.011090084935967961,186.2,180_plus,2021,2021-02,1879,84.65
CMtwiD1ioXU,UC3qtZRMtWNaD2Q96STxgOrA,High Rollers DnD,large,High Rollers: Aerois #100 | Episode One Hundred!,2021-02-04 20:00:10+00:00,12924,244369,1860,197,False,0.008417597976830121,215.4,180_plus,2021,2021-02,1886,129.57
KxPZjns9-8A,UC3qtZRMtWNaD2Q96STxgOrA,High Rollers DnD,large,High Rollers: Curse of Strahd #26 | Awakening the Mire,2021-02-01 20:00:08+00:00,7847,30948,1106,101,False,0.03900090474344061,130.8,120_to_180,2021,2021-02,1889,16.38
vPOdJmErzZk,UC3qtZRMtWNaD2Q96STxgOrA,High Rollers DnD,large,Creating THE MIRE! | D&D Tasha's Cauldron Character Creation (Swarmkeeper Ranger & Spores Druid),2021-01-31 20:00:08+00:00,11297,17922,604,59,False,0.03699363910277871,188.3,180_plus,2021,2021-01,1890,9.48
YEQU-eJ-pOM,UC3qtZRMtWNaD2Q96STxgOrA,High Rollers DnD,large,Chaos Twins One Year Celebration! (Chaos Twins 2020 Highlights),2021-01-31 19:00:14+00:00,1840,6671,375,13,False,0.058162194573527205,30.7,under_60,2021,2021-01,1890,3.53
iWdMLFKu3oU,UC3qtZRMtWNaD2Q96STxgOrA,High Rollers DnD,large,High Rollers: Aerois #99 | Shadowsong Pinnacle,2021-01-28 20:00:08+00:00,11778,153594,1673,145,False,0.011836399859369507,196.3,180_plus,2021,2021-01,1893,81.14
V_Wygo09Ns8,UC3qtZRMtWNaD2Q96STxgOrA,High Rollers DnD,large,High Rollers: Curse of Strahd #25 | Descent of the Dragonborn,2021-01-25 20:00:15+00:00,7734,26970,1033,154,False,0.04401186503522432,128.9,120_to_180,2021,2021-01,1896,14.22
JocjYzIJtMw,UC3qtZRMtWNaD2Q96STxgOrA,High Rollers DnD,large,High Rollers: Aerois #98 | The Weapons Facility,2021-01-21 20:00:03+00:00,12184,156994,1809,156,False,0.012516401900709581,203.1,180_plus,2021,2021-01,1900,82.63
0kaWtj9GDTg,UC3qtZRMtWNaD2Q96STxgOrA,High Rollers DnD,large,High Rollers: Aerois #97 | Attack on Gusthaven,2021-01-14 20:00:01+00:00,10813,136128,1942,244,False,0.01605841560883874,180.2,180_plus,2021,2021-01,1907,71.38
r-aAw08srkE,UC3qtZRMtWNaD2Q96STxgOrA,High Rollers DnD,large,High Rollers: Aerois #96 | The Gusthaven Elite,2021-01-07 20:00:09+00:00,10757,122044,1889,195,False,0.01707580872472223,179.3,120_to_180,2021,2021-01,1914,63.76
KsS3_ti3AgI,UC3qtZRMtWNaD2Q96STxgOrA,High Rollers DnD,large,High Rollers: Aerois #95 | Xarkira's Invitation,2020-12-24 20:00:09+00:00,10159,93588,1881,266,False,0.02294097533871864,169.3,120_to_180,2020,2020-12,1928,48.54
v1gLtUzkV-I,UC3qtZRMtWNaD2Q96STxgOrA,High Rollers DnD,large,High Rollers: Christmas Special 2020 | Valla's Wish,2020-12-17 20:00:10+00:00,10756,54203,1366,167,False,0.028282567385569064,179.3,120_to_180,2020,2020-12,1935,28.01
2nIF53njJGw,UC3qtZRMtWNaD2Q96STxgOrA,High Rollers DnD,large,Idle Champions - New Champion Lucius! #ad,2020-12-11 19:00:00+00:00,3787,5503,187,14,False,0.03652553152825731,63.1,60_to_120,2020,2020-12,1941,2.84
SiKJBNyHVgM,UC3qtZRMtWNaD2Q96STxgOrA,High Rollers DnD,large,CYBERPUNK 2077 RPG ONE-SHOT - Episode 3 / Final #AD,2020-12-09 19:00:05+00:00,3314,18451,1349,121,False,0.07967047856484744,55.2,under_60,2020,2020-12,1943,9.5
VDdnmVewcaw,UC3qtZRMtWNaD2Q96STxgOrA,High Rollers DnD,large,CYBERPUNK 2077 RPG ONE-SHOT - Episode 2 #AD,2020-12-08 19:00:04+00:00,4062,28327,1352,76,False,0.05041126840117203,67.7,60_to_120,2020,2020-12,1944,14.57
JYVNdeg3hhg,UC3qtZRMtWNaD2Q96STxgOrA,High Rollers DnD,large,CYBERPUNK 2077 RPG ONE-SHOT - Episode 1 #AD,2020-12-07 19:00:04+00:00,3347,64704,2936,175,False,0.04808048961424333,55.8,under_60,2020,2020-12,1945,33.27
clguXHZYPkA,UC3qtZRMtWNaD2Q96STxgOrA,High Rollers DnD,large,High Rollers: Aerois #94 | The Tempest Dragon,2020-12-03 20:00:06+00:00,11014,117633,1905,143,False,0.017410080504620302,183.6,180_plus,2020,2020-12,1949,60.36
P2yLVetDGec,UC3qtZRMtWNaD2Q96STxgOrA,High Rollers DnD,large,High Rollers: Aerois #93 | Trial of Power,2020-11-27 20:00:07+00:00,11083,143930,1823,144,False,0.01366636559438616,184.7,180_plus,2020,2020-11,1955,73.62
q1fZpCgv5M4,UC3qtZRMtWNaD2Q96STxgOrA,High Rollers DnD,large,High Rollers: Aerois #92 | The Battle Through Time,2020-11-19 20:00:06+00:00,11253,138693,1821,225,False,0.01475200622958621,187.6,180_plus,2020,2020-11,1963,70.65
nGhoUQXUC8c,UC3qtZRMtWNaD2Q96STxgOrA,High Rollers DnD,large,High Rollers: Aerois #91 | Trial of Aeons,2020-11-12 20:00:11+00:00,11667,196362,1899,204,False,0.010709811470651144,194.4,180_plus,2020,2020-11,1970,99.68
82AVl25GedE,UC3qtZRMtWNaD2Q96STxgOrA,High Rollers DnD,large,High Rollers: Aerois #90 | Metal Crabs and Tricksy Wizards,2020-11-05 20:00:01+00:00,10674,103827,1795,205,False,0.01926281217794986,177.9,120_to_180,2020,2020-11,1977,52.52
S-cgxZvrYHA,UC3qtZRMtWNaD2Q96STxgOrA,High Rollers DnD,large,Tom Ato's Grand Body Heist | High Rollers play Baldur's Gate 3 #3,2020-11-01 20:00:01+00:00,12416,19920,446,62,False,0.025502008032128515,206.9,180_plus,2020,2020-11,1981,10.06
n7NG7lhXuvg,UC3qtZRMtWNaD2Q96STxgOrA,High Rollers DnD,large,High Rollers: Curse of Strahd #24 | Rituals on Yester Hill,2020-10-31 20:30:01+00:00,8228,43787,1244,130,False,0.031379176467901435,137.1,120_to_180,2020,2020-10,1982,22.09
b1TVY8hjIk0,UC3qtZRMtWNaD2Q96STxgOrA,High Rollers DnD,large,High Rollers: Aerois #89 | Domain of the Arcane,2020-10-29 20:00:03+00:00,10965,117991,1821,168,False,0.016857217923400936,182.8,180_plus,2020,2020-10,1984,59.47
XEelLMPSEyE,UC3qtZRMtWNaD2Q96STxgOrA,High Rollers DnD,large,Breaking the Game and Creating an Alternate Reality | High Rollers play Baldur's Gate 3 #2,2020-10-26 20:00:03+00:00,11061,23017,586,57,False,0.02793587348481557,184.4,180_plus,2020,2020-10,1987,11.58
WkgVcq3Ye-c,UC3qtZRMtWNaD2Q96STxgOrA,High Rollers DnD,large,High Rollers: Aerois #88 | On Wings of Storm,2020-10-22 19:00:10+00:00,10743,119658,2084,202,False,0.019104447675876247,179.0,120_to_180,2020,2020-10,1991,60.1
oEiPtHiLo2Q,UC3qtZRMtWNaD2Q96STxgOrA,High Rollers DnD,large,High Rollers: Curse of Strahd #23 | Seeds of Chaos,2020-10-19 19:00:10+00:00,8103,34224,1011,73,False,0.031673679289387566,135.0,120_to_180,2020,2020-10,1994,17.16
NPStx3GuT44,UC3qtZRMtWNaD2Q96STxgOrA,High Rollers DnD,large,Instakilling Friends by Pushing them off Cliffs | High Rollers play Baldur's Gate 3 #1,2020-10-16 19:00:03+00:00,10821,44465,1091,83,False,0.026402788710221524,180.4,180_plus,2020,2020-10,1997,22.27
qZTZs8zg4jg,UC3qtZRMtWNaD2Q96STxgOrA,High Rollers DnD,large,High Rollers: Aerois #87 | Ancient Enemies Underfoot,2020-10-15 19:00:06+00:00,10751,144556,2179,287,False,0.017059132792827694,179.2,120_to_180,2020,2020-10,1998,72.35
zHpas-guPGk,UC3qtZRMtWNaD2Q96STxgOrA,High Rollers DnD,large,Making Friends with Killer Ghosts | High Rollers play Phasmophobia (Highlights),2020-10-14 23:28:01+00:00,10101,19382,706,61,False,0.039572799504695076,168.4,120_to_180,2020,2020-10,1999,9.7
Z2FRgv-qrgc,UC3qtZRMtWNaD2Q96STxgOrA,High Rollers DnD,large,High Rollers: Aerois #86 | Very Froggy Rituals,2020-10-08 19:00:04+00:00,11107,134303,1979,241,False,0.016529787123146913,185.1,180_plus,2020,2020-10,2005,66.98
366RE6NOOQk,UC3qtZRMtWNaD2Q96STxgOrA,High Rollers DnD,large,High Rollers: Curse of Strahd #22 | Riders in the Night,2020-10-05 16:30:00+00:00,7385,31161,984,82,False,0.03420942845223195,123.1,120_to_180,2020,2020-10,2008,15.52
JV8Ax-GLo68,UC3qtZRMtWNaD2Q96STxgOrA,High Rollers DnD,large,High Rollers: Curse of Strahd #21 | The Last Communion,2020-09-28 16:00:08+00:00,7475,33106,1049,78,False,0.034042167582915485,124.6,120_to_180,2020,2020-09,2015,16.43
9epGXwil5os,UC3qtZRMtWNaD2Q96STxgOrA,High Rollers DnD,large,Befriending Cannibals by Destroying Mother Nature in The Forest | Chaos Twins,2020-09-26 19:00:02+00:00,12700,10403,283,21,False,0.029222339709699126,211.7,180_plus,2020,2020-09,2017,5.16
BbKtWz_rTWE,UC3qtZRMtWNaD2Q96STxgOrA,High Rollers DnD,large,High Rollers: DnD Celebration 2020 One-Shot | Perils of the Id,2020-09-24 16:00:03+00:00,7127,33104,1096,119,False,0.036702513291445145,118.8,60_to_120,2020,2020-09,2019,16.4
Zt1_un19KCE,UC3qtZRMtWNaD2Q96STxgOrA,High Rollers DnD,large,High Rollers:  Curse of Strahd #20 | Dance of the Dragon,2020-09-21 16:00:09+00:00,5991,30504,985,43,False,0.03370049829530553,99.8,60_to_120,2020,2020-09,2022,15.09
wCBAUTFn8r0,UC3qtZRMtWNaD2Q96STxgOrA,High Rollers DnD,large,"High Rollers: Aerois #85 | Green Grass, Clean Air",2020-09-17 16:00:13+00:00,10808,107866,1966,185,False,0.019941408784973948,180.1,180_plus,2020,2020-09,2026,53.24
1B4U6k-9iyE,UC3qtZRMtWNaD2Q96STxgOrA,High Rollers DnD,large,High Rollers: Curse of Strahd #19 | The Mind Palace,2020-09-14 16:00:01+00:00,6489,31030,1062,69,False,0.03644859813084112,108.2,60_to_120,2020,2020-09,2029,15.29
OkOjUg951-4,UC3qtZRMtWNaD2Q96STxgOrA,High Rollers DnD,large,"The End of High Rollers? | Monopoly Plus with Mark, Kim, Rhi and Tom",2020-09-12 19:00:06+00:00,11211,23899,803,78,False,0.03686346709067325,186.8,180_plus,2020,2020-09,2031,11.77
v6F82Ywavl0,UC3qtZRMtWNaD2Q96STxgOrA,High Rollers DnD,large,Jumping Kings and Falling Guys | Chaos Twins,2020-09-07 19:00:13+00:00,14635,6956,267,12,False,0.040109258194364575,243.9,180_plus,2020,2020-09,2036,3.42
XQMlqKnVTsw,UC3qtZRMtWNaD2Q96STxgOrA,High Rollers DnD,large,High Rollers: Curse of Strahd #18 | The Mad Mage,2020-09-07 16:00:07+00:00,5865,32652,1072,71,False,0.03500551267916207,97.8,60_to_120,2020,2020-09,2036,16.04
QKAruGjngfA,UC3qtZRMtWNaD2Q96STxgOrA,High Rollers DnD,large,High Rollers: Aerois #84 | Home,2020-09-03 16:00:11+00:00,10530,93148,2020,234,False,0.0241980504143943,175.5,120_to_180,2020,2020-09,2040,45.66
vsie1DaLRL0,UC3qtZRMtWNaD2Q96STxgOrA,High Rollers DnD,large,"Running From 1,000 Xenomorphs in Alien Isolation | Chaos Twins #5 (FINAL)",2020-08-31 18:00:10+00:00,14476,7320,263,35,False,0.0407103825136612,241.3,180_plus,2020,2020-08,2043,3.58
WeNvpA96N1Q,UC3qtZRMtWNaD2Q96STxgOrA,High Rollers DnD,large,High Rollers: One-Shot | Cabin in the Woods,2020-08-27 16:00:07+00:00,10787,21924,696,64,False,0.034665207079000185,179.8,120_to_180,2020,2020-08,2047,10.71
p_JawkLlSA0,UC3qtZRMtWNaD2Q96STxgOrA,High Rollers DnD,large,High Rollers: Curse of Strahd #17 | The Radiant Beacon,2020-08-24 16:00:13+00:00,7394,35204,1070,72,False,0.03243949551187365,123.2,120_to_180,2020,2020-08,2050,17.17
luNbOhUDMqE,UC3qtZRMtWNaD2Q96STxgOrA,High Rollers DnD,large,Taking Down/Taming the AI in Alien Isolation | Chaos Twins #4,2020-08-21 19:00:06+00:00,14238,9827,318,33,False,0.03571792001628167,237.3,180_plus,2020,2020-08,2053,4.79
v78n2F8xqjY,UC3qtZRMtWNaD2Q96STxgOrA,High Rollers DnD,large,High Rollers: Aerois #83 | Tyrant in the Dark,2020-08-20 16:00:18+00:00,10953,147025,1950,209,False,0.014684577452814148,182.6,180_plus,2020,2020-08,2054,71.58
2I7M1AE06mA,UC3qtZRMtWNaD2Q96STxgOrA,High Rollers DnD,large,High Rollers: Curse of Strahd #16 | Revenant Reveries,2020-08-17 16:00:00+00:00,7723,38942,1160,92,False,0.032150377484464074,128.7,120_to_180,2020,2020-08,2057,18.93
5PrCUAC6p_Y,UC3qtZRMtWNaD2Q96STxgOrA,High Rollers DnD,large,High Rollers: Aerois #82 | The Shifting Straits,2020-08-13 16:00:04+00:00,10555,109381,1912,166,False,0.018997814977006977,175.9,120_to_180,2020,2020-08,2061,53.07
ZqlskkxUWYI,UC3qtZRMtWNaD2Q96STxgOrA,High Rollers DnD,large,High Rollers: Fan Art 12 July 2020,2020-08-11 16:00:18+00:00,348,4003,230,22,False,0.06295278541094179,5.8,under_60,2020,2020-08,2063,1.94
0pZuaDhM4sA,UC3qtZRMtWNaD2Q96STxgOrA,High Rollers DnD,large,High Rollers: Curse of Strahd #15 | The Evil Within,2020-08-10 16:00:01+00:00,6975,35512,1171,127,False,0.0365510250056319,116.2,60_to_120,2020,2020-08,2064,17.21
MCs0MNF2u00,UC3qtZRMtWNaD2Q96STxgOrA,High Rollers DnD,large,It's Time to Fight Back in Alien: Isolation! | Chaos Twins #3,2020-08-07 19:00:05+00:00,15041,11138,279,36,False,0.02828155862811995,250.7,180_plus,2020,2020-08,2067,5.39
HG-ZN--RSvo,UC3qtZRMtWNaD2Q96STxgOrA,High Rollers DnD,large,High Rollers: Aerois #81 | Breaking the Chains,2020-08-06 16:00:04+00:00,10863,138317,1839,147,False,0.014358321825950534,181.0,180_plus,2020,2020-08,2068,66.88
D_gqok2wIa0,UC3qtZRMtWNaD2Q96STxgOrA,High Rollers DnD,large,We Made Alien: Isolation Scarier | Chaos Twins #2,2020-08-01 23:59:19+00:00,14776,14678,417,42,False,0.03127129036653495,246.3,180_plus,2020,2020-08,2073,7.08
mY9JDPJnRkw,UC3qtZRMtWNaD2Q96STxgOrA,High Rollers DnD,large,High Rollers: Aerois #80 | The Great Escape,2020-07-30 16:00:26+00:00,10617,146941,1876,146,False,0.013760625012760224,177.0,120_to_180,2020,2020-07,2075,70.81
aiZv0AkOw7A,UC3qtZRMtWNaD2Q96STxgOrA,High Rollers DnD,large,High Rollers: Curse of Strahd #14 | Tatyana's Truth,2020-07-27 16:00:03+00:00,7502,42555,1212,110,False,0.031065679708612383,125.0,120_to_180,2020,2020-07,2078,20.48
txl78Ckyl34,UC3qtZRMtWNaD2Q96STxgOrA,High Rollers DnD,large,"You Scream, You Lose | Alien Isolation #1 | Chaos Twins",2020-07-25 19:00:07+00:00,14448,22390,662,45,False,0.03157659669495311,240.8,180_plus,2020,2020-07,2080,10.76
w6LpXQSXEZk,UC3qtZRMtWNaD2Q96STxgOrA,High Rollers DnD,large,High Rollers: ONE-SHOT | Darkest Before Dawn,2020-07-23 16:00:31+00:00,10591,29628,901,87,False,0.033346834075874174,176.5,120_to_180,2020,2020-07,2082,14.23
ktg68doxgQ4,UC3qtZRMtWNaD2Q96STxgOrA,High Rollers DnD,large,High Rollers: Curse of Strahd #13 | Mists and Shadows,2020-07-20 16:00:32+00:00,8205,41519,1294,182,False,0.03554998916158867,136.8,120_to_180,2020,2020-07,2085,19.91
n6zAU88CbGI,UC3qtZRMtWNaD2Q96STxgOrA,High Rollers DnD,large,High Rollers: Aerois #79 | The Displeased Prince,2020-07-16 16:00:14+00:00,10954,130818,1881,181,False,0.015762356862205507,182.6,180_plus,2020,2020-07,2089,62.62
gWdaE76nfkI,UC3qtZRMtWNaD2Q96STxgOrA,High Rollers DnD,large,High Rollers: Curse of Strahd #12 | Spiders of Argynvostholt,2020-07-13 16:00:15+00:00,7774,45343,1271,102,False,0.030280307875526543,129.6,120_to_180,2020,2020-07,2092,21.67
dpIEFW6FKJM,UC3qtZRMtWNaD2Q96STxgOrA,High Rollers DnD,large,THE ELITE FOUR |  Pokemon Emerald Nuzlocke #13 (FINAL?),2020-07-10 16:00:14+00:00,13560,5204,169,15,False,0.035357417371252885,226.0,180_plus,2020,2020-07,2095,2.48
Tl1CNBBg2xs,UC3qtZRMtWNaD2Q96STxgOrA,High Rollers DnD,large,High Rollers: Aerois #78 | A Game of Chance,2020-07-09 16:00:09+00:00,11198,119318,1940,243,False,0.01829564692670008,186.6,180_plus,2020,2020-07,2096,56.93
Uvt_fQb1uPc,UC3qtZRMtWNaD2Q96STxgOrA,High Rollers DnD,large,Gym 8 and Legendary Rayquaza! | Pokemon Emerald Nuzlocke #12,2020-07-04 14:12:48+00:00,15682,5406,141,16,False,0.029041805401405846,261.4,180_plus,2020,2020-07,2101,2.57
JzIF0a43BkQ,UC3qtZRMtWNaD2Q96STxgOrA,High Rollers DnD,large,High Rollers: Aerois #77 | Dance of the Sixth Finger,2020-07-02 16:00:05+00:00,10601,109453,1986,192,False,0.019898952061615488,176.7,120_to_180,2020,2020-07,2103,52.05
oBPRnOgZ-q8,UC3qtZRMtWNaD2Q96STxgOrA,High Rollers DnD,large,High Rollers: Aerois #76 | Echo of the Galaxy,2020-06-25 16:00:20+00:00,11307,128590,1999,254,False,0.017520802550742672,188.4,180_plus,2020,2020-06,2110,60.94
s3irL07-Yso,UC3qtZRMtWNaD2Q96STxgOrA,High Rollers DnD,large,High Rollers: Curse of Strahd #11 | The Broken Bonds,2020-06-22 16:00:17+00:00,8223,50855,1402,119,False,0.029908563563071477,137.0,120_to_180,2020,2020-06,2113,24.07
EshUUq1VFhs,UC3qtZRMtWNaD2Q96STxgOrA,High Rollers DnD,large,This Isn't Cheating! | Pokemon Emerald Nuzlocke #11,2020-06-20 18:00:03+00:00,14285,5485,158,14,False,0.031358249772105745,238.1,180_plus,2020,2020-06,2115,2.59
XnYDUGFmIo4,UC3qtZRMtWNaD2Q96STxgOrA,High Rollers DnD,large,High Rollers: Aerois #75 | Mines of Madness,2020-06-18 16:00:26+00:00,11513,145957,1873,189,False,0.014127448495104722,191.9,180_plus,2020,2020-06,2117,68.95
GGU6trR1DFs,UC3qtZRMtWNaD2Q96STxgOrA,High Rollers DnD,large,High Rollers: Curse of Strahd #10 | The Hallowed Bones,2020-06-15 16:00:14+00:00,7146,47917,1422,130,False,0.032389339900244174,119.1,60_to_120,2020,2020-06,2120,22.6
GpAV5U9ceR8,UC3qtZRMtWNaD2Q96STxgOrA,High Rollers DnD,large,We Have Regrets | Pokemon Emerald Nuzlocke #10,2020-06-12 20:00:04+00:00,13603,5692,159,28,False,0.03285312719606465,226.7,180_plus,2020,2020-06,2123,2.68
K91ddzWO8HM,UC3qtZRMtWNaD2Q96STxgOrA,High Rollers DnD,large,Idle Champions - New Champion Nova! #ad,2020-06-12 16:00:15+00:00,4098,5193,192,14,False,0.039668784902753704,68.3,60_to_120,2020,2020-06,2123,2.45
9XbBjhX2CNo,UC3qtZRMtWNaD2Q96STxgOrA,High Rollers DnD,large,High Rollers: Aerois #74 | Criminal Negotiations,2020-06-11 16:00:06+00:00,10299,101609,1879,178,False,0.020244269700518656,171.6,120_to_180,2020,2020-06,2124,47.84
xEBenGlrykw,UC3qtZRMtWNaD2Q96STxgOrA,High Rollers DnD,large,High Rollers: Curse of Strahd #9 | Unspoken Pacts,2020-06-08 16:00:33+00:00,7134,50325,1513,129,False,0.032627918529557876,118.9,60_to_120,2020,2020-06,2127,23.66
R3kDE5mDoY8,UC3qtZRMtWNaD2Q96STxgOrA,High Rollers DnD,large,The Gods of Chaos | Pokemon Emerald Nuzlocke #9,2020-06-05 18:00:07+00:00,13525,5969,149,15,False,0.02747528899313118,225.4,180_plus,2020,2020-06,2130,2.8
-BYojgqD2-o,UC3qtZRMtWNaD2Q96STxgOrA,High Rollers DnD,large,High Rollers: Aerois #73 | Minds of the Multiverse,2020-06-04 16:00:00+00:00,10813,143554,2002,225,False,0.015513325995792525,180.2,180_plus,2020,2020-06,2131,67.36
aaRiv1u0hUA,UC3qtZRMtWNaD2Q96STxgOrA,High Rollers DnD,large,High Rollers: Curse of Strahd #8 | The Dragon's Bite,2020-06-01 16:00:01+00:00,7791,52407,1560,190,False,0.033392485736638236,129.8,120_to_180,2020,2020-06,2134,24.56
A0O-wucCNJI,UC3qtZRMtWNaD2Q96STxgOrA,High Rollers DnD,large,High Rollers: Aerois #72 | Astral Styx and Astral Stones,2020-05-28 16:00:05+00:00,10477,143525,2027,182,False,0.01539104685594844,174.6,120_to_180,2020,2020-05,2138,67.13
WxiLpimizYQ,UC3qtZRMtWNaD2Q96STxgOrA,High Rollers DnD,large,High Rollers: Curse of Strahd #7 | House of the Living Dead,2020-05-25 16:00:16+00:00,7549,62524,1554,81,False,0.026149958415968268,125.8,120_to_180,2020,2020-05,2141,29.2
XX2QMVs1wY8,UC3qtZRMtWNaD2Q96STxgOrA,High Rollers DnD,large,The Banished Pokémon | Pokemon Emerald Nuzlocke #8,2020-05-22 16:00:21+00:00,14453,5944,158,18,False,0.029609690444145357,240.9,180_plus,2020,2020-05,2144,2.77
QKfQgS86IGI,UC3qtZRMtWNaD2Q96STxgOrA,High Rollers DnD,large,High Rollers: Aerois #71 | The Wings of Ishtar,2020-05-21 16:00:10+00:00,10259,128703,2063,166,False,0.017318943614367963,171.0,120_to_180,2020,2020-05,2145,60.0
KL8n0Gptkks,UC3qtZRMtWNaD2Q96STxgOrA,High Rollers DnD,large,It's Daddy Day | Pokemon Emerald Nuzlocke #7,2020-05-19 16:00:09+00:00,12001,5454,163,11,False,0.0319031903190319,200.0,180_plus,2020,2020-05,2147,2.54
S78tnA1Za2k,UC3qtZRMtWNaD2Q96STxgOrA,High Rollers DnD,large,High Rollers: Curse of Strahd #6 | Blue Water Inn,2020-05-18 16:00:14+00:00,7174,66333,1714,114,False,0.02755792742677099,119.6,60_to_120,2020,2020-05,2148,30.88
TTidRd3Z_-A,UC3qtZRMtWNaD2Q96STxgOrA,High Rollers DnD,large,High Rollers: Curse of Strahd #5 | On the Road,2020-05-11 16:00:30+00:00,8005,75827,1840,138,False,0.026085695069038732,133.4,120_to_180,2020,2020-05,2155,35.19
leRANBMbIzw,UC3qtZRMtWNaD2Q96STxgOrA,High Rollers DnD,large,We're Actually Gonna Beat This! | Pokemon Emerald Nuzlocke #6,2020-05-10 16:00:22+00:00,13754,7448,210,12,False,0.029806659505907628,229.2,180_plus,2020,2020-05,2156,3.45
1x8m7a-bUuk,UC3qtZRMtWNaD2Q96STxgOrA,High Rollers DnD,large,High Rollers: Aerois #70 | The Last Feather,2020-05-07 16:00:00+00:00,10618,143608,2203,242,False,0.017025513898947135,177.0,120_to_180,2020,2020-05,2159,66.52
qQ4WdR3z_jY,UC3qtZRMtWNaD2Q96STxgOrA,High Rollers DnD,large,High Rollers: Curse of Strahd #4 | The Flour Children,2020-05-04 16:00:28+00:00,7919,87045,2094,158,False,0.025871675570107416,132.0,120_to_180,2020,2020-05,2162,40.26
5rWbR2Qjxo0,UC3qtZRMtWNaD2Q96STxgOrA,High Rollers DnD,large,This Kills the Chaos Twins | Pokemon Emerald Nuzlocke #5,2020-05-01 16:00:02+00:00,12732,7891,227,23,False,0.031681662653656066,212.2,180_plus,2020,2020-05,2165,3.64
TQGcIfB2mzQ,UC3qtZRMtWNaD2Q96STxgOrA,High Rollers DnD,large,High Rollers: Aerois #69 | Portal Through Space and Time,2020-04-30 16:00:17+00:00,11182,175877,2221,261,False,0.014112135185385241,186.4,180_plus,2020,2020-04,2166,81.2
5hqxOeGdhNk,UC3qtZRMtWNaD2Q96STxgOrA,High Rollers DnD,large,High Rollers Fan Art: 26th April 2020,2020-04-29 16:00:03+00:00,361,5998,323,33,False,0.059353117705901966,6.0,under_60,2020,2020-04,2167,2.77
XmADXdZaFG4,UC3qtZRMtWNaD2Q96STxgOrA,High Rollers DnD,large,High Rollers: Curse of Strahd #3 | Fortunes of the Vistani,2020-04-27 16:00:25+00:00,7225,97147,2286,166,False,0.025240100054556496,120.4,120_to_180,2020,2020-04,2169,44.79
kF6yc2u-WC4,UC3qtZRMtWNaD2Q96STxgOrA,High Rollers DnD,large,Day of Many Deaths | Pokemon Emerald Nuzlocke #4,2020-04-24 16:00:25+00:00,12480,8031,206,23,False,0.028514506288133484,208.0,180_plus,2020,2020-04,2172,3.7
4e3vKIc0heo,UC3qtZRMtWNaD2Q96STxgOrA,High Rollers DnD,large,High Rollers: Aerois #68 | Baraz the Consumed,2020-04-23 16:00:02+00:00,11399,177417,2135,255,False,0.013471087888984708,190.0,180_plus,2020,2020-04,2173,81.65
JR4E27_a7cg,UC3qtZRMtWNaD2Q96STxgOrA,High Rollers DnD,large,High Rollers: Curse of Strahd #2 | Wrath of Fire & Death,2020-04-20 16:00:15+00:00,7795,126055,2719,192,False,0.023093094284241007,129.9,120_to_180,2020,2020-04,2176,57.93
_q_H2oJSvxw,UC3qtZRMtWNaD2Q96STxgOrA,High Rollers DnD,large,Hardcore Training Montage | Pokemon Emerald Nuzlocke #3,2020-04-17 17:00:17+00:00,12943,9271,239,31,False,0.029123071944774027,215.7,180_plus,2020,2020-04,2179,4.25
q2O24A9RwhE,UC3qtZRMtWNaD2Q96STxgOrA,High Rollers DnD,large,High Rollers: Aerois #67 |  One Guardian Army,2020-04-16 16:00:32+00:00,10847,126585,2057,175,False,0.017632420902950585,180.8,180_plus,2020,2020-04,2180,58.07
DKp_OhRpzZw,UC3qtZRMtWNaD2Q96STxgOrA,High Rollers DnD,large,High Rollers: Curse of Strahd #1 | The Mists of Barovia,2020-04-13 16:00:05+00:00,7320,292519,5888,361,False,0.02136271490057056,122.0,120_to_180,2020,2020-04,2183,134.0
WzS0tKyEm0w,UC3qtZRMtWNaD2Q96STxgOrA,High Rollers DnD,large,Legendary Fishing Spot! | Pokemon Emerald Nuzlocke #2,2020-04-10 16:00:14+00:00,14413,10896,285,24,False,0.028359030837004404,240.2,180_plus,2020,2020-04,2186,4.98
xMeaog70EzU,UC3qtZRMtWNaD2Q96STxgOrA,High Rollers DnD,large,High Rollers: Aerois #66 | Rock and Gnoll,2020-04-09 16:00:34+00:00,10617,144917,2141,153,False,0.015829750822884823,177.0,120_to_180,2020,2020-04,2187,66.26
B-LhjsuuxcM,UC3qtZRMtWNaD2Q96STxgOrA,High Rollers DnD,large,Nuzlocke + D&D = CHAOS | Pokemon Emerald Nuzlocke #1,2020-04-03 16:00:09+00:00,12986,19083,462,66,False,0.02766860556516271,216.4,180_plus,2020,2020-04,2193,8.7
2IAyQHTSl4k,UC3qtZRMtWNaD2Q96STxgOrA,High Rollers DnD,large,High Rollers: Aerois #65 | Dance with the Devil,2020-04-02 17:00:01+00:00,10414,138244,2335,249,False,0.018691588785046728,173.6,120_to_180,2020,2020-04,2194,63.01
JeY7ShMoHVU,UC3qtZRMtWNaD2Q96STxgOrA,High Rollers DnD,large,The Descent Into Chaos | Pokemon Fire Red Nuzlocke #2,2020-03-27 17:30:00+00:00,15746,9529,296,49,False,0.03620526812886977,262.4,180_plus,2020,2020-03,2200,4.33
ing35NugPWU,UC3qtZRMtWNaD2Q96STxgOrA,High Rollers DnD,large,High Rollers: Aerois #64 | A Hawk's Dawn Holiday,2020-03-26 17:00:16+00:00,10856,166091,2653,330,False,0.017960033957288474,180.9,180_plus,2020,2020-03,2201,75.46
aCM2isq2bmQ,UC3qtZRMtWNaD2Q96STxgOrA,High Rollers DnD,large,"100% Random, 100% Chaos | Pokemon Fire Red Nuzlocke #1",2020-03-24 17:00:01+00:00,13105,14943,442,51,False,0.03299203640500569,218.4,180_plus,2020,2020-03,2203,6.78
w2F1o1oFmjA,UC3qtZRMtWNaD2Q96STxgOrA,High Rollers DnD,large,Big Bloody Stanky Butt Book | Divinity: Original Sin #3,2020-03-20 17:00:18+00:00,11482,5939,137,12,False,0.02508839872032329,191.4,180_plus,2020,2020-03,2207,2.69
MusO88MP608,UC3qtZRMtWNaD2Q96STxgOrA,High Rollers DnD,large,High Rollers: Aerois #63 | Arise,2020-03-12 17:00:11+00:00,10985,147655,2380,275,False,0.017981104601943722,183.1,180_plus,2020,2020-03,2215,66.66
FRNYouIEcFM,UC3qtZRMtWNaD2Q96STxgOrA,High Rollers DnD,large,Robbin' Graves and Breakin' Webcams | Divinity: Original Sin #2,2020-03-06 17:00:05+00:00,11491,6420,186,21,False,0.032242990654205606,191.5,180_plus,2020,2020-03,2221,2.89
NbyqNDghpv0,UC3qtZRMtWNaD2Q96STxgOrA,High Rollers DnD,large,High Rollers: Aerois #62 | Trial of the Prime,2020-03-05 17:00:13+00:00,10836,150405,2483,273,False,0.01832385891426482,180.6,180_plus,2020,2020-03,2222,67.69
zE6tFctN6o0,UC3qtZRMtWNaD2Q96STxgOrA,High Rollers DnD,large,Murge and Barf Sempsin's Grand Adventure | Divinity: Original Sin #1,2020-02-28 17:00:13+00:00,10839,14671,419,31,False,0.030672755776702337,180.6,180_plus,2020,2020-02,2228,6.58
kmwCfaLU0cY,UC3qtZRMtWNaD2Q96STxgOrA,High Rollers DnD,large,High Rollers: Aerois #61 | Hot Under The Collar,2020-02-27 17:00:25+00:00,10621,124547,2227,181,False,0.019334066657567022,177.0,120_to_180,2020,2020-02,2229,55.88
zJ0VnVGr99Y,UC3qtZRMtWNaD2Q96STxgOrA,High Rollers DnD,large,D&D Adventures written by an AI Dungeon Master | CHAOS TWINS,2020-02-24 17:00:25+00:00,11332,17186,533,37,False,0.03316653089724194,188.9,180_plus,2020,2020-02,2232,7.7
OaGCarJMQjg,UC3qtZRMtWNaD2Q96STxgOrA,High Rollers DnD,large,High Rollers: One Shot | IRONSWORN,2020-02-20 17:00:11+00:00,10729,33876,934,69,False,0.02960798205219034,178.8,120_to_180,2020,2020-02,2236,15.15
J19gnD_W3UY,UC3qtZRMtWNaD2Q96STxgOrA,High Rollers DnD,large,High Rollers Battle Royale | CHAOS TWINS,2020-02-14 18:30:02+00:00,11308,13652,418,46,False,0.033987694110753,188.5,180_plus,2020,2020-02,2242,6.09
p6jfC2cGCB0,UC3qtZRMtWNaD2Q96STxgOrA,High Rollers DnD,large,High Rollers: Aerois #60 | Under the Ash,2020-02-13 17:00:20+00:00,10660,133754,2224,221,False,0.0182798271453564,177.7,120_to_180,2020,2020-02,2243,59.63
_i1ASVKHVpU,UC3qtZRMtWNaD2Q96STxgOrA,High Rollers DnD,large,The Fall of Jeighsun | CHAOS TWINS,2020-02-07 17:00:09+00:00,12112,9779,304,26,False,0.03374578177727784,201.9,180_plus,2020,2020-02,2249,4.35
StC1qZRxp8o,UC3qtZRMtWNaD2Q96STxgOrA,High Rollers DnD,large,High Rollers: Aerois #59 | Call of the Storm,2020-02-06 17:00:16+00:00,10581,128633,2343,193,False,0.019715003148492224,176.4,120_to_180,2020,2020-02,2250,57.17
9gJ2vQuDtIA,UC3qtZRMtWNaD2Q96STxgOrA,High Rollers DnD,large,The Rise of Jeighsun | CHAOS TWINS,2020-01-31 17:00:04+00:00,11070,16416,574,28,False,0.03667153996101365,184.5,180_plus,2020,2020-01,2256,7.28
QiqimMKb9Us,UC3qtZRMtWNaD2Q96STxgOrA,High Rollers DnD,large,High Rollers: Aerois #58 | The Dark Herald,2020-01-30 17:00:10+00:00,10762,125264,2316,297,False,0.020859943798697152,179.4,120_to_180,2020,2020-01,2257,55.5
BSxtOkoraEc,UC3qtZRMtWNaD2Q96STxgOrA,High Rollers DnD,large,Sonic Adventure 2: Battle | CHAOS TWINS,2020-01-24 17:00:03+00:00,12582,14878,471,47,False,0.03481650759510687,209.7,180_plus,2020,2020-01,2263,6.57
8dIDPiEYSJs,UC3qtZRMtWNaD2Q96STxgOrA,High Rollers DnD,large,High Rollers: Aerois #57 | The Unlikely Alliance,2020-01-23 17:00:03+00:00,10470,155591,2382,190,False,0.01653051911742967,174.5,120_to_180,2020,2020-01,2264,68.72
T7pTZd1jIUE,UC3qtZRMtWNaD2Q96STxgOrA,High Rollers DnD,large,High Rollers: Aerois #56 | Hearts of Glass,2020-01-16 17:00:08+00:00,11057,131219,2381,203,False,0.019692270174288786,184.3,180_plus,2020,2020-01,2271,57.78
-XvsAI-oCPQ,UC3qtZRMtWNaD2Q96STxgOrA,High Rollers DnD,large,High Rollers: Aerois #55 | Explosive Revelations,2020-01-09 17:00:00+00:00,10652,151812,2543,350,False,0.01905646457460543,177.5,120_to_180,2020,2020-01,2278,66.64
ur_ntF6D7Tg,UC3qtZRMtWNaD2Q96STxgOrA,High Rollers DnD,large,High Rollers: One Shot | Neon City Outlaws,2019-12-19 17:00:16+00:00,10219,29070,834,71,False,0.031131750945992433,170.3,120_to_180,2019,2019-12,2299,12.64
IfjJuPYLxBU,UC3qtZRMtWNaD2Q96STxgOrA,High Rollers DnD,large,High Rollers: One Shot | Dungeon of the Mad Mark!,2019-12-12 17:00:04+00:00,10048,62769,1564,109,False,0.02665328426452548,167.5,120_to_180,2019,2019-12,2306,27.22
VaEQ__YDzFA,UC3qtZRMtWNaD2Q96STxgOrA,High Rollers DnD,large,High Rollers: Aerois #54 | The Last Brookstone,2019-11-28 17:00:06+00:00,10870,164633,2731,350,False,0.018714352529565763,181.2,180_plus,2019,2019-11,2320,70.96
9G8cuEj35DU,UC3qtZRMtWNaD2Q96STxgOrA,High Rollers DnD,large,High Rollers: Aerois #53 | The Tunnels Beneath,2019-11-21 16:00:02+00:00,10819,150526,2447,184,False,0.017478707997289504,180.3,180_plus,2019,2019-11,2327,64.69
psXRnHHT4hQ,UC3qtZRMtWNaD2Q96STxgOrA,High Rollers DnD,large,High Rollers: Aerois #52 | The Glorious Vivex,2019-11-14 17:00:11+00:00,10637,126830,2356,307,False,0.020996609634944412,177.3,120_to_180,2019,2019-11,2334,54.34
oSrQQLa9dWw,UC3qtZRMtWNaD2Q96STxgOrA,High Rollers DnD,large,Idle Champions - New Champion Sentry! #ad,2019-11-13 17:29:34+00:00,4043,6162,202,21,False,0.0361895488477767,67.4,60_to_120,2019,2019-11,2335,2.64
HT5ETuFT76o,UC3qtZRMtWNaD2Q96STxgOrA,High Rollers DnD,large,High Rollers: Aerois #51 | Part of the Team,2019-11-07 17:00:02+00:00,10399,134546,2486,252,False,0.020349917500334457,173.3,120_to_180,2019,2019-11,2341,57.47
WhxPr1CEOrY,UC3qtZRMtWNaD2Q96STxgOrA,High Rollers DnD,large,High Rollers: Aerois #50 | A Desperate Escape,2019-10-31 17:00:06+00:00,10083,128824,2483,290,False,0.021525492144320934,168.0,120_to_180,2019,2019-10,2348,54.87
WdAjW-FJr5Y,UC3qtZRMtWNaD2Q96STxgOrA,High Rollers DnD,large,High Rollers: Aerois #49 | Aegis V,2019-10-24 16:01:57+00:00,11072,141184,2298,177,False,0.017530315049864006,184.5,180_plus,2019,2019-10,2355,59.95
arlwvCrW4ko,UC3qtZRMtWNaD2Q96STxgOrA,High Rollers DnD,large,High Rollers: Aerois #48 | Darkness of the Coldlight,2019-10-10 16:00:01+00:00,10929,142451,2436,181,False,0.01837122940519898,182.2,180_plus,2019,2019-10,2369,60.13
YQppD2bwLG4,UC3qtZRMtWNaD2Q96STxgOrA,High Rollers DnD,large,High Rollers: Aerois #47 | Under the Sea,2019-10-03 16:00:06+00:00,10639,134317,2347,169,False,0.01873180610049361,177.3,120_to_180,2019,2019-10,2376,56.53
8Ty54oLChC8,UC3qtZRMtWNaD2Q96STxgOrA,High Rollers DnD,large,High Rollers: Lightfall's Descent #11 | The End...?,2019-10-01 16:00:01+00:00,6791,26259,846,109,False,0.036368483186716934,113.2,60_to_120,2019,2019-10,2378,11.04
4txTt9tYoTE,UC3qtZRMtWNaD2Q96STxgOrA,High Rollers DnD,large,High Rollers: Aerois #46 | Yama Lo'Tai Troubles,2019-09-26 16:00:00+00:00,10381,131878,2395,257,False,0.020109495139447063,173.0,120_to_180,2019,2019-09,2383,55.34
vSG6tBogvmg,UC3qtZRMtWNaD2Q96STxgOrA,High Rollers DnD,large,High Rollers: Lightfall's Descent #10 | A Rock and a Hard Place,2019-09-24 16:00:12+00:00,6396,23752,838,70,False,0.03822835971707646,106.6,60_to_120,2019,2019-09,2385,9.96
J5pMicZeN8U,UC3qtZRMtWNaD2Q96STxgOrA,High Rollers DnD,large,LONG LIVE THE KING | Reigns: The Council #ad,2019-09-21 17:00:53+00:00,4793,73361,3124,189,False,0.04516023500224915,79.9,60_to_120,2019,2019-09,2388,30.72
X9wukSMYyeY,UC3qtZRMtWNaD2Q96STxgOrA,High Rollers DnD,large,High Rollers: Aerois #45 | Maiden Voyage,2019-09-12 16:00:10+00:00,10046,135625,2565,242,False,0.020696774193548387,167.4,120_to_180,2019,2019-09,2397,56.58
2U2Ds7PXBCc,UC3qtZRMtWNaD2Q96STxgOrA,High Rollers DnD,large,High Rollers LIVE at PAX West 2019 | A Plane in the Astral,2019-09-07 16:00:00+00:00,7143,35157,1268,99,False,0.03888272605739967,119.0,60_to_120,2019,2019-09,2402,14.64
OyqIEZjqbX0,UC3qtZRMtWNaD2Q96STxgOrA,High Rollers DnD,large,High Rollers: PAX West 2019 Q&A!,2019-09-01 16:00:05+00:00,3677,16473,821,36,False,0.05202452498027075,61.3,60_to_120,2019,2019-09,2408,6.84
JleRdT1ZKSw,UC3qtZRMtWNaD2Q96STxgOrA,High Rollers DnD,large,High Rollers: Aerois #44 | The Elenasto Fiasco,2019-08-29 16:00:07+00:00,10543,129559,2704,293,False,0.023132318094458895,175.7,120_to_180,2019,2019-08,2411,53.74
j17iYOKLWbE,UC3qtZRMtWNaD2Q96STxgOrA,High Rollers DnD,large,High Rollers: Lightfall's Descent #9 | Mad Maggie's Junkyard,2019-08-27 16:00:07+00:00,5982,25130,842,64,False,0.036052526860326305,99.7,60_to_120,2019,2019-08,2413,10.41
WuzGYpWNezY,UC3qtZRMtWNaD2Q96STxgOrA,High Rollers DnD,large,High Rollers: Aerois #43 | Secrets of the Galecrown,2019-08-22 16:00:12+00:00,10568,143620,2559,330,False,0.020115582787912548,176.1,120_to_180,2019,2019-08,2418,59.4
qp0jWEjgIrg,UC3qtZRMtWNaD2Q96STxgOrA,High Rollers DnD,large,High Rollers: Lightfall's Descent #8 | Hand of Vecna,2019-08-20 16:00:11+00:00,6435,25540,893,123,False,0.03978073610023493,107.2,60_to_120,2019,2019-08,2420,10.55
ERsSm1bXD84,UC3qtZRMtWNaD2Q96STxgOrA,High Rollers DnD,large,High Rollers: Aerois #42 | Legends and Libraries,2019-08-15 16:00:02+00:00,10978,172985,3028,318,False,0.019342717576668497,183.0,180_plus,2019,2019-08,2425,71.33
_ay4aWcM5Ro,UC3qtZRMtWNaD2Q96STxgOrA,High Rollers DnD,large,High Rollers: Lightfall's Descent #7 | Arkhan's Ambush,2019-08-13 16:00:04+00:00,6415,26940,869,78,False,0.03515219005196733,106.9,60_to_120,2019,2019-08,2427,11.1
QHJVMxX_o3g,UC3qtZRMtWNaD2Q96STxgOrA,High Rollers DnD,large,High Rollers SPECIAL: YogCon 2019 Q&A!,2019-08-12 16:00:04+00:00,2321,17029,852,36,False,0.05214633859886077,38.7,under_60,2019,2019-08,2428,7.01
8quGwTw8DUk,UC3qtZRMtWNaD2Q96STxgOrA,High Rollers DnD,large,High Rollers: YogCon 2019 One Shot | Wicked Wit's Wonderium!,2019-08-08 16:00:02+00:00,7340,22408,818,46,False,0.03855765797929311,122.3,120_to_180,2019,2019-08,2432,9.21
smNCyLph-ns,UC3qtZRMtWNaD2Q96STxgOrA,High Rollers DnD,large,"High Rollers: Aerois #41 | Moonstar, Monsters and Money",2019-07-25 16:00:12+00:00,10107,134624,2508,229,False,0.02033069883527454,168.4,120_to_180,2019,2019-07,2446,55.04
mTbDO8tsLXE,UC3qtZRMtWNaD2Q96STxgOrA,High Rollers DnD,large,High Rollers: Lightfall's Descent #6 | Arkhan's Army,2019-07-23 16:00:06+00:00,6379,29662,931,61,False,0.0334434630166543,106.3,60_to_120,2019,2019-07,2448,12.12
vCKARyxzIIg,UC3qtZRMtWNaD2Q96STxgOrA,High Rollers DnD,large,High Rollers Fan Art: 14th July 2019,2019-07-20 16:00:10+00:00,386,5258,223,17,False,0.045644731837200456,6.4,under_60,2019,2019-07,2451,2.15
8Gf8gCl3az4,UC3qtZRMtWNaD2Q96STxgOrA,High Rollers DnD,large,High Rollers: Aerois #40 | Ticking Timebomb,2019-07-18 16:00:01+00:00,10353,139637,2482,226,False,0.01939314078646777,172.6,120_to_180,2019,2019-07,2453,56.92
_F4gRxsx6dQ,UC3qtZRMtWNaD2Q96STxgOrA,High Rollers DnD,large,High Rollers: Lightfall's Descent #5 | The Dark Tower,2019-07-16 16:00:09+00:00,6431,30683,923,67,False,0.03226542385034058,107.2,60_to_120,2019,2019-07,2455,12.5
jq_FDy2nz_w,UC3qtZRMtWNaD2Q96STxgOrA,High Rollers DnD,large,High Rollers: Aerois #39 | Disguising and Dealing,2019-07-11 16:00:12+00:00,10359,150856,2593,294,False,0.019137455586784747,172.6,120_to_180,2019,2019-07,2460,61.32
FAL5y54Tja8,UC3qtZRMtWNaD2Q96STxgOrA,High Rollers DnD,large,High Rollers: Lightfall's Descent #4 | Demon Deceptions,2019-07-09 16:00:02+00:00,6592,32078,912,55,False,0.030145270902175947,109.9,60_to_120,2019,2019-07,2462,13.03
FkACzaAsLTs,UC3qtZRMtWNaD2Q96STxgOrA,High Rollers DnD,large,High Rollers: Aerois #38 | The Elenasto Enquiry,2019-07-04 16:00:02+00:00,10391,158203,2762,249,False,0.01903250886519219,173.2,120_to_180,2019,2019-07,2467,64.13
FxcdZQBvkQ8,UC3qtZRMtWNaD2Q96STxgOrA,High Rollers DnD,large,High Rollers: Lightfall's Descent #3 | Dodgy Deals,2019-07-02 16:00:04+00:00,6855,38511,1039,95,False,0.02944613227389577,114.2,60_to_120,2019,2019-07,2469,15.6
zQrt2PiOAIk,UC3qtZRMtWNaD2Q96STxgOrA,High Rollers DnD,large,High Rollers: Aerois #37 | A New Way Out,2019-06-27 16:00:14+00:00,10397,151834,2598,206,False,0.01846753691531541,173.3,120_to_180,2019,2019-06,2474,61.37
xkBWr5X1SkA,UC3qtZRMtWNaD2Q96STxgOrA,High Rollers DnD,large,High Rollers: Lightfall's Descent #2 | The Ferryman,2019-06-25 16:00:14+00:00,6747,48867,1299,130,False,0.02924263818118567,112.4,60_to_120,2019,2019-06,2476,19.74
15nlGy1KoT8,UC3qtZRMtWNaD2Q96STxgOrA,High Rollers DnD,large,High Rollers: Aerois #36 | Goblins and Guardians,2019-06-13 16:00:01+00:00,11179,184638,2815,243,False,0.01656213780478558,186.3,180_plus,2019,2019-06,2488,74.21
Budw5knvvtE,UC3qtZRMtWNaD2Q96STxgOrA,High Rollers DnD,large,High Rollers: Aerois #35 | Riddle of the Forge,2019-06-06 16:00:00+00:00,11051,155493,2543,246,False,0.017936498749139832,184.2,180_plus,2019,2019-06,2495,62.32
tx_aeT6y6Go,UC3qtZRMtWNaD2Q96STxgOrA,High Rollers DnD,large,Idle Champions - New Champion Qillek! #ad,2019-05-28 16:00:14+00:00,4118,7776,238,28,False,0.03420781893004115,68.6,60_to_120,2019,2019-05,2504,3.11
wEFIkeOszws,UC3qtZRMtWNaD2Q96STxgOrA,High Rollers DnD,large,"High Rollers Lightfall: The Descent #1 | Old Friends, New Worlds",2019-05-26 16:00:06+00:00,5888,78048,1958,165,False,0.02720120951209512,98.1,60_to_120,2019,2019-05,2506,31.14
VE7dvK-ox7g,UC3qtZRMtWNaD2Q96STxgOrA,High Rollers DnD,large,High Rollers: Aerois #34 | Stranger of the Storm,2019-05-16 16:00:08+00:00,11343,163343,2584,218,False,0.017154086798944552,189.0,180_plus,2019,2019-05,2516,64.92
9nDw80Vi_Ys,UC3qtZRMtWNaD2Q96STxgOrA,High Rollers DnD,large,High Rollers: Aerois #33 | The Portal Problem,2019-05-09 16:00:00+00:00,10693,151754,2788,252,False,0.020032420891706315,178.2,120_to_180,2019,2019-05,2523,60.15
eYmRlq3K8BU,UC3qtZRMtWNaD2Q96STxgOrA,High Rollers DnD,large,High Rollers: Aerois #32 | Whispers of the Void,2019-04-25 16:00:04+00:00,10860,167988,2869,417,False,0.019560921018167966,181.0,180_plus,2019,2019-04,2537,66.22
RuwZ2aPtkZ4,UC3qtZRMtWNaD2Q96STxgOrA,High Rollers DnD,large,High Rollers LIVE at TwitchCon Europe 2019 | The Curse of Captain Darkfinn,2019-04-20 16:00:07+00:00,5481,19194,691,67,False,0.039491507762842555,91.4,60_to_120,2019,2019-04,2542,7.55
IULwyT1jl7E,UC3qtZRMtWNaD2Q96STxgOrA,High Rollers DnD,large,Idle Champions: AILA'S IN THE GAME! #ad,2019-04-15 16:00:03+00:00,4006,10749,306,14,False,0.029770211182435575,66.8,60_to_120,2019,2019-04,2547,4.22
G6cTIsJ3qFE,UC3qtZRMtWNaD2Q96STxgOrA,High Rollers DnD,large,High Rollers: Aerois #31 | Hall of the Gods,2019-04-11 16:00:02+00:00,10996,151944,2620,175,False,0.018394934976043806,183.3,180_plus,2019,2019-04,2551,59.56
yEsv76biQEQ,UC3qtZRMtWNaD2Q96STxgOrA,High Rollers DnD,large,High Rollers: Aerois #30 | The Depths of the Night Eye,2019-04-04 16:00:07+00:00,10260,148910,2483,152,False,0.017695252165737693,171.0,120_to_180,2019,2019-04,2558,58.21
yMWNwpmAq48,UC3qtZRMtWNaD2Q96STxgOrA,High Rollers DnD,large,High Rollers: Aerois #29 | Marrows of Myrskyr,2019-03-28 17:00:16+00:00,12005,256682,2767,293,False,0.01192136573659236,200.1,180_plus,2019,2019-03,2565,100.07
55rS2TQhWLw,UC3qtZRMtWNaD2Q96STxgOrA,High Rollers DnD,large,High Rollers: Aerois #28 | From Beyond the Cradle,2019-03-21 17:00:00+00:00,10711,155238,2778,279,False,0.01969234336953581,178.5,120_to_180,2019,2019-03,2572,60.36
wtqwZtDYXI8,UC3qtZRMtWNaD2Q96STxgOrA,High Rollers DnD,large,High Rollers: Aerois #27 | The Land of Roving Storm,2019-03-14 17:00:06+00:00,10794,170196,2980,301,False,0.01927777386072528,179.9,120_to_180,2019,2019-03,2579,65.99
jSgyg_eGKig,UC3qtZRMtWNaD2Q96STxgOrA,High Rollers DnD,large,High Rollers: Aerois #26 | The Purge,2019-03-07 17:00:06+00:00,10676,173410,3358,504,False,0.022270918632143474,177.9,120_to_180,2019,2019-03,2586,67.06
rY9GT80JaPM,UC3qtZRMtWNaD2Q96STxgOrA,High Rollers DnD,large,High Rollers: Aerois #25 | Into the Fire,2019-02-28 17:00:09+00:00,10767,147057,2649,262,False,0.019795045458563688,179.4,120_to_180,2019,2019-02,2593,56.71
kOo4GQ1aE3E,UC3qtZRMtWNaD2Q96STxgOrA,High Rollers DnD,large,High Rollers: Aerois #24 | Out of the Frying Pan,2019-02-21 17:00:13+00:00,10439,149135,2782,221,False,0.020136118282093406,174.0,120_to_180,2019,2019-02,2600,57.36
82Ile5CG7L0,UC3qtZRMtWNaD2Q96STxgOrA,High Rollers DnD,large,High Rollers: Aerois #23 | Ill Winds Blow,2019-02-14 17:00:01+00:00,11101,163418,2906,296,False,0.019593924781847776,185.0,180_plus,2019,2019-02,2607,62.68
Qp3cbEUAQvE,UC3qtZRMtWNaD2Q96STxgOrA,High Rollers DnD,large,High Rollers: Aerois #22 | Primed and Ready,2019-02-07 17:00:03+00:00,10879,192307,3056,277,False,0.017331662393984617,181.3,180_plus,2019,2019-02,2614,73.57
fUJy-J7vRm8,UC3qtZRMtWNaD2Q96STxgOrA,High Rollers DnD,large,High Rollers: Aerois #21 | Burning Questions,2019-01-31 17:00:05+00:00,10615,166805,2912,289,False,0.019190072240040768,176.9,120_to_180,2019,2019-01,2621,63.64
VCi9nCtKaVM,UC3qtZRMtWNaD2Q96STxgOrA,High Rollers DnD,large,High Rollers: Aerois #20 | Spell Clash!,2019-01-24 17:00:03+00:00,10679,215994,3146,235,False,0.01565321258923859,178.0,120_to_180,2019,2019-01,2628,82.19
kjcR3GQsUkg,UC3qtZRMtWNaD2Q96STxgOrA,High Rollers DnD,large,High Rollers: Aerois #19 | Echoes of the Past,2019-01-17 21:15:00+00:00,10767,184617,3216,316,False,0.01913149926604809,179.4,120_to_180,2019,2019-01,2635,70.06
PBtXKQGWnHE,UC3qtZRMtWNaD2Q96STxgOrA,High Rollers DnD,large,High Rollers: Aerois #18 | Eternal Rest,2019-01-10 17:00:03+00:00,11360,209824,3292,263,False,0.01694277108433735,189.3,180_plus,2019,2019-01,2642,79.42
VvEoTApV0G8,UC3qtZRMtWNaD2Q96STxgOrA,High Rollers DnD,large,High Rollers: 2018 Rollback!,2019-01-03 17:00:04+00:00,10978,23979,748,79,False,0.03448851078026607,183.0,180_plus,2019,2019-01,2649,9.05
ZRX8o-k0Xl8,UC3qtZRMtWNaD2Q96STxgOrA,High Rollers DnD,large,High Rollers: Xmas Special Family Boardgames!,2018-12-20 19:00:02+00:00,10187,29771,713,23,False,0.0247220449430654,169.8,120_to_180,2018,2018-12,2663,11.18
RJo4FC3OFcI,UC3qtZRMtWNaD2Q96STxgOrA,High Rollers DnD,large,High Rollers: One Shot | Honey Heist & Jason Statham's Big Vacation,2018-12-13 17:00:10+00:00,10742,27824,664,48,False,0.02558941920644048,179.0,120_to_180,2018,2018-12,2670,10.42
7dUesSrk3pc,UC3qtZRMtWNaD2Q96STxgOrA,High Rollers DnD,large,High Rollers: Xmas Special w/ Matthew Mercer!,2018-12-07 18:48:48+00:00,10657,115237,2498,184,False,0.02327377491604259,177.6,120_to_180,2018,2018-12,2676,43.06
aw9W9CeCqog,UC3qtZRMtWNaD2Q96STxgOrA,High Rollers DnD,large,High Rollers: Aerois #17 | The Bow,2018-11-29 17:00:00+00:00,10754,186825,3358,360,False,0.01990097684999331,179.2,120_to_180,2018,2018-11,2684,69.61
s0bIYRs0Lxc,UC3qtZRMtWNaD2Q96STxgOrA,High Rollers DnD,large,High Rollers: Rogue's Gambit #11 | The Finale!,2018-11-27 17:00:06+00:00,6644,21236,813,107,False,0.04332265963458278,110.7,60_to_120,2018,2018-11,2686,7.91
eOtd8AuELuk,UC3qtZRMtWNaD2Q96STxgOrA,High Rollers DnD,large,High Rollers: Aerois #16 | Dark Rituals,2018-11-22 17:00:04+00:00,10732,171627,3160,294,False,0.0201250386011525,178.9,120_to_180,2018,2018-11,2691,63.78
Qsk28I3DNkQ,UC3qtZRMtWNaD2Q96STxgOrA,High Rollers DnD,large,High Rollers: Rogue's Gambit #10 | The Vault,2018-11-20 17:00:03+00:00,7210,23845,740,85,False,0.0345984483120151,120.2,120_to_180,2018,2018-11,2693,8.85
pgRLkEY_Dmo,UC3qtZRMtWNaD2Q96STxgOrA,High Rollers DnD,large,High Rollers: Aerois #15 | The Ironwick Mystery,2018-11-15 17:00:10+00:00,11068,186083,3276,344,False,0.019453684646098784,184.5,180_plus,2018,2018-11,2698,68.97
Up1Z4Ki0OwY,UC3qtZRMtWNaD2Q96STxgOrA,High Rollers DnD,large,High Rollers: One Shot | SPECTACULARS RPG!,2018-11-14 17:00:08+00:00,9301,39729,1067,80,False,0.028870598303506256,155.0,120_to_180,2018,2018-11,2699,14.72
CaQL2aEPS4o,UC3qtZRMtWNaD2Q96STxgOrA,High Rollers DnD,large,High Rollers: Rogue's Gambit #9 | The Old Windmill,2018-11-13 17:00:01+00:00,7137,28426,781,39,False,0.02884683036656582,119.0,60_to_120,2018,2018-11,2700,10.53
u9nEggihGdU,UC3qtZRMtWNaD2Q96STxgOrA,High Rollers DnD,large,High Rollers: Aerois | #14  - Brush With Death,2018-11-08 20:15:17+00:00,10416,181431,3534,357,False,0.02144616961820196,173.6,120_to_180,2018,2018-11,2705,67.07
e8-dpx67rNw,UC3qtZRMtWNaD2Q96STxgOrA,High Rollers DnD,large,High Rollers: A Rogue's Gambit #8 | The Drow Who Loved Me,2018-11-06 17:00:04+00:00,7201,31109,782,44,False,0.026551801729403066,120.0,120_to_180,2018,2018-11,2707,11.49
hMDw0Lh9pto,UC3qtZRMtWNaD2Q96STxgOrA,High Rollers DnD,large,High Rollers LIVE at MCM Comicon 2018 | The Swift and the Sorcerous,2018-11-03 17:00:03+00:00,6514,11381,437,31,False,0.04112116685704244,108.6,60_to_120,2018,2018-11,2710,4.2
eDB3ukbcR48,UC3qtZRMtWNaD2Q96STxgOrA,High Rollers DnD,large,High Rollers: Aerois | #13 - The Princess and The Pixie,2018-11-01 17:00:04+00:00,10351,199197,3594,429,False,0.020196087290471242,172.5,120_to_180,2018,2018-11,2712,73.45
TeWvLRqSMIk,UC3qtZRMtWNaD2Q96STxgOrA,High Rollers DnD,large,High Rollers: A Rogue's Gambit #7 | The Eye Catcher,2018-10-31 19:00:05+00:00,5762,29878,807,57,False,0.02891759823281344,96.0,60_to_120,2018,2018-10,2713,11.01
hTmP52zNTls,UC3qtZRMtWNaD2Q96STxgOrA,High Rollers DnD,large,High Rollers: One Shot | Infernal Asylum #2,2018-10-25 16:00:10+00:00,10672,22760,652,48,False,0.030755711775043937,177.9,120_to_180,2018,2018-10,2719,8.37
HNbpoJAefIg,UC3qtZRMtWNaD2Q96STxgOrA,High Rollers DnD,large,High Rollers: One Shot | Infernal Asylum #1,2018-10-18 16:00:03+00:00,10034,47753,1175,93,False,0.026553305551483677,167.2,120_to_180,2018,2018-10,2726,17.52
s1lcaAEiquQ,UC3qtZRMtWNaD2Q96STxgOrA,High Rollers DnD,large,High Rollers: A Rogue's Gambit #6 | The ISTAR Trials,2018-10-12 16:00:09+00:00,6950,33528,842,65,False,0.02705201622524457,115.8,60_to_120,2018,2018-10,2732,12.27
iR5n3sTcjUE,UC3qtZRMtWNaD2Q96STxgOrA,High Rollers DnD,large,High Rollers: Aerois | #12 - The Path to Justice,2018-10-11 16:00:11+00:00,10208,171916,3437,374,False,0.02216780288047651,170.1,120_to_180,2018,2018-10,2733,62.9
_S03lRYxCkA,UC3qtZRMtWNaD2Q96STxgOrA,High Rollers DnD,large,High Rollers: Aerois | #11 - Eye for an Eye,2018-10-04 16:00:04+00:00,10131,176374,3479,390,False,0.02193633982332997,168.8,120_to_180,2018,2018-10,2740,64.37
89CQJn4gzAQ,UC3qtZRMtWNaD2Q96STxgOrA,High Rollers DnD,large,High Rollers: A Rogue's Gambit #5 | Bertie's Big Break,2018-10-02 16:00:02+00:00,6766,37950,1065,66,False,0.029802371541501976,112.8,60_to_120,2018,2018-10,2742,13.84
rKg3FDvfLAY,UC3qtZRMtWNaD2Q96STxgOrA,High Rollers DnD,large,High Rollers: Aerois #10 | The Thorns,2018-09-27 16:00:06+00:00,9854,183882,3509,363,False,0.021056982195103383,164.2,120_to_180,2018,2018-09,2747,66.94
EahNbCi7XSA,UC3qtZRMtWNaD2Q96STxgOrA,High Rollers DnD,large,High Rollers: A Rogue's Gambit #4 | A Noble Sacrifice,2018-09-25 16:00:04+00:00,6779,40940,1017,117,False,0.027699071812408403,113.0,60_to_120,2018,2018-09,2749,14.89
X-t10Vypn80,UC3qtZRMtWNaD2Q96STxgOrA,High Rollers DnD,large,High Rollers: A Rogue's Gambit #3 | Dinner Party Raid,2018-09-18 16:00:04+00:00,6709,51146,1170,92,False,0.024674461345950808,111.8,60_to_120,2018,2018-09,2756,18.56
VNqG7iNlFIA,UC3qtZRMtWNaD2Q96STxgOrA,High Rollers DnD,large,High Rollers: Aerois #9 | Riches of Rosehall,2018-09-13 16:33:37+00:00,10029,198607,3604,394,False,0.020130206890995785,167.2,120_to_180,2018,2018-09,2761,71.93
3oLyiJlqypg,UC3qtZRMtWNaD2Q96STxgOrA,High Rollers DnD,large,High Rollers: A Rogue's Gambit #2 | Meeting with Dandelion,2018-09-11 16:00:02+00:00,6715,60180,1344,127,False,0.02444333665669658,111.9,60_to_120,2018,2018-09,2763,21.78
zkXXXVdeQ2Q,UC3qtZRMtWNaD2Q96STxgOrA,High Rollers DnD,large,High Rollers: Aerois #8 | Cattle Rustlers,2018-09-06 16:00:19+00:00,9425,209365,4110,477,False,0.021909106106560314,157.1,120_to_180,2018,2018-09,2768,75.64
BOfxTtjBx0s,UC3qtZRMtWNaD2Q96STxgOrA,High Rollers DnD,large,High Rollers: A Rogue's Gambit #1 | Welcome to the Team,2018-09-04 16:00:00+00:00,6800,100562,2259,248,False,0.02492989399574392,113.3,60_to_120,2018,2018-09,2770,36.3
YrY-krH6_Ic,UC3qtZRMtWNaD2Q96STxgOrA,High Rollers DnD,large,High Rollers: Rogue's Gambit | Character Creation,2018-08-31 16:00:08+00:00,7007,86561,1783,214,False,0.023070435877589213,116.8,60_to_120,2018,2018-08,2774,31.2
gy21YoYlLzQ,UC3qtZRMtWNaD2Q96STxgOrA,High Rollers DnD,large,High Rollers: One Shot | Microscope,2018-08-30 16:00:04+00:00,9752,50115,1251,123,False,0.027416941035618078,162.5,120_to_180,2018,2018-08,2775,18.06
LpPMAtvm8oc,UC3qtZRMtWNaD2Q96STxgOrA,High Rollers DnD,large,High Rollers: Aerois #7 | Guardian Secrets,2018-08-23 16:00:02+00:00,9768,215706,3818,313,False,0.019151066729715446,162.8,120_to_180,2018,2018-08,2782,77.54
xDlDe-HRy8k,UC3qtZRMtWNaD2Q96STxgOrA,High Rollers DnD,large,High Rollers: Aerois #6 | Into the Deep,2018-08-16 16:00:16+00:00,9802,241603,4034,362,False,0.018195138305401835,163.4,120_to_180,2018,2018-08,2789,86.63
d_D0VDUYLN0,UC3qtZRMtWNaD2Q96STxgOrA,High Rollers DnD,large,"High Rollers: Aerois #5 | Soft Beds, Warm Plates",2018-08-09 16:00:07+00:00,9965,288389,4620,389,False,0.01736890103297976,166.1,120_to_180,2018,2018-08,2796,103.14
CEyLVVhAPEM,UC3qtZRMtWNaD2Q96STxgOrA,High Rollers DnD,large,High Rollers: Aerois #4 | 2.5 Days to Die,2018-07-26 16:00:30+00:00,9531,281688,4814,381,False,0.018442390162165232,158.8,120_to_180,2018,2018-07,2810,100.24
gIMzMesqCKI,UC3qtZRMtWNaD2Q96STxgOrA,High Rollers DnD,large,High Rollers: Aerois #3 | The Midnight Raid,2018-07-19 16:00:03+00:00,8736,317100,5166,445,False,0.017694733522548092,145.6,120_to_180,2018,2018-07,2817,112.57
zwA-r0jAa_M,UC3qtZRMtWNaD2Q96STxgOrA,High Rollers DnD,large,High Rollers: Aerois #2 | Daddy's Lost Luggage,2018-07-12 16:00:08+00:00,10190,532264,7582,564,False,0.015304435392962891,169.8,120_to_180,2018,2018-07,2824,188.48
4tFVR96qCHA,UC3qtZRMtWNaD2Q96STxgOrA,High Rollers DnD,large,High Rollers: Aerois #1 | Welcome to Aerois,2018-07-05 16:00:00+00:00,11500,1845864,27135,1520,False,0.015523895584940169,191.7,180_plus,2018,2018-07,2831,652.02
M_werDi5Ddg,UC3qtZRMtWNaD2Q96STxgOrA,High Rollers DnD,large,10 Days of Aerois: A FIFTH PLAYER?! [Day 2],2018-06-29 17:00:01+00:00,358,54417,2280,190,False,0.0453902273186688,6.0,under_60,2018,2018-06,2837,19.18
y2YHZHSHpWU,UC3qtZRMtWNaD2Q96STxgOrA,High Rollers DnD,large,10 Days of Aerois: Katie's Character Reveal! [Day 3],2018-06-28 17:00:04+00:00,365,44018,1889,188,False,0.04718524240083602,6.1,under_60,2018,2018-06,2838,15.51
TYJ9S29u-XA,UC3qtZRMtWNaD2Q96STxgOrA,High Rollers DnD,large,10 Days of Aerois: Tom's Character Reveal! [Day 4],2018-06-27 17:00:02+00:00,530,48551,2168,201,False,0.04879405161582666,8.8,under_60,2018,2018-06,2839,17.1
3hthSXQlkR4,UC3qtZRMtWNaD2Q96STxgOrA,High Rollers DnD,large,10 Days of Aerois: Mark's Custom Rules [Day 5],2018-06-26 17:00:01+00:00,585,53234,2275,174,False,0.046004433256941056,9.8,under_60,2018,2018-06,2840,18.74
vD7mFn7V2XA,UC3qtZRMtWNaD2Q96STxgOrA,High Rollers DnD,large,10 Days of Aerois: Kim's Character Reveal! [Day 6],2018-06-25 17:00:04+00:00,552,50641,2189,177,False,0.046721036314448766,9.2,under_60,2018,2018-06,2841,17.83
Iezpl_lfOHQ,UC3qtZRMtWNaD2Q96STxgOrA,High Rollers DnD,large,10 Days of Aerois: The Races of Aerois [Day 7],2018-06-24 14:00:03+00:00,589,49755,2281,156,False,0.048980002009848256,9.8,under_60,2018,2018-06,2842,17.51
7yYrkWA3csk,UC3qtZRMtWNaD2Q96STxgOrA,High Rollers DnD,large,10 Days of Aerois: Trott's Character Reveal! [Day 8],2018-06-23 17:00:00+00:00,506,58870,2498,157,False,0.04509937149651775,8.4,under_60,2018,2018-06,2843,20.71
_FqDs2n3O_k,UC3qtZRMtWNaD2Q96STxgOrA,High Rollers DnD,large,10 Days of Aerois - Introduction to Aerois! [Day 9],2018-06-22 17:00:03+00:00,398,50689,2642,190,False,0.05587010988577403,6.6,under_60,2018,2018-06,2844,17.82
knUb6U71a7s,UC3qtZRMtWNaD2Q96STxgOrA,High Rollers DnD,large,10 Days of Aerois:  HUGE HIGH ROLLERS ANNOUNCEMENTS! [Day 10],2018-06-21 17:00:04+00:00,366,54724,2627,168,False,0.0510744828594401,6.1,under_60,2018,2018-06,2845,19.24
7INlGmdMT5Y,UCDP6Ob4_eVR4meY7S5fTYUg,Narrative Declaration,small,A Little Surprise in the Forest | Rotgrind S4 E23 | Pathfinder Second Edition,2026-03-26 15:00:20+00:00,7205,4599,255,46,False,0.0654490106544901,120.1,120_to_180,2026,2026-03,10,459.9
YyvAvA3PYlo,UCDP6Ob4_eVR4meY7S5fTYUg,Narrative Declaration,small,WarHams: A Chaos Odyssey Ep 2 | Finding the Path | Warhammer 40K TTRPG,2026-03-19 20:21:12+00:00,12940,55086,2052,316,False,0.04298732890389573,215.7,180_plus,2026,2026-03,17,3240.35
2s9Ju4gFbCk,UCDP6Ob4_eVR4meY7S5fTYUg,Narrative Declaration,small,WarHams: A Chaos Odyssey Ep 1 | Echoes | Warhammer 40K TTRPG,2026-03-05 17:00:07+00:00,9816,103958,4803,442,False,0.050453067584986244,163.6,120_to_180,2026,2026-03,31,3353.48
k6mtm-5Js3g,UCDP6Ob4_eVR4meY7S5fTYUg,Narrative Declaration,small,Panic! at the Festival | Rotgrind S4 E22 | Pathfinder Second Edition,2026-02-26 16:01:09+00:00,8907,7250,305,38,False,0.047310344827586205,148.4,120_to_180,2026,2026-02,38,190.79
BwGvwc92ZgE,UCDP6Ob4_eVR4meY7S5fTYUg,Narrative Declaration,small,Returning to the Nest | Rotgrind S4 E21 | Pathfinder Second Edition,2026-02-12 18:30:17+00:00,9043,7924,330,42,False,0.046945986875315496,150.7,120_to_180,2026,2026-02,52,152.38
6HyJSx63Ojs,UCDP6Ob4_eVR4meY7S5fTYUg,Narrative Declaration,small,Wish Fulfilled | Rotgrind S4 E20 | Pathfinder Second Edition,2026-01-15 16:00:10+00:00,10715,9496,338,43,False,0.040122156697556866,178.6,120_to_180,2026,2026-01,80,118.7
wp9cDG7uAFM,UCDP6Ob4_eVR4meY7S5fTYUg,Narrative Declaration,small,The Mystery Revealed | ft. @Bricky | Wrath & Glory | Ep. 16,2025-12-30 00:38:08+00:00,8845,18958,868,120,False,0.05211520202553012,147.4,120_to_180,2025,2025-12,97,195.44
g6ZNylRyzHc,UCDP6Ob4_eVR4meY7S5fTYUg,Narrative Declaration,small,Rotten Ghosts on the Shore | Rotgrind S4 E19 | Pathfinder Second Edition,2025-12-19 00:28:13+00:00,11858,10061,329,28,False,0.03548355034290826,197.6,180_plus,2025,2025-12,108,93.16
wuaGoCiD6Xg,UCDP6Ob4_eVR4meY7S5fTYUg,Narrative Declaration,small,The Warp Factory | ft. @Bricky | Wrath & Glory | Ep. 15,2025-12-15 18:41:50+00:00,8345,20408,718,56,False,0.037926303410427284,139.1,120_to_180,2025,2025-12,111,183.86
44_BJNr4-ZA,UCDP6Ob4_eVR4meY7S5fTYUg,Narrative Declaration,small,Performing in the Arena | Rotgrind S4 E18 | Pathfinder Second Edition,2025-12-04 20:39:03+00:00,11224,8621,325,31,False,0.04129451339751769,187.1,180_plus,2025,2025-12,122,70.66
Z5zAJGwDcMc,UCDP6Ob4_eVR4meY7S5fTYUg,Narrative Declaration,small,Duty Beyond Death | ft. @Bricky | Wrath & Glory | Ep. 14,2025-12-01 16:30:22+00:00,8563,25074,927,80,False,0.04016112307569594,142.7,120_to_180,2025,2025-12,125,200.59
L65DQ9BpWAo,UCDP6Ob4_eVR4meY7S5fTYUg,Narrative Declaration,small,Mingling With the Pirate Lords | Rotgrind S4 E17 | Pathfinder Second Edition,2025-11-20 16:00:35+00:00,7753,8176,358,22,False,0.04647749510763209,129.2,120_to_180,2025,2025-11,136,60.12
VxVExsNMKOM,UCDP6Ob4_eVR4meY7S5fTYUg,Narrative Declaration,small,A New Arrival | ft. @Bricky | Wrath & Glory | Ep. 13,2025-11-17 15:31:05+00:00,8931,54183,1904,112,False,0.0372072421239134,148.8,120_to_180,2025,2025-11,139,389.81
rTLXcaDJdzQ,UCDP6Ob4_eVR4meY7S5fTYUg,Narrative Declaration,small,A Pirate's Welcome Home | Rotgrind S4 E16 | Pathfinder Second Edition,2025-11-06 16:01:18+00:00,8255,9233,366,42,False,0.04418932091411242,137.6,120_to_180,2025,2025-11,150,61.55
YcEgRM9HrOA,UCDP6Ob4_eVR4meY7S5fTYUg,Narrative Declaration,small,Visions of More Shopping | Rotgrind S4 E15 | Pathfinder Second Edition,2025-10-23 15:01:03+00:00,7341,9688,377,43,False,0.04335260115606936,122.4,120_to_180,2025,2025-10,164,59.07
GyhC3NgmCCw,UCDP6Ob4_eVR4meY7S5fTYUg,Narrative Declaration,small,The Clown Commados | Rotgrind S4 E14 | Pathfinder Second Edition,2025-10-10 13:00:28+00:00,7544,9249,379,42,False,0.04551843442534328,125.7,120_to_180,2025,2025-10,177,52.25
kUdJ8Zd3N0M,UCDP6Ob4_eVR4meY7S5fTYUg,Narrative Declaration,small,What Sacrifice Will You Make? | Rotgrind S4 E13 | Pathfinder Second Edition,2025-09-25 15:01:23+00:00,5966,9231,401,43,False,0.04809879753006175,99.4,60_to_120,2025,2025-09,192,48.08
xbT9O1M02Uw,UCDP6Ob4_eVR4meY7S5fTYUg,Narrative Declaration,small,The Revolution's Finale | Rotgrind S4 E12 | Pathfinder Second Edition,2025-08-28 16:07:51+00:00,9227,11371,421,51,False,0.04150910210183801,153.8,120_to_180,2025,2025-08,220,51.69
iytJhl5uiUM,UCDP6Ob4_eVR4meY7S5fTYUg,Narrative Declaration,small,Let the Revolution Begin | Rotgrind S4 E11 | Pathfinder Second Edition,2025-08-14 16:01:22+00:00,10869,13151,480,76,False,0.04227815375256634,181.2,180_plus,2025,2025-08,234,56.2
DR3LWLgYBxc,UCDP6Ob4_eVR4meY7S5fTYUg,Narrative Declaration,small,Resurrection of Rust | RustCrew E6 | Pathfinder Second Edition Ft. @JoCat @MontyGlu​,2025-08-07 16:00:31+00:00,10289,9508,406,35,False,0.04638199411022297,171.5,120_to_180,2025,2025-08,241,39.45
tQ5YOWpXfBA,UCDP6Ob4_eVR4meY7S5fTYUg,Narrative Declaration,small,Anarchy is Magic | Rotgrind S4 E10 | Pathfinder Second Edition,2025-07-31 15:01:36+00:00,8415,12552,497,78,False,0.04580943275971957,140.2,120_to_180,2025,2025-07,248,50.61
Ugr-mxOu_N8,UCDP6Ob4_eVR4meY7S5fTYUg,Narrative Declaration,small,Our Saviors | RustCrew E5 | Pathfinder Second Edition Ft. @JoCat @MontyGlu​,2025-07-24 15:00:51+00:00,9141,9882,406,26,False,0.04371584699453552,152.4,120_to_180,2025,2025-07,255,38.75
fUQKt2q37ZQ,UCDP6Ob4_eVR4meY7S5fTYUg,Narrative Declaration,small,(Livestream) Rotgrind | A Journey Through Tyne | Quick Q&A! (For public),2025-07-24 13:55:26+00:00,4625,1990,89,5,False,0.04723618090452261,77.1,60_to_120,2025,2025-07,255,7.8
qx_gEEMMaX0,UCDP6Ob4_eVR4meY7S5fTYUg,Narrative Declaration,small,Uniting the People | Rotgrind S4 E9 | Pathfinder Second Edition,2025-07-17 15:01:37+00:00,7276,11800,439,42,False,0.04076271186440678,121.3,120_to_180,2025,2025-07,262,45.04
hehaKvh-eho,UCDP6Ob4_eVR4meY7S5fTYUg,Narrative Declaration,small,Secrets Underneath | RustCrew E4 | Pathfinder Second Edition Ft. @JoCat @MontyGlu,2025-07-10 19:00:43+00:00,11858,13315,479,26,False,0.03792714983101765,197.6,180_plus,2025,2025-07,269,49.5
miwBfc-AhTs,UCDP6Ob4_eVR4meY7S5fTYUg,Narrative Declaration,small,Sand Raiders | Rotgrind S4 E8 | Pathfinder Second Edition,2025-07-04 14:01:30+00:00,13623,18657,531,45,False,0.03087313072841293,227.0,180_plus,2025,2025-07,275,67.84
RmtM9O9WYgM,UCDP6Ob4_eVR4meY7S5fTYUg,Narrative Declaration,small,Teaching NEWBIES how to play Pathfinder Second Edition! (Part 5 Finale),2025-06-27 15:00:57+00:00,9677,5687,243,18,False,0.04589414454017936,161.3,120_to_180,2025,2025-06,282,20.17
rEQSN3ScItQ,UCDP6Ob4_eVR4meY7S5fTYUg,Narrative Declaration,small,Stonehome | RustCrew E3 | Pathfinder Second Edition Ft. @JoCat @MontyGlu,2025-06-26 15:01:27+00:00,10795,15839,531,33,False,0.03560830860534125,179.9,120_to_180,2025,2025-06,283,55.97
ldTpCgaBpcU,UCDP6Ob4_eVR4meY7S5fTYUg,Narrative Declaration,small,Retail Horror | Rotgrind S4 E7 | Pathfinder Second Edition,2025-06-19 13:01:03+00:00,9201,19213,649,92,False,0.038567636496122416,153.4,120_to_180,2025,2025-06,290,66.25
FJ-quCaHLVo,UCDP6Ob4_eVR4meY7S5fTYUg,Narrative Declaration,small,Iron Harbor | RustCrew E2 | Pathfinder Second Edition Ft. @JoCat @MontyGlu,2025-06-12 22:05:24+00:00,10139,25025,808,39,False,0.033846153846153845,169.0,120_to_180,2025,2025-06,297,84.26
GMYc3Ff5LiI,UCDP6Ob4_eVR4meY7S5fTYUg,Narrative Declaration,small,The Martin | Rotgrind S4 E6 | Pathfinder Second Edition,2025-06-05 22:07:39+00:00,8801,15760,560,34,False,0.037690355329949236,146.7,120_to_180,2025,2025-06,304,51.84
oq57sfmcN5s,UCDP6Ob4_eVR4meY7S5fTYUg,Narrative Declaration,small,Welcome to Rusthenge | RustCrew E1 | Pathfinder Second Edition Ft. @JoCat  @MontyGlu,2025-05-29 20:42:00+00:00,11198,70078,2390,109,False,0.035660264276948545,186.6,180_plus,2025,2025-05,311,225.33
oHu0d7gMGho,UCDP6Ob4_eVR4meY7S5fTYUg,Narrative Declaration,small,Teaching NEWBIES how to play Pathfinder Second Edition! (Part 4),2025-05-28 21:47:32+00:00,8977,6241,255,14,False,0.043102066976446085,149.6,120_to_180,2025,2025-05,312,20.0
op6pmbM0UvU,UCDP6Ob4_eVR4meY7S5fTYUg,Narrative Declaration,small,How To Steal An Airship | Rotgrind S4 E5 | Pathfinder Second Edition,2025-05-22 17:46:57+00:00,11004,19874,654,61,False,0.03597665291335413,183.4,180_plus,2025,2025-05,318,62.5
mX1AZj3FI9E,UCDP6Ob4_eVR4meY7S5fTYUg,Narrative Declaration,small,Teaching NEWBIES how to play Pathfinder Second Edition! (Part 3),2025-05-15 17:24:25+00:00,8878,9510,374,17,False,0.041114616193480544,148.0,120_to_180,2025,2025-05,325,29.26
c-C0z3ugbuI,UCDP6Ob4_eVR4meY7S5fTYUg,Narrative Declaration,small,Our Benefactor | Rotgrind S4 E4 | Pathfinder Second Edition,2025-05-09 13:01:08+00:00,9703,17650,639,68,False,0.04005665722379603,161.7,120_to_180,2025,2025-05,331,53.32
H11HavG0hys,UCDP6Ob4_eVR4meY7S5fTYUg,Narrative Declaration,small,Teaching NEWBIES how to play Pathfinder Second Edition! (Part 2),2025-05-02 13:50:17+00:00,8890,13185,464,22,False,0.03686006825938567,148.2,120_to_180,2025,2025-05,338,39.01
DQOcRW-GMEA,UCDP6Ob4_eVR4meY7S5fTYUg,Narrative Declaration,small,Back to Outset | Rotgrind S4 E3 | Pathfinder Second Edition,2025-04-24 14:55:41+00:00,11661,29530,983,76,False,0.03586183542160515,194.4,180_plus,2025,2025-04,346,85.35
b4yqLYgyBaI,UCDP6Ob4_eVR4meY7S5fTYUg,Narrative Declaration,small,Rot Burst | Rotgrind S4 E2 | Pathfinder Second Edition,2025-04-10 15:00:57+00:00,9698,23628,851,52,False,0.038217369222955815,161.6,120_to_180,2025,2025-04,360,65.63
Y840Bc1TUc4,UCDP6Ob4_eVR4meY7S5fTYUg,Narrative Declaration,small,Teaching NEWBIES how to play Pathfinder Second Edition! (Part 1),2025-04-04 14:00:42+00:00,9687,36502,1449,96,False,0.042326447865870365,161.4,120_to_180,2025,2025-04,366,99.73
MupIX8pTofk,UCDP6Ob4_eVR4meY7S5fTYUg,Narrative Declaration,small,The Prisoner | Wrath & Glory | Ep. 12,2025-04-03 19:44:32+00:00,11512,33906,1169,91,False,0.03716156432489825,191.9,180_plus,2025,2025-04,367,92.39
nvOmk1_tYwA,UCDP6Ob4_eVR4meY7S5fTYUg,Narrative Declaration,small,A New Initiative | Rotgrind S4 E1 | Pathfinder Second Edition,2025-03-27 12:01:10+00:00,16466,53060,1644,116,False,0.033169996230682244,274.4,180_plus,2025,2025-03,374,141.87
QAWZdlWULTg,UCDP6Ob4_eVR4meY7S5fTYUg,Narrative Declaration,small,Thank you for 100K! - Narrative Declaration,2025-03-21 15:16:30+00:00,498,6701,1131,120,False,0.18668855394717207,8.3,under_60,2025,2025-03,380,17.63
MB4xH4WQhrA,UCDP6Ob4_eVR4meY7S5fTYUg,Narrative Declaration,small,The Maniacal Elevator | Wrath & Glory | Ep. 11,2025-03-13 16:27:57+00:00,8554,33830,1183,144,False,0.039225539462015964,142.6,120_to_180,2025,2025-03,388,87.19
YDZ7dntjG3g,UCDP6Ob4_eVR4meY7S5fTYUg,Narrative Declaration,small,Rotgrind Season 3 Recap,2025-03-10 15:00:54+00:00,415,7280,547,36,False,0.08008241758241759,6.9,under_60,2025,2025-03,391,18.62
uCvhLyUFlZs,UCDP6Ob4_eVR4meY7S5fTYUg,Narrative Declaration,small,Rotgrind Season 2 Recap,2025-03-09 14:01:03+00:00,369,7408,519,20,False,0.07275917926565875,6.2,under_60,2025,2025-03,392,18.9
_lJlY8Bw9dg,UCDP6Ob4_eVR4meY7S5fTYUg,Narrative Declaration,small,Rotgrind Season 1 Recap,2025-03-08 12:51:44+00:00,320,12995,888,44,False,0.07171989226625625,5.3,under_60,2025,2025-03,393,33.07
xdC9_I92Pm4,UCDP6Ob4_eVR4meY7S5fTYUg,Narrative Declaration,small,Dark Bidding | Wrath & Glory | Ep. 10,2025-02-27 13:16:49+00:00,9399,39106,1286,88,False,0.035135273359586765,156.6,120_to_180,2025,2025-02,402,97.28
uQ4QyDJQnoo,UCDP6Ob4_eVR4meY7S5fTYUg,Narrative Declaration,small,Blown Out of Proportions | Wrath & Glory | Ep. 9,2025-02-13 13:01:29+00:00,8324,33633,1296,86,False,0.04109059554604109,138.7,120_to_180,2025,2025-02,416,80.85
mGYm9XdVVm0,UCDP6Ob4_eVR4meY7S5fTYUg,Narrative Declaration,small,Worthy & Chosen | Wrath & Glory | Ep. 8,2025-01-30 13:01:06+00:00,9257,39635,1519,129,False,0.04157941213573862,154.3,120_to_180,2025,2025-01,430,92.17
qIRt_c7PIYI,UCDP6Ob4_eVR4meY7S5fTYUg,Narrative Declaration,small,Sacrifices Were Made | Wrath & Glory | Ep. 7,2024-12-26 06:00:34+00:00,9893,51096,1468,79,False,0.030276342570847034,164.9,120_to_180,2024,2024-12,465,109.88
MvE6DcTc6eI,UCDP6Ob4_eVR4meY7S5fTYUg,Narrative Declaration,small,We are now Kingmakers! | Ep. 4 | The Eclectics (Pathfinder 2E Kingmaker),2024-12-25 17:00:18+00:00,9529,57199,1771,104,False,0.03278029336177206,158.8,120_to_180,2024,2024-12,466,122.74
QAoHHLIUR7Y,UCDP6Ob4_eVR4meY7S5fTYUg,Narrative Declaration,small,They Set Everything on FIRE! | Ep. 3 | The Eclectics (Pathfinder 2E Kingmaker),2024-12-18 16:00:28+00:00,9837,64697,1871,89,False,0.030295067777485817,164.0,120_to_180,2024,2024-12,473,136.78
CgPnNx5lTys,UCDP6Ob4_eVR4meY7S5fTYUg,Narrative Declaration,small,Ambushed in the Night! | Ep. 2 | The Eclectics (Pathfinder 2E Kingmaker),2024-12-13 17:00:06+00:00,9074,111599,3571,114,False,0.03302000913986684,151.2,120_to_180,2024,2024-12,478,233.47
d8eMBviuQbU,UCDP6Ob4_eVR4meY7S5fTYUg,Narrative Declaration,small,An Ork Problem | Wrath & Glory | Ep. 6,2024-12-12 22:49:18+00:00,9259,54219,1606,100,False,0.03146498459949464,154.3,120_to_180,2024,2024-12,479,113.19
t7bSuyumcE0,UCDP6Ob4_eVR4meY7S5fTYUg,Narrative Declaration,small,Reunited | Abomination Vaults Episode 16 | (THE FINALE),2024-12-11 16:00:57+00:00,10676,4169,158,30,False,0.04509474694171264,177.9,120_to_180,2024,2024-12,480,8.69
J2wtl_Dh6E0,UCDP6Ob4_eVR4meY7S5fTYUg,Narrative Declaration,small,The Road to Absalom | Abomination Vaults Episode 15 | #pathfinder2e #dnd,2024-12-04 16:00:16+00:00,11307,7130,230,55,False,0.03997194950911641,188.4,180_plus,2024,2024-12,487,14.64
YfN19L6A4Eo,UCDP6Ob4_eVR4meY7S5fTYUg,Narrative Declaration,small,Vow of Silence | Wrath & Glory | Ep. 5,2024-11-20 15:22:40+00:00,9437,68783,1867,108,False,0.02871349025195179,157.3,120_to_180,2024,2024-11,501,137.29
O6vj0AvieAI,UCDP6Ob4_eVR4meY7S5fTYUg,Narrative Declaration,small,Grenades Solve Everything | Wrath & Glory | Ep. 4,2024-11-07 16:03:11+00:00,7848,69686,2040,111,False,0.03086703211548948,130.8,120_to_180,2024,2024-11,514,135.58
L8a3uIJvpCw,UCDP6Ob4_eVR4meY7S5fTYUg,Narrative Declaration,small,Fablecraft - Road to the Starfall Festival - Narrative Declaration,2024-10-24 15:30:07+00:00,15658,19626,752,40,False,0.040354631611128094,261.0,180_plus,2024,2024-10,528,37.17
YjYfJbkKXHM,UCDP6Ob4_eVR4meY7S5fTYUg,Narrative Declaration,small,The Assault Begins | Wrath & Glory | Ep. 3,2024-10-23 15:54:43+00:00,8474,99100,2542,101,False,0.02667003027245207,141.2,120_to_180,2024,2024-10,529,187.33
mSJCaBWVoyI,UCDP6Ob4_eVR4meY7S5fTYUg,Narrative Declaration,small,Children of the Dawn | Wrath & Glory | Ep. 2,2024-10-10 20:04:20+00:00,9323,130299,3334,193,False,0.02706851165396511,155.4,120_to_180,2024,2024-10,542,240.4
f9F8esNsz84,UCDP6Ob4_eVR4meY7S5fTYUg,Narrative Declaration,small,Litanies of the Lost | Wrath & Glory | Ep. 1,2024-09-26 15:00:42+00:00,9549,337721,8797,483,False,0.02747830309634284,159.2,120_to_180,2024,2024-09,556,607.41
S4shdnAEzC4,UCDP6Ob4_eVR4meY7S5fTYUg,Narrative Declaration,small,Season 2 Finale | Rotgoons S2 E14 | Pathfinder Second Edition,2024-09-23 17:04:50+00:00,12572,23519,415,80,False,0.02104681321484757,209.5,180_plus,2024,2024-09,559,42.07
YnZeMPrBVps,UCDP6Ob4_eVR4meY7S5fTYUg,Narrative Declaration,small,What Binds Them? | Rotgoons S2 E13 | Pathfinder Second Edition,2024-09-02 15:09:25+00:00,6642,8232,312,29,False,0.04142371234207969,110.7,60_to_120,2024,2024-09,580,14.19
_i7r5b-xYE0,UCDP6Ob4_eVR4meY7S5fTYUg,Narrative Declaration,small,Strained Relationships | Rotgoons S2 E12 | Pathfinder Second Edition,2024-08-19 11:05:35+00:00,10861,11866,315,37,False,0.029664587898196527,181.0,180_plus,2024,2024-08,594,19.98
xRys23lU4SE,UCDP6Ob4_eVR4meY7S5fTYUg,Narrative Declaration,small,Split Decisions | Rotgoons S2 E11 | Pathfinder Second Edition,2024-07-16 15:00:58+00:00,9540,13840,394,46,False,0.031791907514450865,159.0,120_to_180,2024,2024-07,628,22.04
vQXgcadid3s,UCDP6Ob4_eVR4meY7S5fTYUg,Narrative Declaration,small,Rotgrind Q&A! (Livestream VOD),2024-07-14 09:35:45+00:00,5455,2900,141,11,False,0.05241379310344828,90.9,60_to_120,2024,2024-07,630,4.6
FNBeor-cT8I,UCDP6Ob4_eVR4meY7S5fTYUg,Narrative Declaration,small,Recollections | Rotgrind S3 E20 | Pathfinder Second Edition,2024-07-09 20:17:56+00:00,9941,41639,912,118,False,0.02473642498619083,165.7,120_to_180,2024,2024-07,635,65.57
FyD5_XI4U9k,UCDP6Ob4_eVR4meY7S5fTYUg,Narrative Declaration,small,Reunion | Rotgoons S2 E10 | Pathfinder Second Edition,2024-07-03 18:00:06+00:00,10885,22638,368,45,False,0.018243661100803957,181.4,180_plus,2024,2024-07,641,35.32
wOO_BN5wcOU,UCDP6Ob4_eVR4meY7S5fTYUg,Narrative Declaration,small,The Ferryman | Rotgoons S2 E9 | Pathfinder Second Edition,2024-06-24 15:01:57+00:00,9635,20203,351,58,False,0.02024451814087017,160.6,120_to_180,2024,2024-06,650,31.08
5j514-_FUHA,UCDP6Ob4_eVR4meY7S5fTYUg,Narrative Declaration,small,Uncle Blaze | Rotgrind S3 E19 | Pathfinder Second Edition,2024-06-18 15:00:09+00:00,11681,55296,814,124,False,0.016963252314814815,194.7,180_plus,2024,2024-06,656,84.29
q-RyxFj9Wxk,UCDP6Ob4_eVR4meY7S5fTYUg,Narrative Declaration,small,Under Home | Rotgoons S2 E8 | Pathfinder Second Edition,2024-06-03 16:00:43+00:00,11232,26603,384,29,False,0.015524564898695636,187.2,180_plus,2024,2024-06,671,39.65
_dkLsF0doko,UCDP6Ob4_eVR4meY7S5fTYUg,Narrative Declaration,small,The Revolution? | Rotgrind S3 E18 | Pathfinder Second Edition,2024-05-27 15:00:26+00:00,9755,47449,803,76,False,0.0185251533225147,162.6,120_to_180,2024,2024-05,678,69.98
pWBUyhodRPI,UCDP6Ob4_eVR4meY7S5fTYUg,Narrative Declaration,small,Chicken Attack! | Rotgoons S2 E7 | Pathfinder Second Edition,2024-05-21 15:15:08+00:00,10616,22596,396,35,False,0.019074172419897326,176.9,120_to_180,2024,2024-05,684,33.04
v043dOEXmII,UCDP6Ob4_eVR4meY7S5fTYUg,Narrative Declaration,small,The Man Child | Rotgrind S3 E17 | Pathfinder Second Edition,2024-05-13 14:35:33+00:00,8530,35276,810,112,False,0.026136750198435196,142.2,120_to_180,2024,2024-05,692,50.98
y3xoBeyCYuA,UCDP6Ob4_eVR4meY7S5fTYUg,Narrative Declaration,small,Finding A Way Out | Rotgoons S2 E6 | Pathfinder Second Edition,2024-05-10 14:14:50+00:00,6588,12729,350,23,False,0.02930316599890015,109.8,60_to_120,2024,2024-05,695,18.32
EOGYytrlbSI,UCDP6Ob4_eVR4meY7S5fTYUg,Narrative Declaration,small,Our Eclectic Band of Adventurers | Ep. 1 | The Eclectics (Pathfinder 2E Kingmaker),2024-04-30 16:00:05+00:00,11365,414081,13605,471,False,0.03399334912734465,189.4,180_plus,2024,2024-04,705,587.35
LnjDO3_t3Pg,UCDP6Ob4_eVR4meY7S5fTYUg,Narrative Declaration,small,The Grandfather | Rotgrind S3 E16 | Pathfinder Second Edition,2024-04-29 22:05:03+00:00,10017,48562,821,129,False,0.019562620979366584,167.0,120_to_180,2024,2024-04,706,68.78
96t22HyCGJI,UCDP6Ob4_eVR4meY7S5fTYUg,Narrative Declaration,small,Leshys Versus Zombies | Rotgoons S2 E5 | Pathfinder Second Edition,2024-04-25 21:03:51+00:00,10107,22458,407,40,False,0.019903820464867755,168.4,120_to_180,2024,2024-04,710,31.63
23oeZTF7bWk,UCDP6Ob4_eVR4meY7S5fTYUg,Narrative Declaration,small,The Delvers | Rotgrind S3 E15 | Pathfinder Second Edition,2024-04-15 15:00:01+00:00,7748,35812,822,67,False,0.024824081313526192,129.1,120_to_180,2024,2024-04,720,49.74
RJS7Swpvm9Q,UCDP6Ob4_eVR4meY7S5fTYUg,Narrative Declaration,small,The Tooth Fairy | Rotgrind S3 E14 | Pathfinder Second Edition,2024-04-01 13:00:20+00:00,12159,75019,917,91,False,0.013436596062330877,202.6,180_plus,2024,2024-04,734,102.21
jbU0H3BxQgQ,UCDP6Ob4_eVR4meY7S5fTYUg,Narrative Declaration,small,The Knight | Rotgoons S2 E4 | Pathfinder Second Edition,2024-03-25 19:17:04+00:00,7694,16007,410,29,False,0.027425501343162368,128.2,120_to_180,2024,2024-03,741,21.6
I_oIbdvmLs4,UCDP6Ob4_eVR4meY7S5fTYUg,Narrative Declaration,small,Welcome to the Underwood | Rotgoons S2 E3 | Pathfinder Second Edition,2024-03-11 15:00:13+00:00,14842,28297,471,58,False,0.01869456126091105,247.4,180_plus,2024,2024-03,755,37.48
I8VZFLD4jXM,UCDP6Ob4_eVR4meY7S5fTYUg,Narrative Declaration,small,Singing Mushrooms | Rotgoons S2 E2 | Pathfinder Second Edition,2024-03-06 16:00:20+00:00,13426,64675,476,45,False,0.008055662930034789,223.8,180_plus,2024,2024-03,760,85.1
Em3kjtlySGY,UCDP6Ob4_eVR4meY7S5fTYUg,Narrative Declaration,small,Rotten Delusions | Rotgrind S3 E13 | Pathfinder Second Edition,2024-02-19 16:00:15+00:00,8222,42010,828,81,False,0.02163770530825994,137.0,120_to_180,2024,2024-02,776,54.14
CwmUwxvv3Yo,UCDP6Ob4_eVR4meY7S5fTYUg,Narrative Declaration,small,It's No Shopping Manor | Rotgrind S3 E12 | Pathfinder Second Edition,2024-02-05 16:00:12+00:00,8898,42872,850,58,False,0.02117932450083971,148.3,120_to_180,2024,2024-02,790,54.27
O1LLwrdaacI,UCDP6Ob4_eVR4meY7S5fTYUg,Narrative Declaration,small,[STREAM] Rotgoons WHERE KAB? Q&A Time | Pathfinder Second Edition (Livestream VOD),2024-02-04 11:00:10+00:00,6766,2836,128,11,False,0.04901269393511989,112.8,60_to_120,2024,2024-02,791,3.59
_aF3M3rcljg,UCDP6Ob4_eVR4meY7S5fTYUg,Narrative Declaration,small,Decisions to Make | Rotgoons S2 E1 | Pathfinder Second Edition,2024-01-30 16:00:31+00:00,13323,96920,618,65,False,0.0070470491126702435,222.0,180_plus,2024,2024-01,796,121.76
BheWRcR__W4,UCDP6Ob4_eVR4meY7S5fTYUg,Narrative Declaration,small,Rot Mansion | Rotgrind S3 E11 | Pathfinder Second Edition,2024-01-22 20:48:52+00:00,12406,66210,888,51,False,0.014182147711826009,206.8,180_plus,2024,2024-01,804,82.35
nlq1ojPVxDk,UCDP6Ob4_eVR4meY7S5fTYUg,Narrative Declaration,small,Mansion Expansion | Rotgrind S3 E10 | Pathfinder Second Edition,2023-12-18 19:00:20+00:00,10750,61300,953,57,False,0.016476345840130507,179.2,120_to_180,2023,2023-12,839,73.06
9vaWbDEIn14,UCDP6Ob4_eVR4meY7S5fTYUg,Narrative Declaration,small,A Pile of Thrash | Starfinder: Junker's Delight Episode 3,2023-12-14 20:29:43+00:00,9966,24795,990,62,False,0.04242790885259125,166.1,120_to_180,2023,2023-12,843,29.41
myYG6MYf8gc,UCDP6Ob4_eVR4meY7S5fTYUg,Narrative Declaration,small,Rotten Manors | Rotgrind S3 E9 | Pathfinder Second Edition,2023-12-07 19:00:30+00:00,8736,41257,919,66,False,0.023874736408367066,145.6,120_to_180,2023,2023-12,850,48.54
tI8LpZPsbbU,UCDP6Ob4_eVR4meY7S5fTYUg,Narrative Declaration,small,Finding the Key | Rotgoons Episode 23 | Pathfinder Second Edition,2023-12-04 19:00:32+00:00,10709,34746,493,61,False,0.015944281356127323,178.5,120_to_180,2023,2023-12,853,40.73
Y1hL05aYrUM,UCDP6Ob4_eVR4meY7S5fTYUg,Narrative Declaration,small,Establishing Bad Manors | Rotgrind S3 E8 | Pathfinder Second Edition,2023-11-20 19:45:00+00:00,9317,45187,902,51,False,0.021090136543696195,155.3,120_to_180,2023,2023-11,867,52.12
bwTA9B2FrkI,UCDP6Ob4_eVR4meY7S5fTYUg,Narrative Declaration,small,A Job Well Trashed | Starfinder: Junker's Delight Episode 2,2023-11-08 20:00:25+00:00,11288,46000,1453,118,False,0.034152173913043475,188.1,180_plus,2023,2023-11,879,52.33
30y_HH__a4c,UCDP6Ob4_eVR4meY7S5fTYUg,Narrative Declaration,small,A Manor of Speaking | Rotgrind S3 E7 | Pathfinder Second Edition,2023-11-06 20:45:22+00:00,8082,41002,930,52,False,0.023950051217013803,134.7,120_to_180,2023,2023-11,881,46.54
JmcELL6z2hQ,UCDP6Ob4_eVR4meY7S5fTYUg,Narrative Declaration,small,The Prisoner | Rotgoons Episode 22 | Pathfinder Second Edition,2023-10-30 15:00:24+00:00,8709,23552,534,69,False,0.025602921195652172,145.2,120_to_180,2023,2023-10,888,26.52
UNnXjlJTqHk,UCDP6Ob4_eVR4meY7S5fTYUg,Narrative Declaration,small,A Merry Band of Chucklefonks | Starfinder: Junker's Delight Episode 1,2023-10-25 21:01:45+00:00,14553,179715,6218,305,False,0.03629635812258298,242.6,180_plus,2023,2023-10,893,201.25
cavYztY6OGA,UCDP6Ob4_eVR4meY7S5fTYUg,Narrative Declaration,small,Party at Baldric's House | Rotgrind S3 E6 | Pathfinder Second Edition,2023-10-24 18:00:15+00:00,12338,84668,1095,87,False,0.013960410072282325,205.6,180_plus,2023,2023-10,894,94.71
_ih9CkBtwkA,UCDP6Ob4_eVR4meY7S5fTYUg,Narrative Declaration,small,Entering the Krohk's Den | Rotgoons Episode 21 | Pathfinder Second Edition,2023-10-16 15:00:27+00:00,10376,35751,512,38,False,0.015384185057760623,172.9,120_to_180,2023,2023-10,902,39.64
TkoKwtDEYc4,UCDP6Ob4_eVR4meY7S5fTYUg,Narrative Declaration,small,Learning to Gamble With Their Lives | Rotgoons Episode 20 | Pathfinder Second Edition,2023-10-10 15:00:30+00:00,8614,15907,503,35,False,0.03382158798013453,143.6,120_to_180,2023,2023-10,908,17.52
BwFQOlx0OjI,UCDP6Ob4_eVR4meY7S5fTYUg,Narrative Declaration,small,The Gnome Strangler | Rotgrind S3 E5 | Pathfinder Second Edition,2023-10-02 22:34:34+00:00,7812,40890,980,73,False,0.02575201760821717,130.2,120_to_180,2023,2023-10,916,44.64
mHVu7YRYNwg,UCDP6Ob4_eVR4meY7S5fTYUg,Narrative Declaration,small,The Party Went SO WRONG! | Rotgrind S3 E4 | Pathfinder Second Edition,2023-09-18 18:00:19+00:00,10163,52441,1049,103,False,0.021967544478556856,169.4,120_to_180,2023,2023-09,930,56.39
921V-oQ38zw,UCDP6Ob4_eVR4meY7S5fTYUg,Narrative Declaration,small,These TTRPG players made a difficult choice | Rotgoons Episode 19 | Pathfinder Second Edition,2023-09-11 16:00:05+00:00,10408,38887,560,66,False,0.01609792475634531,173.5,120_to_180,2023,2023-09,937,41.5
JjvkXYkY094,UCDP6Ob4_eVR4meY7S5fTYUg,Narrative Declaration,small,Winning hearts with delicious food. And capitalism | Rotgoons Episode 18 | Pathfinder Second Edition,2023-09-04 16:00:15+00:00,12360,56164,597,72,False,0.011911544761769104,206.0,180_plus,2023,2023-09,944,59.5
Zx5DJans54E,UCDP6Ob4_eVR4meY7S5fTYUg,Narrative Declaration,small,Becoming a Wine Aunt | Rotgrind S3 E3 | Pathfinder Second Edition,2023-08-27 18:00:12+00:00,11102,75630,1222,108,False,0.01758561417426947,185.0,180_plus,2023,2023-08,952,79.44
4TceuT8Uuxc,UCDP6Ob4_eVR4meY7S5fTYUg,Narrative Declaration,small,HE IS THE ONE WHO DID THIS! | Rotgrind S3 E2 | Pathfinder Second Edition,2023-08-07 15:00:03+00:00,9509,64477,1146,101,False,0.019340229849403662,158.5,120_to_180,2023,2023-08,972,66.33
Hwr5MuFSoJY,UCDP6Ob4_eVR4meY7S5fTYUg,Narrative Declaration,small,It's all about family | Rotgoons Episode 17,2023-07-31 20:00:10+00:00,10853,35982,571,58,False,0.01748096270357401,180.9,180_plus,2023,2023-07,979,36.75
a0fPtFg-9EU,UCDP6Ob4_eVR4meY7S5fTYUg,Narrative Declaration,small,A Golden Deal | Rotgrind S3 E1 | Pathfinder Second Edition,2023-07-17 15:00:01+00:00,13007,127708,1537,163,False,0.013311617126569988,216.8,180_plus,2023,2023-07,993,128.61
Cte65bZYBlI,UCDP6Ob4_eVR4meY7S5fTYUg,Narrative Declaration,small,Prepping for the big day | Rotgoons Episode 16,2023-07-09 15:00:07+00:00,9203,18490,591,52,False,0.034775554353704705,153.4,120_to_180,2023,2023-07,1001,18.47
hm7YKQpwz-o,UCDP6Ob4_eVR4meY7S5fTYUg,Narrative Declaration,small,Final Song | S2 E19 | Rotgrind,2023-06-17 15:00:06+00:00,7560,43322,1300,156,False,0.033608789991228474,126.0,120_to_180,2023,2023-06,1023,42.35
Ig5qV1dcI-4,UCDP6Ob4_eVR4meY7S5fTYUg,Narrative Declaration,small,Consequences | Abomination Vaults Episode 14 | #pathfinder2e #dnd,2023-06-14 15:00:20+00:00,13679,8307,253,45,False,0.03587335981702179,228.0,180_plus,2023,2023-06,1026,8.1
ydXL0Cy-0pI,UCDP6Ob4_eVR4meY7S5fTYUg,Narrative Declaration,small,Hunted Down | Rotgoons Episode 15 | A Pathfinder 2E Adventure!,2023-06-10 15:00:45+00:00,7892,28364,634,50,False,0.02411507544775067,131.5,120_to_180,2023,2023-06,1030,27.54
0U2qIiGdW6U,UCDP6Ob4_eVR4meY7S5fTYUg,Narrative Declaration,small,Ghoulish Confrontation | Abomination Vaults Episode 13 | #pathfinder2e #dnd,2023-06-07 15:00:00+00:00,14073,7345,229,22,False,0.03417290673927842,234.6,180_plus,2023,2023-06,1033,7.11
1NNReN0fNg8,UCDP6Ob4_eVR4meY7S5fTYUg,Narrative Declaration,small,Crawdadimus| S2 E18 | Rotgrind,2023-06-06 15:00:11+00:00,5703,36659,1058,69,False,0.030742791674622877,95.0,60_to_120,2023,2023-06,1034,35.45
v4POoI422Cg,UCDP6Ob4_eVR4meY7S5fTYUg,Narrative Declaration,small,Caught in the Web | Abomination Vaults Episode 12 | #pathfinder2e #dnd,2023-05-31 15:00:47+00:00,11367,6475,253,13,False,0.04108108108108108,189.4,180_plus,2023,2023-05,1040,6.23
Vqfo3QmSECk,UCDP6Ob4_eVR4meY7S5fTYUg,Narrative Declaration,small,These adventurers smuggled in a CRIMINAL | Rotgoons Episode 14 | A Pathfinder 2E Adventure!,2023-05-29 15:00:15+00:00,11591,66734,836,97,False,0.013980879311894985,193.2,180_plus,2023,2023-05,1042,64.04
E8tVpI5niaA,UCDP6Ob4_eVR4meY7S5fTYUg,Narrative Declaration,small,Terror in the Water | Abomination Vaults Episode 11 | #pathfinder2e #dnd,2023-05-24 15:00:08+00:00,10214,6435,251,21,False,0.04226884226884227,170.2,120_to_180,2023,2023-05,1047,6.15
5xwVMOi8_Lg,UCDP6Ob4_eVR4meY7S5fTYUg,Narrative Declaration,small,Meet the Family | S2 E17 | Rotgrind,2023-05-21 15:00:03+00:00,11402,85085,1209,144,False,0.01590174531351002,190.0,180_plus,2023,2023-05,1050,81.03
UR7RbOkDpwA,UCDP6Ob4_eVR4meY7S5fTYUg,Narrative Declaration,small,King of Morlocks | Abomination Vaults Episode 10 | #pathfinder2e #dnd,2023-05-17 15:00:25+00:00,10063,6894,260,22,False,0.040905134899912966,167.7,120_to_180,2023,2023-05,1054,6.54
mFfzoyI3dNI,UCDP6Ob4_eVR4meY7S5fTYUg,Narrative Declaration,small,Family Gathering | Rotgoons Episode 13 | A Pathfinder 2E Adventure!,2023-05-14 15:00:35+00:00,11343,76566,705,102,False,0.01053992633806128,189.0,180_plus,2023,2023-05,1057,72.44
NdL8dMVORAo,UCDP6Ob4_eVR4meY7S5fTYUg,Narrative Declaration,small,Ambushed! | Abomination Vaults Episode 9 | #pathfinder2e #dnd,2023-05-10 16:00:27+00:00,10692,7816,295,14,False,0.039534288638689866,178.2,120_to_180,2023,2023-05,1061,7.37
M8ZfRRydGPU,UCDP6Ob4_eVR4meY7S5fTYUg,Narrative Declaration,small,Altogether Now! | S2 E16 | Rotgrind,2023-05-07 15:00:23+00:00,10854,106101,1244,98,False,0.01264832565197312,180.9,180_plus,2023,2023-05,1064,99.72
mQ83jUSUjrk,UCDP6Ob4_eVR4meY7S5fTYUg,Narrative Declaration,small,I tried to teach 4 Vtubers how to play Pathfinder Second Edition - Part Three!,2023-05-05 15:00:38+00:00,10421,12922,470,49,False,0.040164061290821854,173.7,120_to_180,2023,2023-05,1066,12.12
cqdyt888mlU,UCDP6Ob4_eVR4meY7S5fTYUg,Narrative Declaration,small,Furniture Salesmen | Abomination Vaults Episode 8 | #pathfinder2e #dnd,2023-05-03 15:00:32+00:00,8296,7576,293,32,False,0.04289862724392819,138.3,120_to_180,2023,2023-05,1068,7.09
R-ohX5hraSs,UCDP6Ob4_eVR4meY7S5fTYUg,Narrative Declaration,small,Loss of Mind | Rotgoons Episode 12 | A Pathfinder 2E Adventure!,2023-04-30 15:00:15+00:00,10694,45462,665,67,False,0.016101359377062162,178.2,120_to_180,2023,2023-04,1071,42.45
eDeau2nq-7c,UCDP6Ob4_eVR4meY7S5fTYUg,Narrative Declaration,small,Wildfire | S2 E15 | Rotgrind,2023-04-23 15:00:34+00:00,11942,116602,1307,89,False,0.011972350388501056,199.0,180_plus,2023,2023-04,1078,108.17
nydw6a4GPD4,UCDP6Ob4_eVR4meY7S5fTYUg,Narrative Declaration,small,Visions of Failure | Rotgoons Episode 11 | A Pathfinder 2E Adventure!,2023-04-16 15:00:34+00:00,10981,48480,695,66,False,0.01569719471947195,183.0,180_plus,2023,2023-04,1085,44.68
q4uxt7vhJU4,UCDP6Ob4_eVR4meY7S5fTYUg,Narrative Declaration,small,I tried to teach 4 Vtubers how to play Pathfinder Second Edition - Part Two!,2023-04-05 13:00:39+00:00,9620,22006,743,54,False,0.036217395255839314,160.3,120_to_180,2023,2023-04,1096,20.08
Zt5ERB-WMPg,UCDP6Ob4_eVR4meY7S5fTYUg,Narrative Declaration,small,Delving Deep | Rotgoons Episode 10 | A Pathfinder 2E Adventure!,2023-04-02 15:00:32+00:00,13098,77700,781,69,False,0.010939510939510939,218.3,180_plus,2023,2023-04,1099,70.7
CQ4tp3g1IbY,UCDP6Ob4_eVR4meY7S5fTYUg,Narrative Declaration,small,Fiery Dealings | S2 E14 | Rotgrind,2023-03-27 13:00:13+00:00,10409,82614,1269,150,False,0.017176265524003195,173.5,120_to_180,2023,2023-03,1105,74.76
jFjQPsY4Jf4,UCDP6Ob4_eVR4meY7S5fTYUg,Narrative Declaration,small,When Money Gets Involved | Rotgoons Episode 9 | A Pathfinder 2E Adventure!,2023-03-19 15:00:25+00:00,7335,23384,709,80,False,0.03374101950051317,122.2,120_to_180,2023,2023-03,1113,21.01
4WMbYNRk_o8,UCDP6Ob4_eVR4meY7S5fTYUg,Narrative Declaration,small,The Mercenaries | S2 E13 | Rotgrind,2023-03-12 15:00:05+00:00,10107,86847,1344,177,False,0.017513558326712496,168.4,120_to_180,2023,2023-03,1120,77.54
_WCey1HqCR4,UCDP6Ob4_eVR4meY7S5fTYUg,Narrative Declaration,small,Catching Up | Rotgoons Episode 8 | A Pathfinder 2E Adventure!,2023-03-05 16:00:31+00:00,8770,26189,713,63,False,0.02963076100652946,146.2,120_to_180,2023,2023-03,1127,23.24
E_ZDqUTxCd4,UCDP6Ob4_eVR4meY7S5fTYUg,Narrative Declaration,small,I tried to teach 4 Vtubers how to play Pathfinder Second Edition,2023-03-02 16:00:14+00:00,10320,102644,3985,246,False,0.04122013951132068,172.0,120_to_180,2023,2023-03,1130,90.84
6Q5veh9XLcs,UCDP6Ob4_eVR4meY7S5fTYUg,Narrative Declaration,small,The Twangfolk | S2 E12 | Rotgrind,2023-02-26 17:00:05+00:00,10060,91187,1340,131,False,0.016131685437617203,167.7,120_to_180,2023,2023-02,1134,80.41
Pl4H6CVnWCM,UCDP6Ob4_eVR4meY7S5fTYUg,Narrative Declaration,small,The Chase | Rotgoons Episode 7 | #pathfinder2e #dnd,2023-02-23 18:23:19+00:00,14984,33048,860,104,False,0.029169692568385377,249.7,180_plus,2023,2023-02,1137,29.07
wnkr4hh4mJc,UCDP6Ob4_eVR4meY7S5fTYUg,Narrative Declaration,small,Milves | S2 E11 | Rotgrind,2023-02-13 15:00:41+00:00,9569,85606,1574,188,False,0.02058266943905801,159.5,120_to_180,2023,2023-02,1147,74.63
KroqT3-iBek,UCDP6Ob4_eVR4meY7S5fTYUg,Narrative Declaration,small,How not to run a Tavern | Rotgoons Episode 6 | #pathfinder2e #dnd,2023-02-10 01:04:31+00:00,7005,27503,776,69,False,0.030723921026797076,116.8,60_to_120,2023,2023-02,1151,23.89
LQ6UIapNSgI,UCDP6Ob4_eVR4meY7S5fTYUg,Narrative Declaration,small,Friend Acquired | Rotgoons Episode 5 | #pathfinder2e #dnd,2023-02-06 16:00:18+00:00,6530,37422,792,58,False,0.022713911602800493,108.8,60_to_120,2023,2023-02,1154,32.43
aErTjTg3VBo,UCDP6Ob4_eVR4meY7S5fTYUg,Narrative Declaration,small,"Oh, Misty Eyes | S2 E10 | Rotgrind",2023-01-29 15:00:01+00:00,8986,69001,1505,182,False,0.024448921030129998,149.8,120_to_180,2023,2023-01,1162,59.38
dgdiU0x--74,UCDP6Ob4_eVR4meY7S5fTYUg,Narrative Declaration,small,A Father in Need | Rotgoons Episode 4 | #pathfinder2e #dnd,2023-01-22 14:00:30+00:00,11037,81821,941,67,False,0.012319575659060632,184.0,180_plus,2023,2023-01,1169,69.99
WIUpn5hXkuo,UCDP6Ob4_eVR4meY7S5fTYUg,Narrative Declaration,small,What the WOTC OGL update means to us,2023-01-13 21:37:46+00:00,380,8754,906,103,False,0.11526159469956591,6.3,under_60,2023,2023-01,1178,7.43
NBrZw7nQ_Fg,UCDP6Ob4_eVR4meY7S5fTYUg,Narrative Declaration,small,A Rush to Save Otari | Abomination Vaults Episode 7 | #pathfinder2e #dnd,2023-01-03 16:00:10+00:00,9237,11843,368,48,False,0.03512623490669594,154.0,120_to_180,2023,2023-01,1188,9.97
q9d0xN3RtL4,UCDP6Ob4_eVR4meY7S5fTYUg,Narrative Declaration,small,Horrors Underneath | Abomination Vaults Episode 6 | #pathfinder2e #dnd,2022-12-29 16:00:32+00:00,8353,9729,327,36,False,0.03731113166820845,139.2,120_to_180,2022,2022-12,1193,8.16
KeGJz7fYL5U,UCDP6Ob4_eVR4meY7S5fTYUg,Narrative Declaration,small,Shinies! | Abomination Vaults Episode 5 | #pathfinder2e #dnd,2022-12-27 16:00:16+00:00,8437,10520,385,25,False,0.03897338403041825,140.6,120_to_180,2022,2022-12,1195,8.8
CCxMtZh7M0Y,UCDP6Ob4_eVR4meY7S5fTYUg,Narrative Declaration,small,Everything that Glitters isn't Gold | Abomination Vaults Episode 4 | #pathfinder2e #dnd,2022-12-25 16:00:04+00:00,9974,13469,414,30,False,0.03296458534412354,166.2,120_to_180,2022,2022-12,1197,11.25
VTE_EDQaW5o,UCDP6Ob4_eVR4meY7S5fTYUg,Narrative Declaration,small,DEATH BATTLE | Abomination Vaults Episode 3 | #pathfinder2e #dnd,2022-12-23 16:00:15+00:00,9699,16136,438,33,False,0.029189390183440755,161.6,120_to_180,2022,2022-12,1199,13.46
IYxjCFjWNC4,UCDP6Ob4_eVR4meY7S5fTYUg,Narrative Declaration,small,Failed Negociations | Abomination Vaults Episode 2 | #pathfinder2e #dnd,2022-12-21 16:00:07+00:00,11908,24208,561,35,False,0.024619960343688036,198.5,180_plus,2022,2022-12,1201,20.16
KUFsxYtie1U,UCDP6Ob4_eVR4meY7S5fTYUg,Narrative Declaration,small,How to not prep for a Dungeon | Abomination Vaults Episode 1 | #pathfinder2e #dnd,2022-12-20 14:03:40+00:00,9904,46809,1141,70,False,0.025871093165844176,165.1,120_to_180,2022,2022-12,1202,38.94
qy2lPjqM_YI,UCDP6Ob4_eVR4meY7S5fTYUg,Narrative Declaration,small,Precipice of Sorrow | S2 E9 | Rotgrind,2022-12-18 14:09:18+00:00,10801,92215,1519,130,False,0.017882123298812558,180.0,180_plus,2022,2022-12,1204,76.59
g6-DbI3Fd-I,UCDP6Ob4_eVR4meY7S5fTYUg,Narrative Declaration,small,Can Love Bloom in a Sewer? | Rotgoons Episode 3 | #pathfinder2e #dnd,2022-12-13 16:00:17+00:00,10603,65915,952,67,False,0.015459303648638397,176.7,120_to_180,2022,2022-12,1209,54.52
hxTm8haSGVA,UCDP6Ob4_eVR4meY7S5fTYUg,Narrative Declaration,small,Hail to the King! | S2 E8 | Rotgrind,2022-12-04 15:00:31+00:00,10865,105220,1486,137,False,0.015424824177912945,181.1,180_plus,2022,2022-12,1218,86.39
jbWnIddRSh0,UCDP6Ob4_eVR4meY7S5fTYUg,Narrative Declaration,small,The Hunting Grounds | Rotgoons Episode 2 | #pathfinder2e #dnd,2022-11-27 13:00:34+00:00,11126,103283,1519,108,False,0.015752834445165224,185.4,180_plus,2022,2022-11,1225,84.31
xMMfk93VkFE,UCDP6Ob4_eVR4meY7S5fTYUg,Narrative Declaration,small,Corrosive Vacation | S2 E7 | Rotgrind,2022-11-20 15:00:30+00:00,10714,134643,1478,162,False,0.012180358429327926,178.6,120_to_180,2022,2022-11,1232,109.29
TOhutf014Os,UCDP6Ob4_eVR4meY7S5fTYUg,Narrative Declaration,small,Pieces of Friendship | S2 E6 | Rotgrind,2022-11-07 18:55:29+00:00,9946,80689,1481,106,False,0.01966810841626492,165.8,120_to_180,2022,2022-11,1245,64.81
y3bJxCuRlEc,UCDP6Ob4_eVR4meY7S5fTYUg,Narrative Declaration,small,Adventurers will do anything for gold | Rotgoons Episode 1 | #pathfinder2e #dnd,2022-10-30 19:00:08+00:00,11700,121844,1867,98,False,0.016127179015790683,195.0,180_plus,2022,2022-10,1253,97.24
C5hG9rl0r_c,UCDP6Ob4_eVR4meY7S5fTYUg,Narrative Declaration,small,Echoes | S2 E5 | Rotgrind,2022-10-23 13:00:09+00:00,9169,81323,1573,100,False,0.02057228582319885,152.8,120_to_180,2022,2022-10,1260,64.54
Vl5bMPdTrbg,UCDP6Ob4_eVR4meY7S5fTYUg,Narrative Declaration,small,Imperfect Perfection | S2 E4 | Rotgrind,2022-09-26 12:00:15+00:00,10326,102595,1592,110,False,0.016589502412398264,172.1,120_to_180,2022,2022-09,1287,79.72
HLVbk-RO5Mc,UCDP6Ob4_eVR4meY7S5fTYUg,Narrative Declaration,small,Rotgrind - The Perfection Infection One-Shot (Pathfinder Second Edition Adventure!),2022-09-12 20:15:12+00:00,12737,85551,1169,100,False,0.014833257355261774,212.3,180_plus,2022,2022-09,1301,65.76
hhRAFeiiXsk,UCDP6Ob4_eVR4meY7S5fTYUg,Narrative Declaration,small,The Cube | S2 E3 | Rotgrind,2022-09-11 13:00:19+00:00,7735,73560,1530,79,False,0.021873300706905928,128.9,120_to_180,2022,2022-09,1302,56.5
J9AbnSKYn6U,UCDP6Ob4_eVR4meY7S5fTYUg,Narrative Declaration,small,The Decision | S2 E2 | Rotgrind,2022-08-28 11:00:18+00:00,9682,94237,1676,134,False,0.019206893258486582,161.4,120_to_180,2022,2022-08,1316,71.61
i51ylvYkPsQ,UCDP6Ob4_eVR4meY7S5fTYUg,Narrative Declaration,small,Rotgrind - Season 1 Q&A,2022-08-16 23:14:59+00:00,7470,5756,273,32,False,0.052988186240444754,124.5,120_to_180,2022,2022-08,1328,4.33
heKU3R_Ypl4,UCDP6Ob4_eVR4meY7S5fTYUg,Narrative Declaration,small,Pikturn | S2 E1 | Rotgrind,2022-08-13 11:00:21+00:00,10760,127954,1916,181,False,0.016388702189849478,179.3,120_to_180,2022,2022-08,1331,96.13
NZLREgWHT1E,UCDP6Ob4_eVR4meY7S5fTYUg,Narrative Declaration,small,Kobold starts a kobold revolution! | Rotgoons Session 0 - Part 2 | #pathfinder2e #dnd,2022-08-10 22:40:05+00:00,16339,48178,1102,119,False,0.025343517788202083,272.3,180_plus,2022,2022-08,1334,36.12
n7UY2qt56l8,UCDP6Ob4_eVR4meY7S5fTYUg,Narrative Declaration,small,The Abomination Vaults - Session 0 - Part 2 (Pathfinder 2E Adventure!),2022-08-09 12:00:34+00:00,20832,31282,681,74,False,0.024135285467681095,347.2,180_plus,2022,2022-08,1335,23.43
QM8MaM5MSDs,UCDP6Ob4_eVR4meY7S5fTYUg,Narrative Declaration,small,The Abomination Vaults - Session 0 - Part 1 (Pathfinder 2E Adventure!),2022-08-02 12:00:16+00:00,17860,112221,2167,138,False,0.020539827661489384,297.7,180_plus,2022,2022-08,1342,83.62
YsTxtn8ARB0,UCDP6Ob4_eVR4meY7S5fTYUg,Narrative Declaration,small,It started at a fish tavern | Rotgoons Session 0 - Part 1 | #pathfinder2e #dnd,2022-07-24 13:00:31+00:00,14457,126850,2615,165,False,0.02191564840362633,241.0,180_plus,2022,2022-07,1351,93.89
QaRQ50h8yGk,UCDP6Ob4_eVR4meY7S5fTYUg,Narrative Declaration,small,Rotgrind | Episode 13 | The Aftermath,2022-07-17 12:00:20+00:00,9820,106521,2043,134,False,0.0204372846668732,163.7,120_to_180,2022,2022-07,1358,78.44
Sr_pte973LE,UCDP6Ob4_eVR4meY7S5fTYUg,Narrative Declaration,small,Rotgrind | Episode 12 | Enlightenment,2022-07-01 11:00:31+00:00,15720,131651,2208,219,False,0.01843510493653675,262.0,180_plus,2022,2022-07,1374,95.82
Lvg93A9bz04,UCDP6Ob4_eVR4meY7S5fTYUg,Narrative Declaration,small,Rotgrind | Episode 11 | Splitting this Party,2022-06-18 21:00:12+00:00,11430,162524,2158,166,False,0.014299426546233172,190.5,180_plus,2022,2022-06,1387,117.18
ffR-jlOsWBA,UCDP6Ob4_eVR4meY7S5fTYUg,Narrative Declaration,small,Rotgrind | Episode 10 | Reunion,2022-06-04 23:30:12+00:00,10839,174984,2426,141,False,0.014669912677730535,180.6,180_plus,2022,2022-06,1401,124.9
VDONHYuJyoA,UCDP6Ob4_eVR4meY7S5fTYUg,Narrative Declaration,small,Rotgrind | Episode 9 | They Saw Us,2022-05-22 18:21:12+00:00,10960,200247,2584,191,False,0.01385788551139343,182.7,180_plus,2022,2022-05,1414,141.62
brv5uDb0TBM,UCDP6Ob4_eVR4meY7S5fTYUg,Narrative Declaration,small,Rotgrind | Episode 8 | The Rehua Special,2022-05-08 16:02:10+00:00,11646,268132,2986,227,False,0.011982903942834126,194.1,180_plus,2022,2022-05,1428,187.77
5uUNIsvkNH8,UCDP6Ob4_eVR4meY7S5fTYUg,Narrative Declaration,small,Rotgrind | Episode 7 | Running From The Law,2022-04-23 21:09:20+00:00,9916,180937,2863,217,False,0.01702249954404019,165.3,120_to_180,2022,2022-04,1443,125.39
q9kN20iYzaw,UCDP6Ob4_eVR4meY7S5fTYUg,Narrative Declaration,small,Rotgrind | Episode 6 | We Hate Taverns,2022-04-09 15:45:32+00:00,11856,277813,3613,258,False,0.013933833189951514,197.6,180_plus,2022,2022-04,1457,190.67
6wqzMY2BBDs,UCDP6Ob4_eVR4meY7S5fTYUg,Narrative Declaration,small,Rotgrind | Episode 5 | The Fly Merchant,2022-03-26 13:00:04+00:00,10240,205609,3435,230,False,0.017825095204976434,170.7,120_to_180,2022,2022-03,1471,139.77
MX4V4CaoawA,UCDP6Ob4_eVR4meY7S5fTYUg,Narrative Declaration,small,Rotgrind | Episode 4 | Times That Bind,2022-03-12 15:00:15+00:00,12153,306648,4138,208,False,0.01417260181054499,202.6,180_plus,2022,2022-03,1485,206.5
luKilf3ckRA,UCDP6Ob4_eVR4meY7S5fTYUg,Narrative Declaration,small,Rotgrind | Episode 3 | A Bowl Best Served Rotten,2022-02-27 13:00:31+00:00,9967,219225,3856,159,False,0.018314517048694263,166.1,120_to_180,2022,2022-02,1498,146.35
55CPESH62jM,UCDP6Ob4_eVR4meY7S5fTYUg,Narrative Declaration,small,Rotgrind | Episode 2 | The Under Dungeon,2022-02-11 14:00:06+00:00,8733,303135,5038,260,False,0.01747736157157702,145.6,120_to_180,2022,2022-02,1514,200.22
6ahRLBPYEXw,UCDP6Ob4_eVR4meY7S5fTYUg,Narrative Declaration,small,Rotgrind | Episode 1 | A Rotten Situation,2022-01-28 12:08:15+00:00,13494,1016668,14019,583,False,0.014362604114617554,224.9,180_plus,2022,2022-01,1528,665.36
zgLpvat0Nuw,UCDP6Ob4_eVR4meY7S5fTYUg,Narrative Declaration,small,WarHams Fantasy - Episode 9 - The Stackwall Mine,2022-01-15 05:59:11+00:00,13847,56665,258,21,False,0.004923674225712521,230.8,180_plus,2022,2022-01,1541,36.77
Ir4fnIS_vuU,UCDP6Ob4_eVR4meY7S5fTYUg,Narrative Declaration,small,WarHams 40K - Episode 23.5 - The Ork Episode,2022-01-15 04:16:32+00:00,10430,29398,452,22,False,0.0161235458194435,173.8,120_to_180,2022,2022-01,1541,19.08
ov022Umxfmc,UCDP6Ob4_eVR4meY7S5fTYUg,Narrative Declaration,small,WarHams Fantasy - Episode 8 - Investigating your own Doom,2022-01-15 04:14:06+00:00,10333,5856,146,8,False,0.026297814207650275,172.2,120_to_180,2022,2022-01,1541,3.8
lkyVNb_fUCU,UCDP6Ob4_eVR4meY7S5fTYUg,Narrative Declaration,small,WarHams Fantasy - Episode 7 - The Rats Know,2022-01-15 04:13:17+00:00,10873,6777,165,18,False,0.027003098716246128,181.2,180_plus,2022,2022-01,1541,4.4
Wnu3Yvi924M,UCDP6Ob4_eVR4meY7S5fTYUg,Narrative Declaration,small,WarHams Fantasy - Episode 6 - Pet Market,2022-01-15 04:11:32+00:00,10204,7522,160,12,False,0.022866258973677212,170.1,120_to_180,2022,2022-01,1541,4.88
8UYr_DjgP7c,UCDP6Ob4_eVR4meY7S5fTYUg,Narrative Declaration,small,WarHams Fantasy - Episode 5 - Scrap on the Waterfront,2022-01-15 04:10:39+00:00,10761,10181,168,11,False,0.017581769963657793,179.4,120_to_180,2022,2022-01,1541,6.61
E0bjA-YGsMw,UCDP6Ob4_eVR4meY7S5fTYUg,Narrative Declaration,small,Warhams Fantasy - Episode 4 - Smooth Sailing,2022-01-15 04:10:07+00:00,10461,8231,170,15,False,0.022476005345644513,174.4,120_to_180,2022,2022-01,1541,5.34
XRDsXbwgBvY,UCDP6Ob4_eVR4meY7S5fTYUg,Narrative Declaration,small,WarHams Fantasy - Episode 3 - Welcome to Altdorf,2022-01-15 04:08:55+00:00,10544,11216,211,6,False,0.019347360912981455,175.7,120_to_180,2022,2022-01,1541,7.28
gJ1i7BQ9GH4,UCDP6Ob4_eVR4meY7S5fTYUg,Narrative Declaration,small,WarHams Fantasy - Episode 2 - Taking a Gamble,2022-01-15 04:07:41+00:00,10317,10161,236,18,False,0.02499753961224289,172.0,120_to_180,2022,2022-01,1541,6.59
ID9qk3l4C7w,UCDP6Ob4_eVR4meY7S5fTYUg,Narrative Declaration,small,WarHams Fantasy - Episode 1 - It Starts in a Tavern,2022-01-15 04:05:55+00:00,11031,24214,533,37,False,0.023540100768150655,183.8,180_plus,2022,2022-01,1541,15.71
Rpy-deaKizo,UCDP6Ob4_eVR4meY7S5fTYUg,Narrative Declaration,small,WarHams 40K - Episode 30 - The Finale,2022-01-15 03:49:05+00:00,11317,27446,350,48,False,0.014501202360999782,188.6,180_plus,2022,2022-01,1541,17.81
Y3ntXlK3KfA,UCDP6Ob4_eVR4meY7S5fTYUg,Narrative Declaration,small,WarHams 40K - Episode 29 - The Confrontation,2022-01-15 03:48:17+00:00,12176,24907,253,18,False,0.010880475368370338,202.9,180_plus,2022,2022-01,1541,16.16
5gQGxbxXAwc,UCDP6Ob4_eVR4meY7S5fTYUg,Narrative Declaration,small,WarHams 40K - Episode 28 - Home Sweet Home,2022-01-15 03:47:29+00:00,10767,20965,254,23,False,0.013212497018840925,179.4,120_to_180,2022,2022-01,1541,13.6
Oipzec4imvg,UCDP6Ob4_eVR4meY7S5fTYUg,Narrative Declaration,small,WarHams 40K - Episode 27 - The Choice,2022-01-15 03:46:41+00:00,10735,24078,266,29,False,0.012251848160146192,178.9,120_to_180,2022,2022-01,1541,15.62
POwnDiByIhs,UCDP6Ob4_eVR4meY7S5fTYUg,Narrative Declaration,small,WarHams 40K - Episode 26 - Xenos Intervention,2022-01-15 03:45:49+00:00,9101,15353,223,15,False,0.015501856314726763,151.7,120_to_180,2022,2022-01,1541,9.96
eGNSZDR-e5o,UCDP6Ob4_eVR4meY7S5fTYUg,Narrative Declaration,small,WarHams 40K - Episode 25 - The Green Tide,2022-01-15 03:44:49+00:00,11910,29850,267,18,False,0.009547738693467337,198.5,180_plus,2022,2022-01,1541,19.37
Jt1RznhVtV4,UCDP6Ob4_eVR4meY7S5fTYUg,Narrative Declaration,small,WarHams 40K - Episode 24 - Imperial Warzone,2022-01-15 03:42:03+00:00,10302,23266,246,28,False,0.011776841743316427,171.7,120_to_180,2022,2022-01,1541,15.1
SQtZs1wp_5A,UCDP6Ob4_eVR4meY7S5fTYUg,Narrative Declaration,small,WarHams 40K - Episode 23 - Interrogation,2022-01-15 03:40:46+00:00,10238,22014,234,19,False,0.011492686472244934,170.6,120_to_180,2022,2022-01,1541,14.29
gUcEJ70dDLM,UCDP6Ob4_eVR4meY7S5fTYUg,Narrative Declaration,small,WarHams 40K - Episode 22 - PVP,2022-01-15 03:39:49+00:00,10507,22325,287,29,False,0.014154535274356103,175.1,120_to_180,2022,2022-01,1541,14.49
pfBtVhLsbzc,UCDP6Ob4_eVR4meY7S5fTYUg,Narrative Declaration,small,WarHams 40K - Episode 21 - The Mercenary Games,2022-01-15 03:34:46+00:00,10102,28779,282,27,False,0.010736995726050245,168.4,120_to_180,2022,2022-01,1541,18.68
SVq66O38XYE,UCDP6Ob4_eVR4meY7S5fTYUg,Narrative Declaration,small,WarHams 40K - Episode 20 - The Throne Room,2022-01-15 03:33:47+00:00,10809,34295,281,11,False,0.008514360693978713,180.2,180_plus,2022,2022-01,1541,22.26
OvQVkqSjuxk,UCDP6Ob4_eVR4meY7S5fTYUg,Narrative Declaration,small,WarHams 40K - Episode 19 - They Boarded,2022-01-15 03:32:54+00:00,10207,26198,296,14,False,0.011832964348423543,170.1,120_to_180,2022,2022-01,1541,17.0
CInzNw70ddE,UCDP6Ob4_eVR4meY7S5fTYUg,Narrative Declaration,small,WarHams 40K - Episode 18 - Holiness is Cleanliness,2022-01-15 03:32:03+00:00,10463,29548,297,16,False,0.01059293353188033,174.4,120_to_180,2022,2022-01,1541,19.17
aZvg0Jv09nM,UCDP6Ob4_eVR4meY7S5fTYUg,Narrative Declaration,small,WarHams 40K - Episode 17 - Death Cult,2022-01-15 03:30:22+00:00,10583,20146,308,19,False,0.016231509977166683,176.4,120_to_180,2022,2022-01,1541,13.07
P9-g6VqRwGo,UCDP6Ob4_eVR4meY7S5fTYUg,Narrative Declaration,small,WarHams 40K - Episode 16 - Croikey,2022-01-15 03:27:05+00:00,10402,32889,335,20,False,0.010793882453099821,173.4,120_to_180,2022,2022-01,1541,21.34
TNStKFFj3fs,UCDP6Ob4_eVR4meY7S5fTYUg,Narrative Declaration,small,WarHams 40K - Episode 15 - The Laughter of Thirsting Closets,2022-01-15 03:24:25+00:00,10606,30322,376,22,False,0.013125783259679441,176.8,120_to_180,2022,2022-01,1541,19.68
onfJ2Grpimw,UCDP6Ob4_eVR4meY7S5fTYUg,Narrative Declaration,small,WarHams 40K - Episode 14 - Space Pirates,2022-01-15 03:23:18+00:00,10584,28346,392,20,False,0.014534678614266563,176.4,120_to_180,2022,2022-01,1541,18.39
Up9EPaFZiwM,UCDP6Ob4_eVR4meY7S5fTYUg,Narrative Declaration,small,WarHams 40K - Episode 13 - Prison Changes a Man,2022-01-15 03:18:51+00:00,9526,35828,392,23,False,0.01158311934799598,158.8,120_to_180,2022,2022-01,1541,23.25
aHcPASO020A,UCDP6Ob4_eVR4meY7S5fTYUg,Narrative Declaration,small,WarHams 40K - Episode 12 - Pi Hard,2022-01-15 03:17:24+00:00,9820,27611,416,28,False,0.016080547607837455,163.7,120_to_180,2022,2022-01,1541,17.92
KctAB1iZgY8,UCDP6Ob4_eVR4meY7S5fTYUg,Narrative Declaration,small,WarHams 40K - Episode 11 - ATTENTION CITIZENS!,2022-01-15 03:16:28+00:00,10651,30424,388,23,False,0.013509071785432553,177.5,120_to_180,2022,2022-01,1541,19.74
XzehLijsWPw,UCDP6Ob4_eVR4meY7S5fTYUg,Narrative Declaration,small,WarHams 40K - Episode 10 - The Cursed Episode,2022-01-15 03:14:35+00:00,10083,29273,403,25,False,0.014620981792095105,168.0,120_to_180,2022,2022-01,1541,19.0
YOU5b0k9-WE,UCDP6Ob4_eVR4meY7S5fTYUg,Narrative Declaration,small,WarHams 40K - Episode 9 - Black Stone,2022-01-15 03:11:19+00:00,10257,30595,393,13,False,0.013270142180094787,171.0,120_to_180,2022,2022-01,1541,19.85
zv5iVieXfLM,UCDP6Ob4_eVR4meY7S5fTYUg,Narrative Declaration,small,WarHams 40K - Episode 8 - Times are Great,2022-01-15 03:09:15+00:00,10332,30158,425,24,False,0.014888255189336163,172.2,120_to_180,2022,2022-01,1541,19.57
2YUUBg6eKX8,UCDP6Ob4_eVR4meY7S5fTYUg,Narrative Declaration,small,WarHams 40K - Episode 7 - Tax Acquisition Day,2022-01-15 03:07:19+00:00,11056,50026,476,28,False,0.010074761124215409,184.3,180_plus,2022,2022-01,1541,32.46
BfjNSto57Nk,UCDP6Ob4_eVR4meY7S5fTYUg,Narrative Declaration,small,WarHams 40K - Episode 6 - Song Halls,2022-01-15 03:02:57+00:00,10612,43524,460,21,False,0.011051373954599762,176.9,120_to_180,2022,2022-01,1541,28.24
QVftRPCU61Y,UCDP6Ob4_eVR4meY7S5fTYUg,Narrative Declaration,small,WarHams 40K - Episode 5 - Roll Medicae on a Wall,2022-01-15 03:01:28+00:00,10169,36483,524,23,False,0.014993284543486007,169.5,120_to_180,2022,2022-01,1541,23.67
zakfjRNEgk4,UCDP6Ob4_eVR4meY7S5fTYUg,Narrative Declaration,small,WarHams 40K - Episode 4 - Septic Maintenance,2022-01-15 02:59:29+00:00,10522,46639,617,28,False,0.013829627564913485,175.4,120_to_180,2022,2022-01,1541,30.27
40VGwULdpo8,UCDP6Ob4_eVR4meY7S5fTYUg,Narrative Declaration,small,WarHams 40K - Episode 3 - Ratling Extravaganza,2022-01-15 02:57:07+00:00,10543,49748,583,24,False,0.012201495537509046,175.7,120_to_180,2022,2022-01,1541,32.28
tDw_mALx07A,UCDP6Ob4_eVR4meY7S5fTYUg,Narrative Declaration,small,"WarHams 40K - Episode 2 - The ""Divine"" Lords",2022-01-15 02:53:48+00:00,11039,48530,673,19,False,0.014259221100350298,184.0,180_plus,2022,2022-01,1541,31.49
8920qRo3QNY,UCDP6Ob4_eVR4meY7S5fTYUg,Narrative Declaration,small,Warhams 40K - Episode 1 - Meat Place Alpha,2022-01-15 02:52:02+00:00,10773,113764,1451,62,False,0.013299462044231918,179.6,120_to_180,2022,2022-01,1541,73.82
nswuSWhC4W0,UCDP6Ob4_eVR4meY7S5fTYUg,Narrative Declaration,small,WarHams 40K - Episode 0 - The Test Session,2022-01-15 02:50:37+00:00,8573,83691,1162,36,False,0.01431456190032381,142.9,120_to_180,2022,2022-01,1541,54.31
fO4pYM0fYQw,UCB9zFd3_X5A9XAxeHBIjudQ,Unexpectables,small,No Breaks | Fool's Gelt | Episode 2 | Rogue Trader,2026-03-30 15:00:00+00:00,13530,4742,213,41,False,0.05356389708983551,225.5,180_plus,2026,2026-03,6,790.33
RzRfiqMmiKA,UCB9zFd3_X5A9XAxeHBIjudQ,Unexpectables,small,Baaad Blood | The Unexpectables II | Episode 145 | D&D 5e,2026-03-27 15:00:00+00:00,12666,6052,264,69,False,0.05502313284864507,211.1,180_plus,2026,2026-03,9,672.44
VRBHXPW999k,UCB9zFd3_X5A9XAxeHBIjudQ,Unexpectables,small,Aweboway | The Unexpectables II | Episode 144 | D&D 5e,2026-03-23 21:30:07+00:00,12935,7373,295,65,False,0.048826800488268006,215.6,180_plus,2026,2026-03,13,567.15
Ll5i7IGRADY,UCB9zFd3_X5A9XAxeHBIjudQ,Unexpectables,small,Almost a One Shot | Fool's Gelt | Episode 1 | Rogue Trader,2026-03-16 15:00:30+00:00,16311,12992,486,116,False,0.04633620689655173,271.8,180_plus,2026,2026-03,20,649.6
aOUQ1HMub5A,UCB9zFd3_X5A9XAxeHBIjudQ,Unexpectables,small,Come to Papa | The Unexpectables II | Episode 143 | D&D 5e,2026-03-13 15:00:03+00:00,13485,8782,305,59,False,0.04144841721703484,224.8,180_plus,2026,2026-03,23,381.83
pfJ1jN5Y_pU,UCB9zFd3_X5A9XAxeHBIjudQ,Unexpectables,small,A Rat Spat in Ratatuga | The Unexpectables II | Episode 142 | D&D 5e,2026-03-06 16:01:14+00:00,13713,9555,330,61,False,0.040920983778126634,228.6,180_plus,2026,2026-03,30,318.5
c5IR6wVKvGk,UCB9zFd3_X5A9XAxeHBIjudQ,Unexpectables,small,My Little Wormy | The Unexpectables II | Episode 141 | D&D 5e,2026-02-27 16:01:03+00:00,13893,9416,329,59,False,0.041206457094307564,231.6,180_plus,2026,2026-02,37,254.49
8S6z1dImZKQ,UCB9zFd3_X5A9XAxeHBIjudQ,Unexpectables,small,"Gateway - Episode 103: The End, My Only Friend (Finale)",2026-02-25 16:00:11+00:00,23265,2265,122,60,False,0.08035320088300221,387.8,180_plus,2026,2026-02,39,58.08
WxkRNQPiil8,UCB9zFd3_X5A9XAxeHBIjudQ,Unexpectables,small,Pig Tales | The Unexpectables II | Episode 140 | D&D 5e,2026-02-20 16:00:46+00:00,14046,9517,329,103,False,0.045392455605758115,234.1,180_plus,2026,2026-02,44,216.3
Pemz_XCN95s,UCB9zFd3_X5A9XAxeHBIjudQ,Unexpectables,small,Gateway - Episode 102: Never Walk Alone,2026-02-11 16:00:38+00:00,15178,2161,86,32,False,0.05460434983803795,253.0,180_plus,2026,2026-02,53,40.77
Tcvbpit1bq4,UCB9zFd3_X5A9XAxeHBIjudQ,Unexpectables,small,Were Do We Begin | The Unexpectables II | Episode 139 | D&D 5e,2026-02-06 16:00:50+00:00,13949,10640,338,87,False,0.03994360902255639,232.5,180_plus,2026,2026-02,58,183.45
PbkgStH3uc4,UCB9zFd3_X5A9XAxeHBIjudQ,Unexpectables,small,New Normal | The Unexpectables II | Episode 138 | D&D 5e,2026-01-30 16:00:46+00:00,15186,10977,361,77,False,0.039901612462421424,253.1,180_plus,2026,2026-01,65,168.88
ODNqnpTEhN4,UCB9zFd3_X5A9XAxeHBIjudQ,Unexpectables,small,Raising the Bar | The Unexpectables II | Episode 137 | D&D 5e,2026-01-23 16:00:40+00:00,14575,10499,351,101,False,0.043051719211353465,242.9,180_plus,2026,2026-01,72,145.82
OcbPEK72XBE,UCB9zFd3_X5A9XAxeHBIjudQ,Unexpectables,small,"Gateway - Episode 101: Swing Low, Sweet Chariot",2026-01-19 16:00:41+00:00,13032,2017,70,13,False,0.04115022310361924,217.2,180_plus,2026,2026-01,76,26.54
BPnyJAX2nq8,UCB9zFd3_X5A9XAxeHBIjudQ,Unexpectables,small,Staring Down the Barrel | The Unexpectables II | Episode 136 | D&D 5e,2026-01-17 16:00:30+00:00,14456,10337,350,84,False,0.04198510206055916,240.9,180_plus,2026,2026-01,78,132.53
nJEDXg32Bc8,UCB9zFd3_X5A9XAxeHBIjudQ,Unexpectables,small,Gateway - Episode 100: Amazing Grace,2026-01-12 16:01:21+00:00,13338,2075,83,30,False,0.05445783132530121,222.3,180_plus,2026,2026-01,83,25.0
3U_1NV20EtI,UCB9zFd3_X5A9XAxeHBIjudQ,Unexpectables,small,Perish the Thought | The Unexpectables II | Episode 135 | D&D 5e,2026-01-09 16:00:13+00:00,15714,10364,369,125,False,0.04766499421072945,261.9,180_plus,2026,2026-01,86,120.51
otnvPmZ29Hk,UCB9zFd3_X5A9XAxeHBIjudQ,Unexpectables,small,Gateway - Episode 99: Respect,2025-12-22 16:01:19+00:00,11032,1833,75,13,False,0.04800872885979269,183.9,180_plus,2025,2025-12,104,17.62
VJtJcqkiH-4,UCB9zFd3_X5A9XAxeHBIjudQ,Unexpectables,small,Touchy Nerve | The Unexpectables II | Episode 134 | D&D 5e,2025-12-19 16:01:00+00:00,14792,9908,373,111,False,0.04884941461445297,246.5,180_plus,2025,2025-12,107,92.6
Il5EGI1cKgc,UCB9zFd3_X5A9XAxeHBIjudQ,Unexpectables,small,Gateway - Episode 98: Ole St  Lou,2025-12-08 16:00:34+00:00,14104,2157,70,17,False,0.04033379694019471,235.1,180_plus,2025,2025-12,118,18.28
YQe7STOjLdA,UCB9zFd3_X5A9XAxeHBIjudQ,Unexpectables,small,Brain Fart | The Unexpectables II | Episode 133 | D&D 5e,2025-12-07 16:00:54+00:00,13914,9178,366,88,False,0.049466114621921985,231.9,180_plus,2025,2025-12,119,77.13
mE7HHL4l1hU,UCB9zFd3_X5A9XAxeHBIjudQ,Unexpectables,small,Overdrawn at the Memory Bank | The Unexpectables II | Episode 132 | D&D 5e,2025-11-28 16:01:21+00:00,15083,9892,359,85,False,0.044884755357864944,251.4,180_plus,2025,2025-11,128,77.28
sXu40M6WtJg,UCB9zFd3_X5A9XAxeHBIjudQ,Unexpectables,small,Gateway - Episode 97: Reunited,2025-11-25 16:01:25+00:00,14439,2242,81,26,False,0.047725245316681535,240.6,180_plus,2025,2025-11,131,17.11
mcgEWqqeTGw,UCB9zFd3_X5A9XAxeHBIjudQ,Unexpectables,small,Picking your Brain | The Unexpectables II | Episode 131 | D&D 5e,2025-11-21 16:01:24+00:00,13907,10319,356,105,False,0.044674871596084895,231.8,180_plus,2025,2025-11,135,76.44
o4-Wzx-_hZY,UCB9zFd3_X5A9XAxeHBIjudQ,Unexpectables,small,Train of Thought | The Unexpectables II | Episode 130 | D&D 5e,2025-11-14 16:01:21+00:00,15850,12458,422,130,False,0.04430887782950715,264.2,180_plus,2025,2025-11,142,87.73
_4zhR049pjs,UCB9zFd3_X5A9XAxeHBIjudQ,Unexpectables,small,Gateway - Episode 96: Jacob's Ladder,2025-11-10 16:00:55+00:00,12180,1971,84,23,False,0.05428716387620497,203.0,180_plus,2025,2025-11,146,13.5
ZYtN6kZrhJc,UCB9zFd3_X5A9XAxeHBIjudQ,Unexpectables,small,Meeting AdJarned | The Unexpectables II | Episode 129 | D&D 5e,2025-11-08 16:01:00+00:00,14580,10747,393,72,False,0.04326788871312925,243.0,180_plus,2025,2025-11,148,72.61
fTjH26o9zJY,UCB9zFd3_X5A9XAxeHBIjudQ,Unexpectables,small,Ravenloft: Heir to the Throne - Episode 30: Here Comes the Son,2025-11-05 16:01:07+00:00,16600,3097,139,20,False,0.05134000645786245,276.7,180_plus,2025,2025-11,151,20.51
MmouTT_bRnk,UCB9zFd3_X5A9XAxeHBIjudQ,Unexpectables,small,Good Intentions | Cyberpunk: All Saints Die | Episode 5,2025-11-04 16:00:38+00:00,18265,3102,139,40,False,0.05770470664087685,304.4,180_plus,2025,2025-11,152,20.41
rBzEcMQgI6w,UCB9zFd3_X5A9XAxeHBIjudQ,Unexpectables,small,Gateway - Episode 95: Rebel Rouser,2025-11-03 16:01:24+00:00,15780,2532,87,32,False,0.046998420221169034,263.0,180_plus,2025,2025-11,153,16.55
owzZBn9dXn0,UCB9zFd3_X5A9XAxeHBIjudQ,Unexpectables,small,Political Edge | The Unexpectables II | Episode 128 | D&D 5e,2025-10-31 15:01:44+00:00,16117,12150,430,94,False,0.043127572016460905,268.6,180_plus,2025,2025-10,156,77.88
lV9m7L4OYUw,UCB9zFd3_X5A9XAxeHBIjudQ,Unexpectables,small,"Ravenloft: Heir to the Throne - Episode 29: Shining, Shimmering, Splendor",2025-10-29 15:01:38+00:00,13855,3033,114,27,False,0.04648862512363996,230.9,180_plus,2025,2025-10,158,19.2
nt3V137bJiY,UCB9zFd3_X5A9XAxeHBIjudQ,Unexpectables,small,"Red, White, & Black | Cyberpunk: All Saints Die | Episode 4",2025-10-27 20:55:39+00:00,16785,3834,144,27,False,0.04460093896713615,279.8,180_plus,2025,2025-10,160,23.96
hdhPBKDFUCc,UCB9zFd3_X5A9XAxeHBIjudQ,Unexpectables,small,Doomed from the Gecko | The Unexpectables II | Episode 127 | D&D 5e,2025-10-25 15:01:29+00:00,13628,11692,419,103,False,0.04464591173451933,227.1,180_plus,2025,2025-10,162,72.17
nYsU1Kea0XY,UCB9zFd3_X5A9XAxeHBIjudQ,Unexpectables,small,Ravenloft: Heir to the Throne - Episode 28: Crypt Keeper,2025-10-24 15:01:41+00:00,14142,2980,131,21,False,0.05100671140939597,235.7,180_plus,2025,2025-10,163,18.28
PXPitMm2erg,UCB9zFd3_X5A9XAxeHBIjudQ,Unexpectables,small,Trick or Treat | Cyberpunk: All Saints Die | Episode 3,2025-10-21 00:40:18+00:00,16813,4690,164,35,False,0.04243070362473347,280.2,180_plus,2025,2025-10,167,28.08
jGAHcN9ntn4,UCB9zFd3_X5A9XAxeHBIjudQ,Unexpectables,small,Murder of Woes | The Unexpectables II | Episode 126 | D&D 5e,2025-10-18 15:01:16+00:00,14692,12501,408,83,False,0.03927685785137189,244.9,180_plus,2025,2025-10,169,73.97
v1D2dvIAtbM,UCB9zFd3_X5A9XAxeHBIjudQ,Unexpectables,small,Día de los Muertos Vivientes | Cyberpunk: All Saints Die | Episode 2,2025-10-14 01:16:08+00:00,16534,6023,185,32,False,0.03602855719740993,275.6,180_plus,2025,2025-10,174,34.61
DZL1-ie2aF8,UCB9zFd3_X5A9XAxeHBIjudQ,Unexpectables,small,"Ready, Willing, & Abel | The Terzan Chronicles | D&D 5e",2025-10-12 15:00:30+00:00,15153,1600,66,8,False,0.04625,252.6,180_plus,2025,2025-10,175,9.14
t3h6WT7HKTM,UCB9zFd3_X5A9XAxeHBIjudQ,Unexpectables,small,Ravenloft: Heir to the Throne - Episode 27: Guess Who's Coming to Dinner,2025-10-08 15:01:40+00:00,14134,4420,156,42,False,0.04479638009049774,235.6,180_plus,2025,2025-10,179,24.69
wkm69hgSrtg,UCB9zFd3_X5A9XAxeHBIjudQ,Unexpectables,small,All Hollowed Eve | Cyberpunk: All Saints Die | Episode 1,2025-10-06 15:01:46+00:00,19320,11516,369,76,False,0.0386418895449809,322.0,180_plus,2025,2025-10,181,63.62
4okbzt1W7gc,UCB9zFd3_X5A9XAxeHBIjudQ,Unexpectables,small,Family Gaius | The Unexpectables II | Episode 125 | D&D 5e,2025-10-03 15:00:08+00:00,14373,12537,416,87,False,0.04012124112626625,239.6,180_plus,2025,2025-10,184,68.14
C78yw-xFVLI,UCB9zFd3_X5A9XAxeHBIjudQ,Unexpectables,small,When in Tomes | The Terzan Chronicles | D&D 5e,2025-09-30 15:00:17+00:00,18602,2147,81,8,False,0.04145319049836982,310.0,180_plus,2025,2025-09,187,11.48
5BZ3eX-Ipus,UCB9zFd3_X5A9XAxeHBIjudQ,Unexpectables,small,Family Matters | The Unexpectables II | Episode 124 | D&D 5e,2025-09-26 15:00:09+00:00,13260,11631,410,83,False,0.042386725131115126,221.0,180_plus,2025,2025-09,191,60.9
kL7PR8d7GYM,UCB9zFd3_X5A9XAxeHBIjudQ,Unexpectables,small,"Et tu, Gaius? | The Terzan Chronicles | D&D 5e",2025-09-22 15:01:21+00:00,15067,2364,92,9,False,0.04272419627749577,251.1,180_plus,2025,2025-09,195,12.12
BluG3p0--uw,UCB9zFd3_X5A9XAxeHBIjudQ,Unexpectables,small,The Agni's Odyssey | The Unexpectables II | Episode 123 | D&D 5e,2025-09-19 15:00:22+00:00,12824,11087,412,65,False,0.04302336069270317,213.7,180_plus,2025,2025-09,198,55.99
7RrYpiA-3fs,UCB9zFd3_X5A9XAxeHBIjudQ,Unexpectables,small,Memories | The Terzan Chronicles | D&D 5e,2025-09-15 15:00:15+00:00,11542,3165,128,10,False,0.043601895734597156,192.4,180_plus,2025,2025-09,202,15.67
_VQcK_4lOJs,UCB9zFd3_X5A9XAxeHBIjudQ,Unexpectables,small,The Swiminator | The Unexpectables II | Episode 122 | D&D 5e,2025-09-12 15:01:16+00:00,12778,11122,393,71,False,0.0417191152670383,213.0,180_plus,2025,2025-09,205,54.25
JO_CbdIH3No,UCB9zFd3_X5A9XAxeHBIjudQ,Unexpectables,small,Once more with Gusto | The Unexpectables II | Episode 121 | D&D 5e,2025-09-05 15:00:37+00:00,14068,12698,385,78,False,0.03646243502913845,234.5,180_plus,2025,2025-09,212,59.9
qmXVl7ws0k8,UCB9zFd3_X5A9XAxeHBIjudQ,Unexpectables,small,Gateway - Episode 94: My Old Home,2025-09-01 15:01:28+00:00,10490,2395,80,22,False,0.04258872651356994,174.8,120_to_180,2025,2025-09,216,11.09
yJsSjc-NNBY,UCB9zFd3_X5A9XAxeHBIjudQ,Unexpectables,small,CLIMB TO THE PEAK UNEXPECTABLES!! Peak with the Reclaimers!,2025-08-29 15:02:00+00:00,12533,9083,329,57,False,0.04249697236595838,208.9,180_plus,2025,2025-08,219,41.47
lr8pfVIkNbw,UCB9zFd3_X5A9XAxeHBIjudQ,Unexpectables,small,D&D Two-Shot: Tar Covered Pearls - Part 2,2025-08-25 15:01:15+00:00,16853,2117,81,15,False,0.04534718941898914,280.9,180_plus,2025,2025-08,223,9.49
h9bCUYjAIdE,UCB9zFd3_X5A9XAxeHBIjudQ,Unexpectables,small,Daggerheart One-Shot: Free Horse Posse,2025-08-24 15:01:07+00:00,19481,4672,132,29,False,0.03446061643835616,324.7,180_plus,2025,2025-08,224,20.86
UArb9r89L98,UCB9zFd3_X5A9XAxeHBIjudQ,Unexpectables,small,D&D Two-Shot: Tar Covered Pearls - Part 1,2025-08-21 15:00:49+00:00,13283,3820,133,19,False,0.039790575916230364,221.4,180_plus,2025,2025-08,227,16.83
Ok8C1uqlC1E,UCB9zFd3_X5A9XAxeHBIjudQ,Unexpectables,small,"None Pillar, Left Tent | The Unexpectables II | Episode 120 | D&D 5e",2025-08-15 15:00:43+00:00,12048,11760,371,53,False,0.03605442176870748,200.8,180_plus,2025,2025-08,233,50.47
uI4RZn8cLI0,UCB9zFd3_X5A9XAxeHBIjudQ,Unexpectables,small,Gateway - Episode 93: Spinning wheels,2025-08-12 15:01:36+00:00,10002,2175,87,23,False,0.05057471264367816,166.7,120_to_180,2025,2025-08,236,9.22
d2U334CAhZU,UCB9zFd3_X5A9XAxeHBIjudQ,Unexpectables,small,Frost and Found | The Unexpectables II | Episode 119 | D&D 5e,2025-08-08 15:01:13+00:00,15688,13057,408,64,False,0.036149192004288885,261.5,180_plus,2025,2025-08,240,54.4
p7nNMsk4Lu4,UCB9zFd3_X5A9XAxeHBIjudQ,Unexpectables,small,Gateway - Episode 92: I am The Fly,2025-07-30 15:01:33+00:00,12715,2523,91,20,False,0.04399524375743163,211.9,180_plus,2025,2025-07,249,10.13
pt-JAP-eqp4,UCB9zFd3_X5A9XAxeHBIjudQ,Unexpectables,small,One-Off - Sciones Inferni: Exodus,2025-07-29 03:01:01+00:00,19894,3628,115,29,False,0.03969128996692393,331.6,180_plus,2025,2025-07,250,14.51
iZkNbsvjMcs,UCB9zFd3_X5A9XAxeHBIjudQ,Unexpectables,small,Cockles of the Heart | The Unexpectables II | Episode 118 | D&D 5e,2025-07-26 15:01:10+00:00,14067,12636,415,75,False,0.03877809433364989,234.4,180_plus,2025,2025-07,253,49.94
ZA5t_iYGfmw,UCB9zFd3_X5A9XAxeHBIjudQ,Unexpectables,small,Lancer One-Shot: Warriors of the Sun Part 2,2025-07-24 15:01:03+00:00,21000,7451,219,71,False,0.038920950208025766,350.0,180_plus,2025,2025-07,255,29.22
F0du4iA8_9w,UCB9zFd3_X5A9XAxeHBIjudQ,Unexpectables,small,Gateway - Episode 91: God Only Knows,2025-07-15 15:00:21+00:00,11848,2456,94,29,False,0.0500814332247557,197.5,180_plus,2025,2025-07,264,9.3
p_okSk2IKsM,UCB9zFd3_X5A9XAxeHBIjudQ,Unexpectables,small,Bioflavenoid  | The Unexpectables II | Episode 117 | D&D 5e,2025-07-11 15:01:36+00:00,15081,15227,425,83,False,0.0333617915544756,251.4,180_plus,2025,2025-07,268,56.82
mbFtUYvYXag,UCB9zFd3_X5A9XAxeHBIjudQ,Unexpectables,small,Bat 'Outta Help | The Unexpectables II | Episode 116 | D&D 5e,2025-07-04 15:01:24+00:00,15482,14380,425,67,False,0.03421418636995827,258.0,180_plus,2025,2025-07,275,52.29
-afLiiw7Ab8,UCB9zFd3_X5A9XAxeHBIjudQ,Unexpectables,small,Gateway - Episode 90: Say a Little Prayer,2025-06-30 15:00:01+00:00,12084,2563,92,13,False,0.040967616074912214,201.4,180_plus,2025,2025-06,279,9.19
lVfP-wqAhjU,UCB9zFd3_X5A9XAxeHBIjudQ,Unexpectables,small,Lancer One-Shot: Warriors of the Sun Part 1,2025-06-29 15:01:17+00:00,16856,12961,442,106,False,0.04228068821850166,280.9,180_plus,2025,2025-06,280,46.29
Hfk4Q7qx1vY,UCB9zFd3_X5A9XAxeHBIjudQ,Unexpectables,small,Daggerheart One-Shot: Kingdom of Dragons,2025-06-20 15:00:35+00:00,16253,8807,278,33,False,0.03531281934824571,270.9,180_plus,2025,2025-06,289,30.47
TPoWs8rvlkg,UCB9zFd3_X5A9XAxeHBIjudQ,Unexpectables,small,Gateway - Episode 89: Happy Together,2025-06-17 15:00:52+00:00,16264,3142,106,26,False,0.042011457670273714,271.1,180_plus,2025,2025-06,292,10.76
UY5_woyk4zg,UCB9zFd3_X5A9XAxeHBIjudQ,Unexpectables,small,Wrecks Pirates 3 | The Unexpectables II | Episode 115 | D&D 5e,2025-06-13 15:00:48+00:00,13007,12733,410,90,False,0.03926804366606455,216.8,180_plus,2025,2025-06,296,43.02
uWmRtrXGyDU,UCB9zFd3_X5A9XAxeHBIjudQ,Unexpectables,small,Gateway - Episode 88: Only You,2025-06-02 15:01:30+00:00,13020,2812,113,35,False,0.05263157894736842,217.0,180_plus,2025,2025-06,307,9.16
08dNjhfKdrg,UCB9zFd3_X5A9XAxeHBIjudQ,Unexpectables,small,Squawk and Awe | The Unexpectables II | Episode 114 | D&D 5e,2025-05-30 15:00:03+00:00,14995,13504,417,65,False,0.035693127962085305,249.9,180_plus,2025,2025-05,310,43.56
W6nhjXbNxEo,UCB9zFd3_X5A9XAxeHBIjudQ,Unexpectables,small,Gateway - Episode 87: Accentuate the Positive,2025-05-26 15:00:49+00:00,14120,3478,110,22,False,0.03795284646348476,235.3,180_plus,2025,2025-05,314,11.08
orYfQ4EYH_g,UCB9zFd3_X5A9XAxeHBIjudQ,Unexpectables,small,Gateway - Episode 86: Wonderful World,2025-05-19 15:01:23+00:00,12267,3139,106,26,False,0.042051608792609114,204.4,180_plus,2025,2025-05,321,9.78
mBaux7NvHDk,UCB9zFd3_X5A9XAxeHBIjudQ,Unexpectables,small,Dust an Agni Tail | The Unexpectables II | Episode 113 | D&D 5e,2025-05-16 15:01:30+00:00,10160,11345,394,45,False,0.03869546055531071,169.3,120_to_180,2025,2025-05,324,35.02
kMwQg-7_A90,UCB9zFd3_X5A9XAxeHBIjudQ,Unexpectables,small,Baldur's Gate 3 - Part 39 - FINALE,2025-05-12 15:01:12+00:00,20944,2630,100,34,False,0.05095057034220532,349.1,180_plus,2025,2025-05,328,8.02
bx96s28xzhQ,UCB9zFd3_X5A9XAxeHBIjudQ,Unexpectables,small,Sea Assist → Forward Aerial | The Unexpectables II | Episode 112 | D&D 5e,2025-05-09 15:01:06+00:00,14568,14677,420,61,False,0.03277236492471213,242.8,180_plus,2025,2025-05,331,44.34
Zr3btIoD8lw,UCB9zFd3_X5A9XAxeHBIjudQ,Unexpectables,small,Gateway - Episode 85: All I have to do is Dream,2025-05-05 15:01:03+00:00,11327,3101,122,24,False,0.04708158658497259,188.8,180_plus,2025,2025-05,335,9.26
uah2Ee2zPRo,UCB9zFd3_X5A9XAxeHBIjudQ,Unexpectables,small,Baldur's Gate 3 - Part 38,2025-05-03 15:01:34+00:00,13397,1680,78,11,False,0.052976190476190475,223.3,180_plus,2025,2025-05,337,4.99
a-wXSUE591U,UCB9zFd3_X5A9XAxeHBIjudQ,Unexpectables,small,Captain's Log | The Unexpectables II | Episode 111 | D&D 5e,2025-05-02 15:00:01+00:00,14788,15767,437,82,False,0.03291685165218494,246.5,180_plus,2025,2025-05,338,46.65
YINJO_YmvIk,UCB9zFd3_X5A9XAxeHBIjudQ,Unexpectables,small,Losing Our Marbles | The Unexpectables II | Episode 110 | D&D 5e,2025-04-25 15:00:54+00:00,17654,16160,465,105,False,0.03527227722772277,294.2,180_plus,2025,2025-04,345,46.84
Fi3fqMBFdxE,UCB9zFd3_X5A9XAxeHBIjudQ,Unexpectables,small,Gateway - Episode 84: Untrue Memory,2025-04-21 15:00:22+00:00,10514,2782,120,20,False,0.0503235082674335,175.2,120_to_180,2025,2025-04,349,7.97
prvdiyepz4Y,UCB9zFd3_X5A9XAxeHBIjudQ,Unexpectables,small,The Cat Returns | The Unexpectables II | Episode 109 | D&D 5e,2025-04-18 15:01:20+00:00,13511,14904,446,71,False,0.034688674181427806,225.2,180_plus,2025,2025-04,352,42.34
MQe3HhOrM78,UCB9zFd3_X5A9XAxeHBIjudQ,Unexpectables,small,Baldur's Gate 3 - Part 37,2025-04-14 15:00:36+00:00,14855,2278,82,14,False,0.04214223002633889,247.6,180_plus,2025,2025-04,356,6.4
LRzjQBKqvJM,UCB9zFd3_X5A9XAxeHBIjudQ,Unexpectables,small,Shrimple Plan | The Unexpectables II | Episode 108 | D&D 5e,2025-04-11 15:00:37+00:00,16502,16818,449,83,False,0.031632774408371984,275.0,180_plus,2025,2025-04,359,46.85
CxRnJ734-w0,UCB9zFd3_X5A9XAxeHBIjudQ,Unexpectables,small,Gateway - Episode 83: Vote Now!,2025-04-07 15:00:15+00:00,14246,3309,126,32,False,0.047748564521003324,237.4,180_plus,2025,2025-04,363,9.12
RW_rGClPno0,UCB9zFd3_X5A9XAxeHBIjudQ,Unexpectables,small,Battle of the Bards! | The Unexpectables Live at Kitsunekon 2024,2025-03-28 15:00:42+00:00,10783,8267,368,91,False,0.05552195475988871,179.7,120_to_180,2025,2025-03,373,22.16
5ywV_t2CNig,UCB9zFd3_X5A9XAxeHBIjudQ,Unexpectables,small,Self-Reflections | The Unexpectables II | Episode 107 | D&D 5e,2025-03-21 15:00:06+00:00,14015,15291,466,81,False,0.035772676737950426,233.6,180_plus,2025,2025-03,380,40.24
gssiqYTehfA,UCB9zFd3_X5A9XAxeHBIjudQ,Unexpectables,small,Baldur's Gate 3 - Part 36,2025-03-17 15:00:57+00:00,10393,2062,73,13,False,0.041707080504364696,173.2,120_to_180,2025,2025-03,384,5.37
zDpVwDDUj3M,UCB9zFd3_X5A9XAxeHBIjudQ,Unexpectables,small,Abreast of the Situation | The Unexpectables II | Episode 106 | D&D 5e,2025-03-14 15:01:32+00:00,14910,13962,495,100,False,0.04261567110729122,248.5,180_plus,2025,2025-03,387,36.08
Zm0F8BvGBMQ,UCB9zFd3_X5A9XAxeHBIjudQ,Unexpectables,small,Gateway - Episode 82: What a wonderful guy!,2025-03-10 15:00:45+00:00,8628,2772,113,15,False,0.046176046176046176,143.8,120_to_180,2025,2025-03,391,7.09
Ms_JONoxukI,UCB9zFd3_X5A9XAxeHBIjudQ,Unexpectables,small,Sweet Dragon Origins | The Unexpectables II | Episode 105 | D&D 5e,2025-03-07 16:00:33+00:00,14486,14608,490,91,False,0.03977272727272727,241.4,180_plus,2025,2025-03,394,37.08
iI0f8cp3y78,UCB9zFd3_X5A9XAxeHBIjudQ,Unexpectables,small,Baldur's Gate 3 - Part 35,2025-03-03 16:00:47+00:00,15799,2458,79,17,False,0.03905614320585842,263.3,180_plus,2025,2025-03,398,6.18
B52UJ_Tsx-o,UCB9zFd3_X5A9XAxeHBIjudQ,Unexpectables,small,Dancing With Death | The Unexpectables II | Episode 104 | D&D 5e,2025-02-28 16:00:14+00:00,15605,13783,481,89,False,0.041355292751940796,260.1,180_plus,2025,2025-02,401,34.37
3G6WAFlGR9k,UCB9zFd3_X5A9XAxeHBIjudQ,Unexpectables,small,Reading Last Rights | The Unexpectables II | Episode 103 | D&D 5e,2025-02-21 16:00:04+00:00,15285,13657,521,157,False,0.04964487076224647,254.8,180_plus,2025,2025-02,408,33.47
FqbPqJDTTfM,UCB9zFd3_X5A9XAxeHBIjudQ,Unexpectables,small,Baldur's Gate 3 - Part 34,2025-02-17 16:00:19+00:00,7451,1858,83,8,False,0.04897739504843918,124.2,120_to_180,2025,2025-02,412,4.51
va1WupGMVg0,UCB9zFd3_X5A9XAxeHBIjudQ,Unexpectables,small,Walking on Eggshells | The Unexpectables II | Episode 102 | D&D 5e,2025-02-14 16:01:05+00:00,14594,13486,466,155,False,0.046047753225567256,243.2,180_plus,2025,2025-02,415,32.5
YqBo49LppBc,UCB9zFd3_X5A9XAxeHBIjudQ,Unexpectables,small,Gateway - Episode 81: Midnight Confessions,2025-02-10 16:00:38+00:00,14387,3996,118,25,False,0.035785785785785784,239.8,180_plus,2025,2025-02,419,9.54
ie79U_ISOqI,UCB9zFd3_X5A9XAxeHBIjudQ,Unexpectables,small,Baldur's Gate 3 - Part 33,2025-02-05 16:00:46+00:00,11254,2074,91,13,False,0.05014464802314368,187.6,180_plus,2025,2025-02,424,4.89
K6jLxdAWu-Y,UCB9zFd3_X5A9XAxeHBIjudQ,Unexpectables,small,Abbott and Portobello | The Unexpectables II | Episode 101 | D&D 5e,2025-01-31 16:00:29+00:00,11743,17218,479,84,False,0.03269833894761296,195.7,180_plus,2025,2025-01,429,40.14
lAyx4F0JpXc,UCB9zFd3_X5A9XAxeHBIjudQ,Unexpectables,small,Breach Episode | The Unexpectables II | Episode 100 | D&D 5e,2025-01-24 16:00:50+00:00,14145,20674,500,95,False,0.028780110283447808,235.8,180_plus,2025,2025-01,436,47.42
iUAMctdEae8,UCB9zFd3_X5A9XAxeHBIjudQ,Unexpectables,small,Baldur's Gate 3 - Part 32,2025-01-21 16:00:45+00:00,10192,2392,85,13,False,0.04096989966555184,169.9,120_to_180,2025,2025-01,439,5.45
bc5G48-_ysM,UCB9zFd3_X5A9XAxeHBIjudQ,Unexpectables,small,Timeless Discovery | The Unexpectables II | Episode 99 | D&D 5e,2025-01-19 16:00:36+00:00,13998,28655,476,88,False,0.01968242889548072,233.3,180_plus,2025,2025-01,441,64.98
dbbJX8zYM94,UCB9zFd3_X5A9XAxeHBIjudQ,Unexpectables,small,Gateway - Episode 80: It's Now or Never,2025-01-13 16:00:39+00:00,10884,3582,122,19,False,0.03936348408710218,181.4,180_plus,2025,2025-01,447,8.01
MDfwxdtaavg,UCB9zFd3_X5A9XAxeHBIjudQ,Unexpectables,small,With Open Armies | The Unexpectables II | Episode 98 | D&D 5e,2025-01-10 16:00:28+00:00,17542,18187,538,103,False,0.03524495518777149,292.4,180_plus,2025,2025-01,450,40.42
9S7Amwihr6g,UCB9zFd3_X5A9XAxeHBIjudQ,Unexpectables,small,Kidding Ourselves | The Unexpectables II | Episode 97 | D&D 5e,2024-12-21 16:00:09+00:00,14611,15134,475,85,False,0.03700277520814061,243.5,180_plus,2024,2024-12,470,32.2
cAcPLiM__vo,UCB9zFd3_X5A9XAxeHBIjudQ,Unexpectables,small,Children's Card Game | The Unexpectables II | Episode 96 | D&D 5e,2024-12-13 16:00:36+00:00,13197,25809,559,181,False,0.028672168623348444,220.0,180_plus,2024,2024-12,478,53.99
Mq4RAbAEAlc,UCB9zFd3_X5A9XAxeHBIjudQ,Unexpectables,small,Baldur's Gate 3 - Part 31,2024-12-09 16:00:16+00:00,13147,3733,92,13,False,0.028127511384945084,219.1,180_plus,2024,2024-12,482,7.74
EUWdLypZE6g,UCB9zFd3_X5A9XAxeHBIjudQ,Unexpectables,small,Wonder Why We're Here | Terzan Chronicles: Age of the Arcane | Part 2,2024-12-07 16:00:16+00:00,14071,10515,244,39,False,0.026913932477413218,234.5,180_plus,2024,2024-12,484,21.73
KE64shfw7C8,UCB9zFd3_X5A9XAxeHBIjudQ,Unexpectables,small,Gateway - Episode 79: Don't Start me Talkin',2024-12-02 16:00:13+00:00,12597,5785,132,31,False,0.028176318063958514,210.0,180_plus,2024,2024-12,489,11.83
dFg8hqdIjVU,UCB9zFd3_X5A9XAxeHBIjudQ,Unexpectables,small,Red vs. Blue | Terzan Chronicles: Age of the Arcane | Part 1,2024-11-30 16:00:29+00:00,16114,14994,451,67,False,0.03454715219421102,268.6,180_plus,2024,2024-11,491,30.54
ZXmAyhzgQkw,UCB9zFd3_X5A9XAxeHBIjudQ,Unexpectables,small,Baldur's Gate 3 - Part 30,2024-11-25 16:00:36+00:00,10051,2877,93,11,False,0.03614876607577337,167.5,120_to_180,2024,2024-11,496,5.8
DyG_j_Bjnyc,UCB9zFd3_X5A9XAxeHBIjudQ,Unexpectables,small,Smashing Pumpkins | The Unexpectables II | Episode 95 | D&D 5e,2024-11-23 16:00:11+00:00,14193,35004,524,79,False,0.017226602673980115,236.6,180_plus,2024,2024-11,498,70.29
nDUz2VlrKgg,UCB9zFd3_X5A9XAxeHBIjudQ,Unexpectables,small,Gateway - Episode 78: Ain't That a Kick in the Head,2024-11-18 16:00:46+00:00,12195,5046,132,26,False,0.031311930241775664,203.2,180_plus,2024,2024-11,503,10.03
QSyxEGFTwH4,UCB9zFd3_X5A9XAxeHBIjudQ,Unexpectables,small,Shaped like a Psuedo Dragon | The Unexpectables II | Episode 94 | D&D 5e,2024-11-15 16:00:31+00:00,11200,17674,479,71,False,0.031119158085323072,186.7,180_plus,2024,2024-11,506,34.93
rl_SkzPos4w,UCB9zFd3_X5A9XAxeHBIjudQ,Unexpectables,small,Baldur's Gate 3 - Part 29,2024-11-14 16:00:48+00:00,10522,2472,90,10,False,0.040453074433656956,175.4,120_to_180,2024,2024-11,507,4.88
DDb9IYfa0dU,UCB9zFd3_X5A9XAxeHBIjudQ,Unexpectables,small,Here Comes the Son | The Unexpectables II | Episode 93 | D&D 5e,2024-11-09 16:00:16+00:00,14140,38662,523,116,False,0.016527856810304692,235.7,180_plus,2024,2024-11,512,75.51
6v4ExQ9iTOQ,UCB9zFd3_X5A9XAxeHBIjudQ,Unexpectables,small,Ravenloft: Heir to the Throne - Episode 26: It's Good Dirt,2024-11-04 16:00:12+00:00,15792,4996,175,43,False,0.043634907926341074,263.2,180_plus,2024,2024-11,517,9.66
8fLkXgC_x1U,UCB9zFd3_X5A9XAxeHBIjudQ,Unexpectables,small,Gobtober: Strange Bedfellows - Episode 5: The Cast Die Falls,2024-11-01 15:00:14+00:00,24898,6866,152,38,False,0.02767258957180309,415.0,180_plus,2024,2024-11,520,13.2
fUbPKMb2U9Y,UCB9zFd3_X5A9XAxeHBIjudQ,Unexpectables,small,Ravenloft: Heir to the Throne - Episode 25: When a Tree Falls,2024-10-30 15:00:47+00:00,16862,6115,173,46,False,0.03581357318070319,281.0,180_plus,2024,2024-10,522,11.71
aZe6QGE2mDs,UCB9zFd3_X5A9XAxeHBIjudQ,Unexpectables,small,Gobtober: Strange Bedfellows - Episode 4: Interdimensional Man of Mystery,2024-10-27 15:00:03+00:00,14659,4463,134,19,False,0.03428187317947569,244.3,180_plus,2024,2024-10,525,8.5
7nJ5Fd1cO_w,UCB9zFd3_X5A9XAxeHBIjudQ,Unexpectables,small,Ravenloft: Heir to the Throne - Episode 24: Bridging the Gap,2024-10-26 15:00:12+00:00,11929,7641,157,29,False,0.024342363564978407,198.8,180_plus,2024,2024-10,526,14.53
0gnClEUrp_U,UCB9zFd3_X5A9XAxeHBIjudQ,Unexpectables,small,Gobtober: Strange Bedfellows - Episode 3: Lady Luck,2024-10-21 15:00:01+00:00,16899,6338,137,30,False,0.026349005995582202,281.6,180_plus,2024,2024-10,531,11.94
ujVjRzTKYJ4,UCB9zFd3_X5A9XAxeHBIjudQ,Unexpectables,small,Ravenloft: Heir to the Throne - Episode 23: The Tower,2024-10-14 15:01:13+00:00,14105,21795,185,21,False,0.009451709107593485,235.1,180_plus,2024,2024-10,538,40.51
i1luQHdaKmw,UCB9zFd3_X5A9XAxeHBIjudQ,Unexpectables,small,Frosting and Fortune | Gobtober: Strange Bedfellows | Episode 2,2024-10-12 15:00:46+00:00,16178,8866,164,37,False,0.022670877509587187,269.6,180_plus,2024,2024-10,540,16.42
o0dlxO_4n64,UCB9zFd3_X5A9XAxeHBIjudQ,Unexpectables,small,Ravenloft: Heir to the Throne - Episode 22: Homeward Bound,2024-10-11 15:00:53+00:00,12032,17681,190,36,False,0.012782082461399242,200.5,180_plus,2024,2024-10,541,32.68
ZQ2BrvrAS38,UCB9zFd3_X5A9XAxeHBIjudQ,Unexpectables,small,Welcome to Sigil | Gobtober: Strange Bedfellows | Episode 1,2024-10-08 15:00:40+00:00,14313,34421,244,35,False,0.008105516980912815,238.6,180_plus,2024,2024-10,544,63.27
cN2fRzT_fn4,UCB9zFd3_X5A9XAxeHBIjudQ,Unexpectables,small,Three Mooders and Cownting | The Unexpectables II | Episode 92 | D&D 5e,2024-09-27 15:00:46+00:00,18523,19510,525,141,False,0.03413634033828806,308.7,180_plus,2024,2024-09,555,35.15
NlYJxqD1Lpw,UCB9zFd3_X5A9XAxeHBIjudQ,Unexpectables,small,Gateway - Episode 77: Sleepwalking,2024-09-23 15:00:18+00:00,8369,3644,126,17,False,0.03924259055982437,139.5,120_to_180,2024,2024-09,559,6.52
lSkNU0LJiMo,UCB9zFd3_X5A9XAxeHBIjudQ,Unexpectables,small,There Might be Giants | The Unexpectables II | Episode 91 | D&D 5e,2024-09-20 15:00:58+00:00,14927,15416,493,116,False,0.03950441100155683,248.8,180_plus,2024,2024-09,562,27.43
H6GpRFD3OrE,UCB9zFd3_X5A9XAxeHBIjudQ,Unexpectables,small,Baldur's Gate 3 - Part 28,2024-09-17 15:00:28+00:00,10054,3437,109,11,False,0.03491416933372127,167.6,120_to_180,2024,2024-09,565,6.08
4aZD47704i4,UCB9zFd3_X5A9XAxeHBIjudQ,Unexpectables,small,A Top the 4th Wall | The Unexpectables II | Episode 90 | D&D 5e,2024-09-13 15:00:08+00:00,15853,17258,558,170,False,0.04218333526480473,264.2,180_plus,2024,2024-09,569,30.33
-ouA6TsGwSQ,UCB9zFd3_X5A9XAxeHBIjudQ,Unexpectables,small,Gateway - Episode 76: Bonnie and Clyde,2024-09-12 15:00:00+00:00,11845,4923,134,20,False,0.031281738777168396,197.4,180_plus,2024,2024-09,570,8.64
6cbB46NSlDA,UCB9zFd3_X5A9XAxeHBIjudQ,Unexpectables,small,Infantstructure | The Unexpectables II | Episode 89 | D&D 5e,2024-09-06 15:00:12+00:00,15307,19435,544,187,False,0.03761255466941086,255.1,180_plus,2024,2024-09,576,33.74
7TcSDcaNiYw,UCB9zFd3_X5A9XAxeHBIjudQ,Unexpectables,small,Wash Away the Pain | The Unexpectables II | Episode 88 | D&D 5e,2024-08-30 15:00:11+00:00,16259,19845,551,171,False,0.036381960191484,271.0,180_plus,2024,2024-08,583,34.04
FceJQNH5fII,UCB9zFd3_X5A9XAxeHBIjudQ,Unexpectables,small,DnD Humblewood One-shot: Rules of Nature,2024-08-25 15:00:12+00:00,17945,7821,251,67,False,0.04065976217874952,299.1,180_plus,2024,2024-08,588,13.3
DDxFVhWe9q4,UCB9zFd3_X5A9XAxeHBIjudQ,Unexpectables,small,Baldur's Gate 3 - Part 27,2024-08-16 15:00:16+00:00,17718,4218,120,17,False,0.03247984826932195,295.3,180_plus,2024,2024-08,597,7.07
Pnv5XlHP6to,UCB9zFd3_X5A9XAxeHBIjudQ,Unexpectables,small,Gateway - Episode 75: Ain't that a Shame,2024-08-14 15:00:23+00:00,10603,4094,136,9,False,0.035417684416218856,176.7,120_to_180,2024,2024-08,599,6.83
wLGrTi4Hzmk,UCB9zFd3_X5A9XAxeHBIjudQ,Unexpectables,small,Screaming for Vengeance | The Unexpectables II | Episode 87 | D&D 5e,2024-08-09 15:01:04+00:00,17086,22312,526,173,False,0.031328433130154175,284.8,180_plus,2024,2024-08,604,36.94
65z3Wvwsc_c,UCB9zFd3_X5A9XAxeHBIjudQ,Unexpectables,small,Baldur's Gate 3 - Part 26,2024-08-07 15:00:06+00:00,10926,4258,113,15,False,0.030061061531235323,182.1,180_plus,2024,2024-08,606,7.03
SKgsjy_SCME,UCB9zFd3_X5A9XAxeHBIjudQ,Unexpectables,small,"Bed, Knobs and Door Licks | The Unexpectables II | Episode 86 | D&D 5e",2024-08-02 15:00:33+00:00,14515,21888,473,146,False,0.02828033625730994,241.9,180_plus,2024,2024-08,611,35.82
_Bu0m5TbkbM,UCB9zFd3_X5A9XAxeHBIjudQ,Unexpectables,small,Sound of Violence | The Unexpectables II | Episode 85 | D&D 5e,2024-07-27 15:00:35+00:00,14375,24331,490,83,False,0.02355020344416588,239.6,180_plus,2024,2024-07,617,39.43
XyPIqJ4yaPs,UCB9zFd3_X5A9XAxeHBIjudQ,Unexpectables,small,Gateway - Episode 74: Difference a Day Makes,2024-07-24 15:00:39+00:00,11241,4468,144,28,False,0.03849597135183527,187.4,180_plus,2024,2024-07,620,7.21
_O4FaSSSn38,UCB9zFd3_X5A9XAxeHBIjudQ,Unexpectables,small,Flesh Cloak and Dagger | The Unexpectables II | Episode 84 | D&D 5e,2024-07-12 15:00:39+00:00,13299,26844,497,78,False,0.02142005662345403,221.6,180_plus,2024,2024-07,632,42.47
-WxGngXsHeU,UCB9zFd3_X5A9XAxeHBIjudQ,Unexpectables,small,The Alivast Archive - Chapter 0: Prologue,2024-07-08 19:30:25+00:00,547,7945,1332,240,False,0.19786028949024545,9.1,under_60,2024,2024-07,636,12.49
ndkr1i-6OA0,UCB9zFd3_X5A9XAxeHBIjudQ,Unexpectables,small,Baldur's Gate 3 - Part 25,2024-07-08 15:00:46+00:00,11872,4676,125,18,False,0.03058169375534645,197.9,180_plus,2024,2024-07,636,7.35
n8hEWZB_l8U,UCB9zFd3_X5A9XAxeHBIjudQ,Unexpectables,small,Hidden Gems - Unexpectables One-Shot,2024-07-05 15:00:50+00:00,18773,12482,401,88,False,0.039176414036212144,312.9,180_plus,2024,2024-07,639,19.53
_sh3hLp72AQ,UCB9zFd3_X5A9XAxeHBIjudQ,Unexpectables,small,Gateway - Episode 73: Take Five,2024-07-04 17:00:25+00:00,11419,5411,143,25,False,0.031047865459249677,190.3,180_plus,2024,2024-07,640,8.45
NHV_d1hJGWo,UCB9zFd3_X5A9XAxeHBIjudQ,Unexpectables,small,Pud Divers | The Unexpectables II | Episode 83 | D&D 5e,2024-06-28 15:00:22+00:00,14173,37742,522,120,False,0.01701022733294473,236.2,180_plus,2024,2024-06,646,58.42
0rA1AuZID8M,UCB9zFd3_X5A9XAxeHBIjudQ,Unexpectables,small,Baldur's Gate 3 - Part 24,2024-06-27 15:00:01+00:00,10016,4381,122,9,False,0.029901848892946815,166.9,120_to_180,2024,2024-06,647,6.77
vhE0_h90hks,UCB9zFd3_X5A9XAxeHBIjudQ,Unexpectables,small,Fire Alarm | The Unexpectables II | Episode 82 | D&D 5e,2024-06-21 15:01:02+00:00,12235,24102,465,94,False,0.02319309600862999,203.9,180_plus,2024,2024-06,653,36.91
z90Ulskl63M,UCB9zFd3_X5A9XAxeHBIjudQ,Unexpectables,small,Baldur's Gate 3 - Part 23,2024-06-17 15:01:01+00:00,7596,3997,122,13,False,0.03377533149862397,126.6,120_to_180,2024,2024-06,657,6.08
TjPLo6fub0g,UCB9zFd3_X5A9XAxeHBIjudQ,Unexpectables,small,Heist Without Trace | The Unexpectables II | Episode 81 | D&D 5e,2024-06-14 15:00:26+00:00,13157,27847,461,85,False,0.019607139009588107,219.3,180_plus,2024,2024-06,660,42.19
UY-GczydCZ4,UCB9zFd3_X5A9XAxeHBIjudQ,Unexpectables,small,Splash Damage | The Unexpectables II | Episode 80 | D&D 5e,2024-06-07 15:00:29+00:00,12907,23641,450,70,False,0.021995685461697896,215.1,180_plus,2024,2024-06,667,35.44
fugQgLKAltE,UCB9zFd3_X5A9XAxeHBIjudQ,Unexpectables,small,Baldur's Gate 3 - Part 22,2024-06-04 15:00:37+00:00,10836,4969,131,12,False,0.02877842624270477,180.6,180_plus,2024,2024-06,670,7.42
2Hu77zTfxyA,UCB9zFd3_X5A9XAxeHBIjudQ,Unexpectables,small,Knight Trap | The Unexpectables II | Episode 79 | D&D 5e,2024-05-31 15:00:04+00:00,17318,23700,504,123,False,0.026455696202531645,288.6,180_plus,2024,2024-05,674,35.16
kFkSYQStvng,UCB9zFd3_X5A9XAxeHBIjudQ,Unexpectables,small,Crime Alley Cats | The Unexpectables II | Episode 78 | D&D 5e,2024-05-24 15:00:46+00:00,16099,23551,500,93,False,0.025179397902424527,268.3,180_plus,2024,2024-05,681,34.58
N3cnQm3wQz4,UCB9zFd3_X5A9XAxeHBIjudQ,Unexpectables,small,"Gateway - Episode 72: Within You, Without You",2024-05-20 15:00:30+00:00,11494,12068,191,39,False,0.0190586675505469,191.6,180_plus,2024,2024-05,685,17.62
EwL_ZBFfja4,UCB9zFd3_X5A9XAxeHBIjudQ,Unexpectables,small,Pud Crawl | The Unexpectables II | Episode 77 | D&D 5e,2024-05-18 15:00:21+00:00,14614,21733,525,110,False,0.02921823954355128,243.6,180_plus,2024,2024-05,687,31.63
0Yvy9VgHm9U,UCB9zFd3_X5A9XAxeHBIjudQ,Unexpectables,small,Gateway - Episode 71: The Great Pretender,2024-05-18 15:00:01+00:00,13841,46773,177,25,False,0.0043187308917537895,230.7,180_plus,2024,2024-05,687,68.08
J255nyAx9Gg,UCB9zFd3_X5A9XAxeHBIjudQ,Unexpectables,small,Muddle of Pud | The Unexpectables II | Episode 76 | D&D 5e,2024-05-10 15:00:24+00:00,14848,25774,525,117,False,0.024908822844727244,247.5,180_plus,2024,2024-05,695,37.08
KiafHuzJh7k,UCB9zFd3_X5A9XAxeHBIjudQ,Unexpectables,small,Baldur's Gate 3 - Part 21,2024-05-07 15:00:25+00:00,11716,6682,143,15,False,0.0236456150853038,195.3,180_plus,2024,2024-05,698,9.57
64DNKmViHjo,UCB9zFd3_X5A9XAxeHBIjudQ,Unexpectables,small,Of a Different Ironkind | The Unexpectables II | Episode 75 | D&D 5e,2024-05-03 15:00:04+00:00,15157,26457,488,120,False,0.022980685640851192,252.6,180_plus,2024,2024-05,702,37.69
SMZOuH8JfVQ,UCB9zFd3_X5A9XAxeHBIjudQ,Unexpectables,small,Baldur's Gate 3 - Part 20,2024-04-22 15:00:22+00:00,13787,8322,149,15,False,0.01970680124969959,229.8,180_plus,2024,2024-04,713,11.67
fxvRVlr5Wjk,UCB9zFd3_X5A9XAxeHBIjudQ,Unexpectables,small,Orun High Scale Host Club | The Unexpectables II | Episode 74 | D&D 5e,2024-04-19 15:00:40+00:00,14428,25093,519,123,False,0.02558482445303471,240.5,180_plus,2024,2024-04,716,35.05
xlIOU-dsU6w,UCB9zFd3_X5A9XAxeHBIjudQ,Unexpectables,small,Baldur's Gate 3 - Part 19,2024-04-17 15:00:58+00:00,12653,5841,145,23,False,0.028762198253723677,210.9,180_plus,2024,2024-04,718,8.14
10CdjkWPLRM,UCB9zFd3_X5A9XAxeHBIjudQ,Unexpectables,small,"Goats, Boats and Musical Notes | The Unexpectables II | Episode 73 | D&D 5e",2024-04-12 15:00:02+00:00,13808,45162,526,155,False,0.015079048757805235,230.1,180_plus,2024,2024-04,723,62.46
oK3lULUxlvs,UCB9zFd3_X5A9XAxeHBIjudQ,Unexpectables,small,Baldur's Gate 3 - Part 18,2024-04-11 19:00:30+00:00,9279,4828,135,14,False,0.030861640430820216,154.6,120_to_180,2024,2024-04,724,6.67
Xf9f1YYuHe8,UCB9zFd3_X5A9XAxeHBIjudQ,Unexpectables,small,Insight Edition | The Unexpectables II | Episode 72 | D&D 5e,2024-04-05 15:00:34+00:00,13655,39007,552,124,False,0.017330222780526573,227.6,180_plus,2024,2024-04,730,53.43
GqvEkUp2irI,UCB9zFd3_X5A9XAxeHBIjudQ,Unexpectables,small,"Gateway -  Episode 70: Beautiful Boy, Darling Boy",2024-04-01 15:00:12+00:00,11616,6453,165,39,False,0.03161320316132032,193.6,180_plus,2024,2024-04,734,8.79
Dxg_l1Ftreo,UCB9zFd3_X5A9XAxeHBIjudQ,Unexpectables,small,Gleaning the Meaning | The Unexpectables II | Episode 71 | D&D 5e,2024-03-29 15:00:20+00:00,18219,23839,556,127,False,0.028650530643063887,303.6,180_plus,2024,2024-03,737,32.35
4_hBW361xdc,UCB9zFd3_X5A9XAxeHBIjudQ,Unexpectables,small,Baldur's Gate 3 - Part 17 : Arachnodesiac,2024-03-12 15:00:03+00:00,14024,7709,161,21,False,0.023608768971332208,233.7,180_plus,2024,2024-03,754,10.22
4tsyRUQAoh0,UCB9zFd3_X5A9XAxeHBIjudQ,Unexpectables,small,How To Brain Your Dragon | The Unexpectables II | Episode 70 | D&D 5e,2024-03-08 16:00:02+00:00,14060,57739,527,109,False,0.011015085124439288,234.3,180_plus,2024,2024-03,758,76.17
mTHDtj9EtW8,UCB9zFd3_X5A9XAxeHBIjudQ,Unexpectables,small,Gateway - Episode 69: Needle in a Haystack,2024-03-04 16:00:29+00:00,10643,6361,155,24,False,0.028140229523659802,177.4,120_to_180,2024,2024-03,762,8.35
U6JgEGdV_Ok,UCB9zFd3_X5A9XAxeHBIjudQ,Unexpectables,small,5HEAD | The Unexpectables II | Episode 69 | D&D 5e,2024-03-01 16:00:17+00:00,15266,20651,524,112,False,0.030797540070698754,254.4,180_plus,2024,2024-03,765,26.99
6JjZ1kMQzgE,UCB9zFd3_X5A9XAxeHBIjudQ,Unexpectables,small,Baldur's Gate - Part 16,2024-03-01 00:00:03+00:00,11125,6149,153,20,False,0.028134656041632785,185.4,180_plus,2024,2024-03,766,8.03
fs2QyFRl3jM,UCB9zFd3_X5A9XAxeHBIjudQ,Unexpectables,small,Querey Quarry | The Unexpectables II | Episode 68 | D&D 5e,2024-02-23 16:00:24+00:00,15524,22327,508,120,False,0.028127379406100238,258.7,180_plus,2024,2024-02,772,28.92
uHCxjSRPNGw,UCB9zFd3_X5A9XAxeHBIjudQ,Unexpectables,small,Gateway - Episode 68: Mother Nature's Son,2024-02-20 16:00:38+00:00,11546,16831,156,21,False,0.010516309191373061,192.4,180_plus,2024,2024-02,775,21.72
moZNuw8z-mA,UCB9zFd3_X5A9XAxeHBIjudQ,Unexpectables,small,Baldur's Gate 3 - Part 15: Kickstart My Heart,2024-02-19 16:00:35+00:00,13393,8387,172,22,False,0.02313103612733993,223.2,180_plus,2024,2024-02,776,10.81
K5cLaHgCBqA,UCB9zFd3_X5A9XAxeHBIjudQ,Unexpectables,small,Whale of a Tale | The Unexpectables II | Episode 67 | D&D 5e,2024-02-17 16:00:22+00:00,14412,21422,516,89,False,0.02824199421155821,240.2,180_plus,2024,2024-02,778,27.53
Mp0-MqwGvD8,UCB9zFd3_X5A9XAxeHBIjudQ,Unexpectables,small,King's Ransom | The Unexpectables II | Episode 66 | D&D 5e,2024-02-09 16:00:19+00:00,12156,53521,503,135,False,0.011920554548681826,202.6,180_plus,2024,2024-02,786,68.09
jwQRoYqV830,UCB9zFd3_X5A9XAxeHBIjudQ,Unexpectables,small,Baldur's Gate 3 - Part 14: Deepening Shadows,2024-02-07 16:00:36+00:00,10178,7474,182,28,False,0.0280974043350281,169.6,120_to_180,2024,2024-02,788,9.48
9l52qI-a35I,UCB9zFd3_X5A9XAxeHBIjudQ,Unexpectables,small,Croak and Smoke | The Unexpectables II | Episode 65 | D&D 5e,2024-02-02 16:00:07+00:00,14351,53477,504,120,False,0.01166856779550087,239.2,180_plus,2024,2024-02,793,67.44
s0O99mFQ_hU,UCB9zFd3_X5A9XAxeHBIjudQ,Unexpectables,small,"Gateway - Episode 67: Build me up, Buttercup",2024-01-31 16:00:37+00:00,11416,14456,151,25,False,0.012174875484228001,190.3,180_plus,2024,2024-01,795,18.18
R7AmZieLg1Q,UCB9zFd3_X5A9XAxeHBIjudQ,Unexpectables,small,S H Ö P | The Unexpectables II | Episode 64 | D&D 5e,2024-01-26 16:00:19+00:00,15633,23446,519,101,False,0.026443743069180244,260.6,180_plus,2024,2024-01,800,29.31
QrZbEcPjp1Y,UCB9zFd3_X5A9XAxeHBIjudQ,Unexpectables,small,Baldur's Gate - Part 13: Tugging on Harp Strings,2024-01-23 16:00:13+00:00,13327,22136,203,31,False,0.01057101554029635,222.1,180_plus,2024,2024-01,803,27.57
QVmrRmiaxsc,UCB9zFd3_X5A9XAxeHBIjudQ,Unexpectables,small,Hellhound or High Water | The Unexpectables II | Episode 63 | D&D 5e,2024-01-19 16:00:16+00:00,14076,71591,534,138,False,0.009386654747105084,234.6,180_plus,2024,2024-01,807,88.71
2ZdDRXWApok,UCB9zFd3_X5A9XAxeHBIjudQ,Unexpectables,small,Gateway - Episode 66: More Than a Feeling,2024-01-15 16:00:03+00:00,12395,24415,170,34,False,0.008355519148064714,206.6,180_plus,2024,2024-01,811,30.1
JgvtCeefA2E,UCB9zFd3_X5A9XAxeHBIjudQ,Unexpectables,small,Goyle Scouts | The Unexpectables II | Episode 62 | D&D 5e,2024-01-12 16:00:18+00:00,14004,73464,517,97,False,0.008357835130131766,233.4,180_plus,2024,2024-01,814,90.25
6Jid8ZNRVqI,UCB9zFd3_X5A9XAxeHBIjudQ,Unexpectables,small,Baldurs Gate 3 - Part 12: Gods and Nonbelievers,2024-01-11 16:00:04+00:00,9819,6887,191,31,False,0.03223464498330187,163.6,120_to_180,2024,2024-01,815,8.45
Eg77_3RQpsQ,UCB9zFd3_X5A9XAxeHBIjudQ,Unexpectables,small,Baldur's Gate 3 - Part 11: Party Crèchers,2024-01-06 16:00:09+00:00,12267,11477,214,35,False,0.02169556504312974,204.4,180_plus,2024,2024-01,820,14.0
M2yYBYb-zfg,UCB9zFd3_X5A9XAxeHBIjudQ,Unexpectables,small,Insecurity Breach | The Unexpectables II | Episode 61 | D&D 5e,2024-01-05 16:00:27+00:00,15278,22862,539,95,False,0.02773160703350538,254.6,180_plus,2024,2024-01,821,27.85
OJnGIUnAk9s,UCB9zFd3_X5A9XAxeHBIjudQ,Unexpectables,small,Baldur's Gate 3 - Part 10: Hammer Time,2023-12-23 16:00:19+00:00,11196,10505,202,20,False,0.021132793907663018,186.6,180_plus,2023,2023-12,834,12.6
Lj_J1NOd9Uk,UCB9zFd3_X5A9XAxeHBIjudQ,Unexpectables,small,Pie Spy | The Unexpectables II | Episode 60 | D&D 5e,2023-12-15 16:00:13+00:00,14619,22870,539,67,False,0.0264975951027547,243.6,180_plus,2023,2023-12,842,27.16
PGpdYaKjo6U,UCB9zFd3_X5A9XAxeHBIjudQ,Unexpectables,small,Baldur's Gate 3 - Part 9: Grim Dark,2023-12-12 16:00:19+00:00,15112,12816,216,22,False,0.018570536828963796,251.9,180_plus,2023,2023-12,845,15.17
MCvx7KFhqFc,UCB9zFd3_X5A9XAxeHBIjudQ,Unexpectables,small,Baldur's Gate 3 - Part 8: The little episode that could,2023-12-09 16:00:10+00:00,10354,15737,221,20,False,0.01531422761644532,172.6,120_to_180,2023,2023-12,848,18.56
XGO-Ucqr70s,UCB9zFd3_X5A9XAxeHBIjudQ,Unexpectables,small,Bug Puffs | The Unexpectables II | Episode 59 | D&D 5e,2023-12-08 16:00:18+00:00,13136,88631,571,103,False,0.0076045627376425855,218.9,180_plus,2023,2023-12,849,104.39
D9paWy7OZMM,UCB9zFd3_X5A9XAxeHBIjudQ,Unexpectables,small,Oasis Basis | The Unexpectables II | Episode 58 | D&D 5e,2023-12-01 16:00:11+00:00,13504,51912,545,68,False,0.011808445060872245,225.1,180_plus,2023,2023-12,856,60.64
vz1Ir6oWkYk,UCB9zFd3_X5A9XAxeHBIjudQ,Unexpectables,small,Baldur's Gate 3 - Part 7: Explosive Developments,2023-11-30 16:00:46+00:00,12884,20375,251,33,False,0.013938650306748466,214.7,180_plus,2023,2023-11,857,23.77
OAU5S2HytAc,UCB9zFd3_X5A9XAxeHBIjudQ,Unexpectables,small,DnD The Unexpectables One Off - Workshop Woes,2023-11-29 16:00:22+00:00,18234,10383,274,81,False,0.0341905037079842,303.9,180_plus,2023,2023-11,858,12.1
mEwA6ENNHB4,UCB9zFd3_X5A9XAxeHBIjudQ,Unexpectables,small,Baldur's Gate 3 - Part 6: The Hard Way,2023-11-25 16:00:25+00:00,11460,15304,265,25,False,0.01894929430214323,191.0,180_plus,2023,2023-11,862,17.75
c399gEExijg,UCB9zFd3_X5A9XAxeHBIjudQ,Unexpectables,small,Baldur's Gate 3 - Part 5: Absolute Devastation,2023-11-21 16:00:29+00:00,13386,21024,294,29,False,0.015363394216133941,223.1,180_plus,2023,2023-11,866,24.28
5ylG-mnX6kM,UCB9zFd3_X5A9XAxeHBIjudQ,Unexpectables,small,Baldur's Gate 3 - Part 4: Hagging a Bad Time,2023-11-20 16:00:04+00:00,11284,15469,316,27,False,0.02217337901609671,188.1,180_plus,2023,2023-11,867,17.84
UGDVxMmuHCM,UCB9zFd3_X5A9XAxeHBIjudQ,Unexpectables,small,Princess Keepaway | The Unexpectables II | Episode 57 | D&D 5e,2023-11-19 16:00:15+00:00,13542,72670,615,95,False,0.00977019402779689,225.7,180_plus,2023,2023-11,868,83.72
gsI0RKOVE1A,UCB9zFd3_X5A9XAxeHBIjudQ,Unexpectables,small,Gobtober: Thronebreakers E5 - The Devil You Know,2023-11-08 16:00:41+00:00,19656,5611,171,31,False,0.03600071288540367,327.6,180_plus,2023,2023-11,879,6.38
jVKRG6eyiAE,UCB9zFd3_X5A9XAxeHBIjudQ,Unexpectables,small,Ravenloft: Heir to the Throne - Episode 21: Cat Got Your Tongue?,2023-11-03 15:00:42+00:00,11321,12827,191,38,False,0.017852966399002104,188.7,180_plus,2023,2023-11,884,14.51
N7bpSi-h1U8,UCB9zFd3_X5A9XAxeHBIjudQ,Unexpectables,small,Gobtober: Thronebreakers E4 - Kicking Some Ice,2023-10-30 15:00:16+00:00,19601,6291,178,28,False,0.03274519154347481,326.7,180_plus,2023,2023-10,888,7.08
4FlQlLhlbcY,UCB9zFd3_X5A9XAxeHBIjudQ,Unexpectables,small,Gobtober: Thronebreakers E3 - Taking Caer of Business,2023-10-24 15:00:03+00:00,12039,7706,172,26,False,0.025694264209706722,200.6,180_plus,2023,2023-10,894,8.62
vNEnfCXU_kc,UCB9zFd3_X5A9XAxeHBIjudQ,Unexpectables,small,Ravenloft: Heir to the Throne - Episode 20: Afterparty,2023-10-21 15:00:46+00:00,18952,14279,210,45,False,0.017858393444919112,315.9,180_plus,2023,2023-10,897,15.92
Rdh39KAn7EY,UCB9zFd3_X5A9XAxeHBIjudQ,Unexpectables,small,Rocket Rescue on the S.S. Anne! - Raising money for Gamer's Outreach #SS2023,2023-10-20 15:00:29+00:00,23684,12248,328,78,False,0.03314826910516003,394.7,180_plus,2023,2023-10,898,13.64
KeXskXh3860,UCB9zFd3_X5A9XAxeHBIjudQ,Unexpectables,small,Gobtober: Thronebreakers E2 - Exchanging Glances,2023-10-17 15:00:22+00:00,16704,6789,202,30,False,0.03417292679334217,278.4,180_plus,2023,2023-10,901,7.53
_DaRIuEdb84,UCB9zFd3_X5A9XAxeHBIjudQ,Unexpectables,small,Ravenloft: Heir to the Throne - Episode 19: Red Dead's Attention,2023-10-16 15:00:23+00:00,13263,45199,202,38,False,0.0053098519878758375,221.0,180_plus,2023,2023-10,902,50.11
Rbn5d62YUcQ,UCB9zFd3_X5A9XAxeHBIjudQ,Unexpectables,small,Gobtober: Thronebreakers - Part 1,2023-10-13 22:23:12+00:00,12756,9754,264,44,False,0.03157678900963707,212.6,180_plus,2023,2023-10,905,10.78
Vq8iuDFw0mk,UCB9zFd3_X5A9XAxeHBIjudQ,Unexpectables,small,"Ravenloft: Heir to the Throne - Episode 18: Dude, Where's My Cow?",2023-10-10 15:00:19+00:00,16738,9364,245,29,False,0.02926099957283212,279.0,180_plus,2023,2023-10,908,10.31
V-YN9N2UUyk,UCB9zFd3_X5A9XAxeHBIjudQ,Unexpectables,small,Baldur's Gate 3 - Part 3: Webs of Deceit,2023-10-02 15:00:32+00:00,14454,22506,467,60,False,0.023415977961432508,240.9,180_plus,2023,2023-10,916,24.57
Fq4HrYd8V1Q,UCB9zFd3_X5A9XAxeHBIjudQ,Unexpectables,small,Glasses Half Full | The Unexpectables II | Episode 56 | D&D 5e,2023-09-29 15:00:15+00:00,15383,23969,537,77,False,0.025616421210730527,256.4,180_plus,2023,2023-09,919,26.08
zjcZ6wiKkvA,UCB9zFd3_X5A9XAxeHBIjudQ,Unexpectables,small,"Baldur's Gate 3 - Part 2: Go woke, Oath broke",2023-09-25 15:00:50+00:00,15353,33377,636,76,False,0.0213320550079396,255.9,180_plus,2023,2023-09,923,36.16
qErZ1qCUFP0,UCB9zFd3_X5A9XAxeHBIjudQ,Unexpectables,small,Training Montage | The Unexpectables II | Episode 55 | D&D 5e,2023-09-23 01:39:24+00:00,14874,21207,506,130,False,0.029990097609279953,247.9,180_plus,2023,2023-09,926,22.9
WEGkrD6e56A,UCB9zFd3_X5A9XAxeHBIjudQ,Unexpectables,small,Gateway - Episode 65: Yours is No Disgrace,2023-09-18 15:00:24+00:00,12252,19174,175,34,False,0.01090017732345885,204.2,180_plus,2023,2023-09,930,20.62
6ISCwlkI-IA,UCB9zFd3_X5A9XAxeHBIjudQ,Unexpectables,small,Them's Fightin' Words | The Unexpectables II | Episode 54 | D&D 5e,2023-09-15 15:00:04+00:00,14756,22900,566,193,False,0.03314410480349345,245.9,180_plus,2023,2023-09,933,24.54
YJWIByIzNCs,UCB9zFd3_X5A9XAxeHBIjudQ,Unexpectables,small,Baldur's Gate 3 - Part 1: G'run'x & Bunch,2023-09-11 22:26:42+00:00,13339,74021,1565,180,False,0.023574391051188175,222.3,180_plus,2023,2023-09,937,79.0
xZKh-nWyGUI,UCB9zFd3_X5A9XAxeHBIjudQ,Unexpectables,small,An Arm and an Egg | The Unexpectables II | Episode 53 | D&D 5e,2023-09-10 15:00:45+00:00,14188,89447,593,77,False,0.007490469216407482,236.5,180_plus,2023,2023-09,938,95.36
5s38R_1SFU8,UCB9zFd3_X5A9XAxeHBIjudQ,Unexpectables,small,Gateway - Episode 64: Some Rain Must Fall,2023-09-05 15:00:04+00:00,11799,56213,197,41,False,0.004233896073861918,196.6,180_plus,2023,2023-09,943,59.61
4aCfJsbu9SA,UCB9zFd3_X5A9XAxeHBIjudQ,Unexpectables,small,Happy Hunting | The Unexpectables II | Episode 52 | D&D 5e,2023-09-02 15:00:05+00:00,14270,105994,603,116,False,0.006783402834122686,237.8,180_plus,2023,2023-09,946,112.04
S3nsj3V8Lyw,UCB9zFd3_X5A9XAxeHBIjudQ,Unexpectables,small,The Sand Between Our Foes | The Unexpectables II | Episode 51 | D&D 5e,2023-08-18 15:00:31+00:00,15676,29135,586,102,False,0.023614209713403122,261.3,180_plus,2023,2023-08,961,30.32
rBz367xHDq0,UCB9zFd3_X5A9XAxeHBIjudQ,Unexpectables,small,Gateway - Episode 63: Find the Cost of Freedom,2023-08-15 15:00:47+00:00,13722,65462,213,38,False,0.0038342855397024227,228.7,180_plus,2023,2023-08,964,67.91
ZqGBzcSpB60,UCB9zFd3_X5A9XAxeHBIjudQ,Unexpectables,small,Gnoll and Void | The Unexpectables II | Episode 50 | D&D 5e,2023-08-12 00:49:09+00:00,13797,64708,591,98,False,0.010647833343636027,230.0,180_plus,2023,2023-08,968,66.85
wA6i_okg_Nc,UCB9zFd3_X5A9XAxeHBIjudQ,Unexpectables,small,Gateway - Episode 62: Do You Believe in Magic,2023-08-07 15:00:44+00:00,11562,32970,181,28,False,0.006339096148013345,192.7,180_plus,2023,2023-08,972,33.92
rZ_h9CXg8Yk,UCB9zFd3_X5A9XAxeHBIjudQ,Unexpectables,small,Whole Hog | The Unexpectables II | Episode 49 | D&D 5e,2023-08-04 15:00:44+00:00,14948,27865,565,99,False,0.023829176386147496,249.1,180_plus,2023,2023-08,975,28.58
l6zkAxManzM,UCB9zFd3_X5A9XAxeHBIjudQ,Unexpectables,small,Coffin Fit | The Unexpectables II | Episode 48 | D&D 5e,2023-07-21 15:00:37+00:00,14417,24897,558,117,False,0.027111700204843957,240.3,180_plus,2023,2023-07,989,25.17
tXZMVjHZ26w,UCB9zFd3_X5A9XAxeHBIjudQ,Unexpectables,small,Gateway - Episode 61: Home on the Range,2023-07-17 15:00:45+00:00,11225,144438,271,31,False,0.0020908625154045335,187.1,180_plus,2023,2023-07,993,145.46
Sy-az-3epBw,UCB9zFd3_X5A9XAxeHBIjudQ,Unexpectables,small,Clerical Work | The Unexpectables II | Episode 47 | D&D 5e,2023-07-14 15:00:20+00:00,15062,29191,564,151,False,0.024493850844438354,251.0,180_plus,2023,2023-07,996,29.31
m6_AYSLpfvU,UCB9zFd3_X5A9XAxeHBIjudQ,Unexpectables,small,Gateway - Episode 60: Daydream Believer,2023-07-11 15:00:39+00:00,11839,47377,202,43,False,0.005171285644933196,197.3,180_plus,2023,2023-07,999,47.42
P3EZ1qmOUkA,UCB9zFd3_X5A9XAxeHBIjudQ,Unexpectables,small,Gnomeward Bound | The Unexpectables II | Episode 46 | D&D 5e,2023-07-07 15:00:30+00:00,14775,26849,574,83,False,0.02447018510931506,246.2,180_plus,2023,2023-07,1003,26.77
9q5fYCvcotg,UCB9zFd3_X5A9XAxeHBIjudQ,Unexpectables,small,Moist Critical | The Unexpectables II | Episode 45 | D&D 5e,2023-06-30 15:00:05+00:00,13763,76055,703,111,False,0.010702780882256261,229.4,180_plus,2023,2023-06,1010,75.3
1viggM7uTq0,UCB9zFd3_X5A9XAxeHBIjudQ,Unexpectables,small,Gateway - Episode 59: Unchained Melody,2023-06-26 15:00:02+00:00,13590,96670,227,28,False,0.0026378400744801905,226.5,180_plus,2023,2023-06,1014,95.34
RNV93E1w_lI,UCB9zFd3_X5A9XAxeHBIjudQ,Unexpectables,small,Unions and Reunions | The Unexpectables II | Episode 44 | D&D 5e,2023-06-23 15:00:18+00:00,15066,29378,638,93,False,0.024882565184832187,251.1,180_plus,2023,2023-06,1017,28.89
HQj93MsnrUg,UCB9zFd3_X5A9XAxeHBIjudQ,Unexpectables,small,Fiction: Dead Man's Happy Hour,2023-06-18 03:03:05+00:00,21594,8958,254,56,False,0.03460593882563072,359.9,180_plus,2023,2023-06,1022,8.77
V2xp43r1-kg,UCB9zFd3_X5A9XAxeHBIjudQ,Unexpectables,small,Gateway - Episode 58: Walking The Blues,2023-06-12 15:00:20+00:00,11578,55778,193,33,False,0.0040517766861486604,193.0,180_plus,2023,2023-06,1028,54.26
WxE7CYxGoIQ,UCB9zFd3_X5A9XAxeHBIjudQ,Unexpectables,small,Otho's 21 | The Unexpectables II | Episode 43 | D&D 5e,2023-06-02 15:00:32+00:00,15584,29177,647,131,False,0.026664838742845393,259.7,180_plus,2023,2023-06,1038,28.11
s2EAsOGESzk,UCB9zFd3_X5A9XAxeHBIjudQ,Unexpectables,small,Gateway - Episode 57: Are You Lonesome Tonight?,2023-05-29 15:00:37+00:00,12321,59145,220,42,False,0.0044297911911404175,205.4,180_plus,2023,2023-05,1042,56.76
SrLJ0B1O7tg,UCB9zFd3_X5A9XAxeHBIjudQ,Unexpectables,small,Getting Ahead | The Unexpectables II | Episode 42 | D&D 5e,2023-05-26 15:00:32+00:00,13854,127012,649,110,False,0.005975813308978679,230.9,180_plus,2023,2023-05,1045,121.54
99KxLHS6QmM,UCB9zFd3_X5A9XAxeHBIjudQ,Unexpectables,small,Eanchainn | The Sentinel's Tomb | D&D 5e One-Shot,2023-05-23 01:25:43+00:00,14210,114354,295,42,False,0.0029469891739685537,236.8,180_plus,2023,2023-05,1049,109.01
ZinLmamp_-I,UCB9zFd3_X5A9XAxeHBIjudQ,Unexpectables,small,The Who's-Who of Hearthlen | The Unexpectables II | Episode 41 | D&D 5e,2023-05-20 15:00:31+00:00,13543,89708,710,117,False,0.009218798769340527,225.7,180_plus,2023,2023-05,1051,85.35
53qWQzls3nU,UCB9zFd3_X5A9XAxeHBIjudQ,Unexpectables,small,Skeleton Crew | The Unexpectables II | Episode 40 | D&D 5e,2023-05-12 15:00:08+00:00,14527,28918,659,182,False,0.029082232519538002,242.1,180_plus,2023,2023-05,1059,27.31
vvFnMbJcN1Y,UCB9zFd3_X5A9XAxeHBIjudQ,Unexpectables,small,'Til Life Do Us Part | The Unexpectables II | Episode 39 | D&D 5e,2023-05-05 22:41:30+00:00,15878,26935,692,153,False,0.03137182105067756,264.6,180_plus,2023,2023-05,1066,25.27
cXMZ7uyWDxI,UCB9zFd3_X5A9XAxeHBIjudQ,Unexpectables,small,You Know What's in Here | The Unexpectables II | Episode 38 | D&D 5e,2023-04-28 15:00:32+00:00,12983,113370,740,135,False,0.0077180912057863635,216.4,180_plus,2023,2023-04,1073,105.66
m19b0WxVY7U,UCB9zFd3_X5A9XAxeHBIjudQ,Unexpectables,small,Gateway - Episode 56: Searchin' for a Rainbow,2023-04-24 15:00:37+00:00,13830,36525,196,16,False,0.005804243668720055,230.5,180_plus,2023,2023-04,1077,33.91
ITOkCb4_xgw,UCB9zFd3_X5A9XAxeHBIjudQ,Unexpectables,small,PvP - Dungeons & Dragons Trivial Pursuit!,2023-04-21 15:00:16+00:00,15495,11758,298,71,False,0.031382888246300394,258.2,180_plus,2023,2023-04,1080,10.89
K3QQH3ICR3w,UCB9zFd3_X5A9XAxeHBIjudQ,Unexpectables,small,Gateway - Episode 55: I'm Goin' Home,2023-04-17 15:00:20+00:00,12810,79476,234,38,False,0.0034224168302380595,213.5,180_plus,2023,2023-04,1084,73.32
TLN7j--naCk,UCB9zFd3_X5A9XAxeHBIjudQ,Unexpectables,small,Bulwark Brigade | The Unexpectables II | Episode 37 | D&D 5e,2023-04-14 15:00:30+00:00,12997,54683,744,147,False,0.01629391218477406,216.6,180_plus,2023,2023-04,1087,50.31
R8KGZ_idW0A,UCB9zFd3_X5A9XAxeHBIjudQ,Unexpectables,small,Gateway - Episode 54: Don't Fear the Reaper,2023-04-10 15:00:30+00:00,12127,143080,257,24,False,0.001963936259435281,202.1,180_plus,2023,2023-04,1091,131.15
IN0muD4UxUs,UCB9zFd3_X5A9XAxeHBIjudQ,Unexpectables,small,Tongue Twister | The Unexpectables II | Episode 36 | D&D 5e,2023-04-07 15:00:18+00:00,13260,65248,772,158,False,0.014253310446297204,221.0,180_plus,2023,2023-04,1094,59.64
NvGKMToOiu4,UCB9zFd3_X5A9XAxeHBIjudQ,Unexpectables,small,"Don't Say ""Vecna""! | A Level 20 5e Adventure - Part 2",2023-04-03 15:00:14+00:00,13909,66042,278,46,False,0.004905968928863451,231.8,180_plus,2023,2023-04,1098,60.15
lnWiJzJsjd4,UCB9zFd3_X5A9XAxeHBIjudQ,Unexpectables,small,In This Together | The Unexpectables II | Episode 35 | D&D 5e,2023-03-31 15:00:29+00:00,12183,55783,727,157,False,0.015847121883010955,203.0,180_plus,2023,2023-03,1101,50.67
Ba6jzk2hojQ,UCB9zFd3_X5A9XAxeHBIjudQ,Unexpectables,small,Don't Say Vecna! - A 20th Level One Shot! | #GFG2023,2023-03-27 15:00:14+00:00,14005,26694,393,45,False,0.01640818161384581,233.4,180_plus,2023,2023-03,1105,24.16
Kcpty34u3Xw,UCB9zFd3_X5A9XAxeHBIjudQ,Unexpectables,small,Halo Breach | The Unexpectables II | Episode 34 | D&D 5e,2023-03-24 15:00:13+00:00,14822,28036,643,198,False,0.029997146525895278,247.0,180_plus,2023,2023-03,1108,25.3
EYt-OTTz7Xw,UCB9zFd3_X5A9XAxeHBIjudQ,Unexpectables,small,Cake-tainment Breach | The Unexpectables II | Episode 33 | D&D 5e,2023-03-17 15:00:10+00:00,12039,35281,666,133,False,0.02264675037555625,200.6,180_plus,2023,2023-03,1115,31.64
r1DFY1hBDwI,UCB9zFd3_X5A9XAxeHBIjudQ,Unexpectables,small,Gateway - Episode 53: Robot Man,2023-03-13 23:17:20+00:00,11636,33770,228,31,False,0.007669529167900503,193.9,180_plus,2023,2023-03,1119,30.18
4hD2O-yeTMA,UCB9zFd3_X5A9XAxeHBIjudQ,Unexpectables,small,Round Table Discussion | The Unexpectables II | Episode 32 | D&D 5e,2023-03-10 16:00:04+00:00,13938,151741,782,145,False,0.00610909378480437,232.3,180_plus,2023,2023-03,1122,135.24
w6AeDmTU51I,UCB9zFd3_X5A9XAxeHBIjudQ,Unexpectables,small,Gateway - Episode 52: Metal,2023-03-07 16:00:28+00:00,13295,92782,252,35,False,0.0030932724019745207,221.6,180_plus,2023,2023-03,1125,82.47
HvNvMZPfjRA,UCB9zFd3_X5A9XAxeHBIjudQ,Unexpectables,small,Arise Chicken | The Unexpectables II | Episode 31 | D&D 5e,2023-03-02 16:00:16+00:00,13065,75824,679,145,False,0.010867271576281916,217.8,180_plus,2023,2023-03,1130,67.1
SS4AAP7ifBM,UCB9zFd3_X5A9XAxeHBIjudQ,Unexpectables,small,Gateway - Episode 51: In the Still of Night,2023-02-27 16:00:18+00:00,12882,87354,274,36,False,0.003548778533324175,214.7,180_plus,2023,2023-02,1133,77.1
OQq_XnQOYwc,UCB9zFd3_X5A9XAxeHBIjudQ,Unexpectables,small,Gateway - Episode 50: Can't Get No Satisfaction,2023-02-23 21:10:15+00:00,12162,10608,155,32,False,0.017628205128205128,202.7,180_plus,2023,2023-02,1137,9.33
baEZwjXBp9o,UCB9zFd3_X5A9XAxeHBIjudQ,Unexpectables,small,Killing In the Name Of | The Unexpectables II | Episode 30 | D&D 5e,2023-02-23 21:09:23+00:00,13179,79567,642,73,False,0.00898613746905124,219.6,180_plus,2023,2023-02,1137,69.98
bLdwKzgbZF0,UCB9zFd3_X5A9XAxeHBIjudQ,Unexpectables,small,Gateway - Episode 49: Keeps Right on a-hurtin',2023-02-16 00:22:52+00:00,9679,26860,189,24,False,0.007930007446016381,161.3,120_to_180,2023,2023-02,1145,23.46
p_WZgCBUupw,UCB9zFd3_X5A9XAxeHBIjudQ,Unexpectables,small,Gateway - Episode 48: Wade in the Water,2023-02-14 21:39:18+00:00,11046,35609,215,18,False,0.006543289617793255,184.1,180_plus,2023,2023-02,1146,31.07
ofPWV_c8w2A,UCB9zFd3_X5A9XAxeHBIjudQ,Unexpectables,small,Pearls of Wisdom | The Unexpectables II | Episode 29 | D&D 5e,2023-02-14 21:38:23+00:00,13418,155738,810,102,False,0.005855988904442075,223.6,180_plus,2023,2023-02,1146,135.9
ghhEsdVFQ78,UCB9zFd3_X5A9XAxeHBIjudQ,Unexpectables,small,Does the Body Good | The Unexpectables II | Episode 28 | D&D 5e,2023-01-31 00:31:55+00:00,11375,40486,606,76,False,0.016845329249617153,189.6,180_plus,2023,2023-01,1161,34.87
xjjDdHe8eBk,UCB9zFd3_X5A9XAxeHBIjudQ,Unexpectables,small,Gateway - Episode 47: Sunrise,2023-01-31 00:30:35+00:00,11986,25970,202,39,False,0.00927993839045052,199.8,180_plus,2023,2023-01,1161,22.37
hj0_CrkGKzY,UCB9zFd3_X5A9XAxeHBIjudQ,Unexpectables,small,Shadow War : Kings of the North,2023-01-22 22:35:42+00:00,15108,4217,131,16,False,0.03485890443443206,251.8,180_plus,2023,2023-01,1169,3.61
4or8u4_psbw,UCB9zFd3_X5A9XAxeHBIjudQ,Unexpectables,small,Gateway - Episode 46: Gone Fishin',2023-01-20 23:24:45+00:00,12503,60108,233,27,False,0.004325547348106741,208.4,180_plus,2023,2023-01,1171,51.33
hXI3yY8ssuk,UCB9zFd3_X5A9XAxeHBIjudQ,Unexpectables,small,Soul Food | The Unexpectables II | Episode 27 | D&D 5e,2023-01-20 23:24:38+00:00,13131,101664,712,98,False,0.00796742209631728,218.8,180_plus,2023,2023-01,1171,86.82
GN2wNCm7MaA,UCB9zFd3_X5A9XAxeHBIjudQ,Unexpectables,small,Gateway - Episode 45: The night has 1000 eyes,2023-01-11 21:12:12+00:00,11446,22825,201,28,False,0.010032858707557503,190.8,180_plus,2023,2023-01,1180,19.34
6Ua0VelCiMY,UCB9zFd3_X5A9XAxeHBIjudQ,Unexpectables,small,Water Under the Bridge | The Unexpectables II | Episode 26 | D&D 5e,2023-01-06 16:00:02+00:00,13398,96428,730,128,False,0.008897830505662256,223.3,180_plus,2023,2023-01,1185,81.37
8mpo0oX8j-c,UCB9zFd3_X5A9XAxeHBIjudQ,Unexpectables,small,Gateway Episode 44 Suspicious Minds,2022-12-20 16:00:04+00:00,12637,40024,295,40,False,0.008369978013192085,210.6,180_plus,2022,2022-12,1202,33.3
Bm5Jao_G2Xo,UCB9zFd3_X5A9XAxeHBIjudQ,Unexpectables,small,Dog Eat Dog World | The Unexpectables II | Episode 25 | D&D 5e,2022-12-16 16:00:09+00:00,13724,86616,701,153,False,0.009859610233675072,228.7,180_plus,2022,2022-12,1206,71.82
vqJcQV3tnNA,UCB9zFd3_X5A9XAxeHBIjudQ,Unexpectables,small,Sneaking Stake Outs | The Unexpectables II | Episode 24 | D&D 5e,2022-12-09 16:00:32+00:00,13134,81315,761,127,False,0.010920494373731784,218.9,180_plus,2022,2022-12,1213,67.04
RFxf7q-xcxk,UCB9zFd3_X5A9XAxeHBIjudQ,Unexpectables,small,The Taste of Justice | The Unexpectables II | Episode 23 | D&D 5e,2022-12-02 16:00:26+00:00,12792,64037,711,108,False,0.012789481081249903,213.2,180_plus,2022,2022-12,1220,52.49
FOI9MDUn84E,UCB9zFd3_X5A9XAxeHBIjudQ,Unexpectables,small,Gateway Episode 43 That's Entertainment,2022-11-28 16:00:14+00:00,11807,15176,223,32,False,0.01680284659989457,196.8,180_plus,2022,2022-11,1224,12.4
Hxf-pD3AwTM,UCB9zFd3_X5A9XAxeHBIjudQ,Unexpectables,small,Home is Where the Ogrewife is | The Unexpectables II | Episode 22 | D&D 5e,2022-11-25 16:00:11+00:00,12756,50199,658,117,False,0.01543855455287954,212.6,180_plus,2022,2022-11,1227,40.91
M32_DjITYG4,UCB9zFd3_X5A9XAxeHBIjudQ,Unexpectables,small,Gateway Episode 42 He Ain't Heavy,2022-11-21 16:00:18+00:00,11981,15320,193,22,False,0.014033942558746737,199.7,180_plus,2022,2022-11,1231,12.45
wFqyq0bJano,UCB9zFd3_X5A9XAxeHBIjudQ,Unexpectables,small,Picture Perfect | The Unexpectables II | Episode 21 | D&D 5e,2022-11-18 16:00:40+00:00,14226,143779,910,180,False,0.007581079295307381,237.1,180_plus,2022,2022-11,1234,116.51
Ql86z9lF130,UCB9zFd3_X5A9XAxeHBIjudQ,Unexpectables,small,Gateway Episode 41 On the Hunt,2022-11-14 16:00:11+00:00,12867,38277,231,49,False,0.007315097839433602,214.4,180_plus,2022,2022-11,1238,30.92
OloqUSpVdqQ,UCB9zFd3_X5A9XAxeHBIjudQ,Unexpectables,small,Home Wrecker | The Unexpectables II | Episode 20 | D&D 5e,2022-11-11 16:00:16+00:00,12727,38107,661,120,False,0.02049492219277298,212.1,180_plus,2022,2022-11,1241,30.71
k_Tv9ifbX5M,UCB9zFd3_X5A9XAxeHBIjudQ,Unexpectables,small,"Ravenloft: Heir to the Throne Episode 17 - Mister, Why?",2022-11-05 15:00:28+00:00,15993,9385,243,53,False,0.031539690996270645,266.6,180_plus,2022,2022-11,1247,7.53
W8cj-nG-854,UCB9zFd3_X5A9XAxeHBIjudQ,Unexpectables,small,Gobtober: The Howling Woods Episode 5 - Bloodbath (FINALE),2022-10-31 15:00:18+00:00,17698,10603,212,46,False,0.02433273601810808,295.0,180_plus,2022,2022-10,1252,8.47
dvpQSoUhrJI,UCB9zFd3_X5A9XAxeHBIjudQ,Unexpectables,small,Ravenloft: Heir to the Throne Episode 16 - Ding Dong Ditch,2022-10-28 15:00:33+00:00,15389,10774,251,86,False,0.03127900501206608,256.5,180_plus,2022,2022-10,1255,8.58
GjGPtcvEHik,UCB9zFd3_X5A9XAxeHBIjudQ,Unexpectables,small,Leave No Trace - Escape from Pandora Hold | Gamer's Outreach Spooktacular Streamathon 2022,2022-10-27 20:24:01+00:00,18389,6626,189,51,False,0.03622094778146695,306.5,180_plus,2022,2022-10,1256,5.28
B3Yd5mp1XlM,UCB9zFd3_X5A9XAxeHBIjudQ,Unexpectables,small,Gobtober: The Howling Woods Episode 4 - Thunder Rolls,2022-10-24 15:00:07+00:00,11919,11886,220,21,False,0.02027595490493017,198.6,180_plus,2022,2022-10,1259,9.44
1q2nJo-A9Eo,UCB9zFd3_X5A9XAxeHBIjudQ,Unexpectables,small,Ravenloft: Heir to the Throne Episode 15 - Coffin Corner,2022-10-21 15:00:04+00:00,14438,12472,261,65,False,0.026138550352790252,240.6,180_plus,2022,2022-10,1262,9.88
XwDjgddQ0_A,UCB9zFd3_X5A9XAxeHBIjudQ,Unexpectables,small,Gobtober: The Howling Woods Episode 3 - Haggling,2022-10-17 15:00:19+00:00,14246,35164,241,49,False,0.008247070867933113,237.4,180_plus,2022,2022-10,1266,27.78
Pw17y6XEh3c,UCB9zFd3_X5A9XAxeHBIjudQ,Unexpectables,small,Ravenloft: Heir to the Throne Episode 14 - Tip your Pianist,2022-10-14 15:00:30+00:00,15422,19414,292,61,False,0.018182754713093642,257.0,180_plus,2022,2022-10,1269,15.3
Hx6VjE0mK3k,UCB9zFd3_X5A9XAxeHBIjudQ,Unexpectables,small,Gobtober: The Howling Woods Episode 2 - A Long Night,2022-10-10 15:00:10+00:00,10924,8052,234,27,False,0.03241430700447094,182.1,180_plus,2022,2022-10,1273,6.33
vL4eS5jp7rU,UCB9zFd3_X5A9XAxeHBIjudQ,Unexpectables,small,Ravenloft: Heir to the Throne Episode 13 - Halloween Spirit,2022-10-07 15:00:43+00:00,14108,67539,360,65,False,0.006292660536874991,235.1,180_plus,2022,2022-10,1276,52.93
cxP1q8Huovg,UCB9zFd3_X5A9XAxeHBIjudQ,Unexpectables,small,Gobtober: The Howling Woods - Episode 1: Were Are We,2022-10-03 15:00:21+00:00,13958,13454,352,54,False,0.030176899063475548,232.6,180_plus,2022,2022-10,1280,10.51
sDyYrekvqBk,UCB9zFd3_X5A9XAxeHBIjudQ,Unexpectables,small,Bottom Feeders | The Unexpectables II | Episode 19 | D&D 5e,2022-10-01 15:00:28+00:00,13629,57974,689,182,False,0.01502397626522234,227.2,180_plus,2022,2022-10,1282,45.22
cbwJdnR_5eI,UCB9zFd3_X5A9XAxeHBIjudQ,Unexpectables,small,Gateway Episode 40 Born to be Wild,2022-09-26 15:00:23+00:00,12058,17492,214,24,False,0.013606219986279443,201.0,180_plus,2022,2022-09,1287,13.59
jF7-gKJOXE8,UCB9zFd3_X5A9XAxeHBIjudQ,Unexpectables,small,Parley'd to Rest | The Unexpectables II | Episode 18 | D&D 5e,2022-09-23 15:00:27+00:00,12231,47933,702,135,False,0.017461873865604074,203.8,180_plus,2022,2022-09,1290,37.16
Bqzz3KbXMyg,UCB9zFd3_X5A9XAxeHBIjudQ,Unexpectables,small,Gateway Episode 39 At the Zoo,2022-09-19 15:00:14+00:00,10569,15754,214,28,False,0.015361178113494986,176.2,120_to_180,2022,2022-09,1294,12.17
G308xiuBjE0,UCB9zFd3_X5A9XAxeHBIjudQ,Unexpectables,small,Hissy Fit | The Unexpectables II | Episode 17 | D&D 5e,2022-09-16 15:00:14+00:00,11615,49309,731,116,False,0.01717739155123811,193.6,180_plus,2022,2022-09,1297,38.02
5A320nGZ12g,UCB9zFd3_X5A9XAxeHBIjudQ,Unexpectables,small,Shipwrecked - One Shot,2022-09-12 15:00:03+00:00,15655,9920,303,59,False,0.03649193548387097,260.9,180_plus,2022,2022-09,1301,7.62
RotGGmkvaWg,UCB9zFd3_X5A9XAxeHBIjudQ,Unexpectables,small,Putting our Heads Together | The Unexpectables II | Episode 16 | D&D 5e,2022-09-09 15:00:17+00:00,12741,107798,761,201,False,0.008924098777342808,212.4,180_plus,2022,2022-09,1304,82.67
pRbHZ2xV9Ik,UCB9zFd3_X5A9XAxeHBIjudQ,Unexpectables,small,Whatever Floats Your Boat | The Unexpectables II | Episode 15 | D&D 5e,2022-09-02 15:00:36+00:00,12734,53409,727,126,False,0.015971091014623004,212.2,180_plus,2022,2022-09,1311,40.74
lUQ1j_Dlm5c,UCB9zFd3_X5A9XAxeHBIjudQ,Unexpectables,small,Gateway Episode 38 Open Gates,2022-08-29 15:00:25+00:00,11655,15969,197,34,False,0.014465526958482059,194.2,180_plus,2022,2022-08,1315,12.14
UGXfO2S0Ax4,UCB9zFd3_X5A9XAxeHBIjudQ,Unexpectables,small,Loose Lips Sink Ships | The Unexpectables II | Episode 14 | D&D 5e,2022-08-26 19:29:46+00:00,13316,65615,760,137,False,0.01367065457593538,221.9,180_plus,2022,2022-08,1318,49.78
dCIoyAQsOkY,UCB9zFd3_X5A9XAxeHBIjudQ,Unexpectables,small,Gateway Episode 37 Rebel Rousers,2022-08-22 15:00:22+00:00,12350,47584,232,46,False,0.005842299932750504,205.8,180_plus,2022,2022-08,1322,35.99
Qcft1wpl2V8,UCB9zFd3_X5A9XAxeHBIjudQ,Unexpectables,small,Paddle for Every Occasion | The Unexpectables II | Episode 13 | D&D 5e,2022-08-19 15:00:16+00:00,12802,71540,760,120,False,0.012300810735253005,213.4,180_plus,2022,2022-08,1325,53.99
bOEzltI6pPg,UCB9zFd3_X5A9XAxeHBIjudQ,Unexpectables,small,Gateway Episode 36 Muddy Waters,2022-08-15 15:00:33+00:00,12564,82927,261,30,False,0.0035091104224197187,209.4,180_plus,2022,2022-08,1329,62.4
jXSbCr7QUis,UCB9zFd3_X5A9XAxeHBIjudQ,Unexpectables,small,Organ Trail | The Unexpectables II | Episode 12 | D&D 5e,2022-08-12 15:00:26+00:00,13863,88213,772,151,False,0.01046331039642683,231.0,180_plus,2022,2022-08,1332,66.23
3wBpLY2kJ_U,UCB9zFd3_X5A9XAxeHBIjudQ,Unexpectables,small,Gateway Episode 35 Searchin',2022-08-08 15:00:04+00:00,11821,64535,237,33,False,0.004183776245448206,197.0,180_plus,2022,2022-08,1336,48.3
12sm4fTGEzo,UCB9zFd3_X5A9XAxeHBIjudQ,Unexpectables,small,Fort Dort Z | The Unexpectables II | Episode 11 | D&D 5e,2022-08-05 05:45:01+00:00,14240,111965,819,143,False,0.008591970705131067,237.3,180_plus,2022,2022-08,1339,83.62
nOryDcbwQA8,UCB9zFd3_X5A9XAxeHBIjudQ,Unexpectables,small,Gateway Episode 34 Lazy Day Blues,2022-08-01 05:30:07+00:00,12032,24564,219,37,False,0.010421755414427619,200.5,180_plus,2022,2022-08,1343,18.29
PgVnT3ou-AQ,UCB9zFd3_X5A9XAxeHBIjudQ,Unexpectables,small,Your Rebu is Here | The Unexpectables II | Episode 10 | D&D 5e,2022-07-29 06:00:06+00:00,15135,42561,817,156,False,0.022861304950541575,252.2,180_plus,2022,2022-07,1346,31.62
NoRS7BnkeYI,UCB9zFd3_X5A9XAxeHBIjudQ,Unexpectables,small,Shadow War - The Saga Continues,2022-07-23 20:32:24+00:00,15924,8720,244,34,False,0.03188073394495413,265.4,180_plus,2022,2022-07,1352,6.45
9jSuanEXrGw,UCB9zFd3_X5A9XAxeHBIjudQ,Unexpectables,small,Gateway Episode 33 Twilight Time,2022-07-11 05:45:01+00:00,12720,59399,254,27,False,0.004730719372380007,212.0,180_plus,2022,2022-07,1364,43.55
iw3PBog3HvA,UCB9zFd3_X5A9XAxeHBIjudQ,Unexpectables,small,Rain Rain Go Away | The Unexpectables II | Episode 9 | D&D 5e,2022-07-08 06:00:20+00:00,14727,41028,866,153,False,0.02483669688992883,245.4,180_plus,2022,2022-07,1367,30.01
9uda-4FKXxg,UCB9zFd3_X5A9XAxeHBIjudQ,Unexpectables,small,Gateway Episode 32 Trouble in Mind,2022-07-04 05:30:00+00:00,12232,13774,241,27,False,0.019456947872803835,203.9,180_plus,2022,2022-07,1371,10.05
xckt-J93ro8,UCB9zFd3_X5A9XAxeHBIjudQ,Unexpectables,small,Devil May Pie | The Unexpectables II | Episode 8 | D&D 5e,2022-07-01 05:30:19+00:00,13690,98732,897,187,False,0.010979216464773326,228.2,180_plus,2022,2022-07,1374,71.86
g1ByKbTHPbQ,UCB9zFd3_X5A9XAxeHBIjudQ,Unexpectables,small,Live and Let Die | The Unexpectables II | Episode 7 | D&D 5e,2022-06-24 05:30:07+00:00,13641,90016,897,189,False,0.01206452186277995,227.4,180_plus,2022,2022-06,1381,65.18
O3djUh7J0MA,UCB9zFd3_X5A9XAxeHBIjudQ,Unexpectables,small,Gateway Episode 31 One More Tomorrow,2022-06-20 06:45:00+00:00,16970,19805,284,43,False,0.016510982075233528,282.8,180_plus,2022,2022-06,1385,14.3
_3fp-lxMobQ,UCB9zFd3_X5A9XAxeHBIjudQ,Unexpectables,small,Baking and Entering | The Unexpectables II | Episode 6 | D&D 5e,2022-06-17 06:00:08+00:00,14950,44281,964,230,False,0.026964160700977846,249.2,180_plus,2022,2022-06,1388,31.9
WJlLKFh0Fw0,UCB9zFd3_X5A9XAxeHBIjudQ,Unexpectables,small,Gateway Episode 30 Praise the Lord and Pass the Ammunition,2022-06-06 11:07:07+00:00,11873,56775,232,24,False,0.004509026860413915,197.9,180_plus,2022,2022-06,1399,40.58
VOLHQ-Hkr0o,UCB9zFd3_X5A9XAxeHBIjudQ,Unexpectables,small,Money Don't Grow on Trees | The Unexpectables II | Episode 5 | D&D 5e,2022-06-03 06:00:11+00:00,14894,50475,997,184,False,0.023397721644378405,248.2,180_plus,2022,2022-06,1402,36.0
DlIZhC-X5Iw,UCB9zFd3_X5A9XAxeHBIjudQ,Unexpectables,small,Gateway Episode 29 Eve of Destruction,2022-05-30 05:45:00+00:00,12556,64261,272,41,False,0.004870761426059351,209.3,180_plus,2022,2022-05,1406,45.7
X3GO3s8u0CE,UCB9zFd3_X5A9XAxeHBIjudQ,Unexpectables,small,No Nut Dismember | The Unexpectables II | Episode 4 | D&D 5e,2022-05-27 05:15:00+00:00,12419,72497,1035,150,False,0.016345503951887663,207.0,180_plus,2022,2022-05,1409,51.45
FU17mrLw4vg,UCB9zFd3_X5A9XAxeHBIjudQ,Unexpectables,small,Gateway Episode 28 Plastic Heart,2022-05-23 05:30:03+00:00,11932,53272,329,38,False,0.006889172548430696,198.9,180_plus,2022,2022-05,1413,37.7
JBqAbntzpnc,UCB9zFd3_X5A9XAxeHBIjudQ,Unexpectables,small,"Bark, Bites and Buckets | The Unexpectables II | Episode 3 | D&D 5e",2022-05-20 06:15:02+00:00,16372,60183,1165,284,False,0.024076566472259607,272.9,180_plus,2022,2022-05,1416,42.5
iYG95NmVAOc,UCB9zFd3_X5A9XAxeHBIjudQ,Unexpectables,small,Gateway Episode 27 Killing Time,2022-05-16 05:30:04+00:00,11493,29856,244,32,False,0.009244372990353697,191.6,180_plus,2022,2022-05,1420,21.03
WmTlYvdqjVY,UCB9zFd3_X5A9XAxeHBIjudQ,Unexpectables,small,Rigor Mortis | The Unexpectables II | Episode 2 | D&D 5e,2022-05-13 06:15:25+00:00,15588,68507,1327,348,False,0.024450056198636636,259.8,180_plus,2022,2022-05,1423,48.14
HzekcB2Feb8,UCB9zFd3_X5A9XAxeHBIjudQ,Unexpectables,small,Gateway: A real dang short Q&A!,2022-05-08 16:15:00+00:00,7227,3465,124,21,False,0.04184704184704185,120.4,120_to_180,2022,2022-05,1428,2.43
pELlQSYoQj4,UCB9zFd3_X5A9XAxeHBIjudQ,Unexpectables,small,Welcome to Isenvale! | The Unexpectables II | Episode 1 | D&D 5e,2022-05-07 07:08:41+00:00,12465,220776,2908,382,False,0.01490198209950357,207.8,180_plus,2022,2022-05,1429,154.5
SlL90yl0WUo,UCB9zFd3_X5A9XAxeHBIjudQ,Unexpectables,small,Gateway Episode 26 That Two-steppin' Man,2022-05-02 05:30:04+00:00,12788,76285,293,37,False,0.004325883201153569,213.1,180_plus,2022,2022-05,1434,53.2
NXxB99MQoCY,UCB9zFd3_X5A9XAxeHBIjudQ,Unexpectables,small,Gateway Episode 25 Civilization,2022-04-25 06:30:05+00:00,15293,23219,263,25,False,0.012403634954132391,254.9,180_plus,2022,2022-04,1441,16.11
Xi6Zn12pGBQ,UCB9zFd3_X5A9XAxeHBIjudQ,Unexpectables,small,DnD 5e Charity One Off: Weather or Not,2022-04-21 20:49:34+00:00,15608,11587,360,73,False,0.03736946578061621,260.1,180_plus,2022,2022-04,1445,8.02
56Ly5nXGGP0,UCB9zFd3_X5A9XAxeHBIjudQ,Unexpectables,small,Gateway Episode 24 The LIttle Old Lady,2022-04-18 09:47:24+00:00,13333,67751,298,31,False,0.004856016885359625,222.2,180_plus,2022,2022-04,1448,46.79
rvCe95Wsf9A,UCB9zFd3_X5A9XAxeHBIjudQ,Unexpectables,small,Gateway   Episode 23 Touch and Go,2022-04-18 09:45:48+00:00,13437,85089,299,38,False,0.003960558944164346,224.0,180_plus,2022,2022-04,1448,58.76
FlZXr784Kw8,UCB9zFd3_X5A9XAxeHBIjudQ,Unexpectables,small,The Unexpectables | Epilogue | D&D 5e,2022-04-14 02:52:35+00:00,14134,128642,685,150,False,0.006490881671615802,235.6,180_plus,2022,2022-04,1452,88.6
SqaFy7BZKqM,UCB9zFd3_X5A9XAxeHBIjudQ,Unexpectables,small,The Prince Division | Finale | D&D 5e,2022-04-14 02:52:33+00:00,8652,11536,188,35,False,0.019330790568654645,144.2,120_to_180,2022,2022-04,1452,7.94
ZiZD3Msa2q0,UCB9zFd3_X5A9XAxeHBIjudQ,Unexpectables,small,Death Becomes Her | The Prince Division | Episode 47 | D&D 5e,2022-04-14 02:52:31+00:00,13628,32857,162,22,False,0.0056000243479319475,227.1,180_plus,2022,2022-04,1452,22.63
xpALfQQhk64,UCB9zFd3_X5A9XAxeHBIjudQ,Unexpectables,small,Rides of Chaos | The Prince Division | Episode 46 | D&D 5e,2022-04-14 02:52:28+00:00,11006,5677,122,12,False,0.02360401620574247,183.4,180_plus,2022,2022-04,1452,3.91
cRedJPWowgM,UCB9zFd3_X5A9XAxeHBIjudQ,Unexpectables,small,Little Cyphers | The Prince Division | Episode 45 | D&D 5e,2022-04-14 02:52:24+00:00,13594,33463,135,19,False,0.004602097839404715,226.6,180_plus,2022,2022-04,1452,23.05
X4g1-sLrr7c,UCB9zFd3_X5A9XAxeHBIjudQ,Unexpectables,small,Knights of the Business Table | The Prince Division | Episode 44 | D&D 5e,2022-04-14 02:52:20+00:00,11392,7314,115,12,False,0.017363959529669126,189.9,180_plus,2022,2022-04,1452,5.04
sPgitj31juo,UCB9zFd3_X5A9XAxeHBIjudQ,Unexpectables,small,The Powers that Be | The Prince Division | Episode 43 | D&D 5e,2022-04-14 02:52:18+00:00,15086,7532,110,14,False,0.016463090812533193,251.4,180_plus,2022,2022-04,1452,5.19
60S2bMYG-GA,UCB9zFd3_X5A9XAxeHBIjudQ,Unexpectables,small,The End | The Unexpectables | Episode 200 | D&D 5e,2022-04-14 02:52:16+00:00,22250,23454,408,112,False,0.022171058241664536,370.8,180_plus,2022,2022-04,1452,16.15
nnDeyjroc-8,UCB9zFd3_X5A9XAxeHBIjudQ,Unexpectables,small,Recruit Reconvene | The Prince Division | Episode 42 | D&D 5e,2022-04-14 02:52:13+00:00,14240,23562,112,7,False,0.005050505050505051,237.3,180_plus,2022,2022-04,1452,16.23
JQ4HmG4zc6A,UCB9zFd3_X5A9XAxeHBIjudQ,Unexpectables,small,Cave in Conditions | The Prince Division | Episode 41 | D&D 5e,2022-04-14 02:52:11+00:00,12723,11583,101,6,False,0.00923767590434257,212.0,180_plus,2022,2022-04,1452,7.98
5skRNrn_ZXc,UCB9zFd3_X5A9XAxeHBIjudQ,Unexpectables,small,3 Men and a Boss Baby | The Unexpectables | Episode 199 | D&D 5e,2022-04-14 02:52:07+00:00,14450,14379,238,37,False,0.019125113012031434,240.8,180_plus,2022,2022-04,1452,9.9
1jK0pJa-wjw,UCB9zFd3_X5A9XAxeHBIjudQ,Unexpectables,small,Holey Wars | The Unexpectables | Episode 198 | D&D 5e,2022-04-14 02:52:05+00:00,13047,27674,224,40,False,0.009539640095396401,217.4,180_plus,2022,2022-04,1452,19.06
SqFhHWYyEp4,UCB9zFd3_X5A9XAxeHBIjudQ,Unexpectables,small,Battle Bots | The Unexpectables | Episode 197 | D&D 5e,2022-04-14 02:52:03+00:00,12652,24494,208,33,False,0.009839144280231894,210.9,180_plus,2022,2022-04,1452,16.87
enfBiWJA0Rg,UCB9zFd3_X5A9XAxeHBIjudQ,Unexpectables,small,Birthday Clowns | The Unexpectables | Episode 196 | D&D 5e,2022-04-14 02:52:00+00:00,16340,12452,225,43,False,0.021522646964343077,272.3,180_plus,2022,2022-04,1452,8.58
r-RY1X7_jFw,UCB9zFd3_X5A9XAxeHBIjudQ,Unexpectables,small,Pick a God and Pray | The Unexpectables | Episode 195 | D&D 5e,2022-04-14 02:51:57+00:00,15867,13471,199,46,False,0.01818721698463366,264.4,180_plus,2022,2022-04,1452,9.28
JCwpilHoGkY,UCB9zFd3_X5A9XAxeHBIjudQ,Unexpectables,small,A Golden Opportunity | The Unexpectables | Episode 194 | D&D 5e,2022-04-14 02:51:56+00:00,15774,14750,226,43,False,0.01823728813559322,262.9,180_plus,2022,2022-04,1452,10.16
HTdHZSPUsCc,UCB9zFd3_X5A9XAxeHBIjudQ,Unexpectables,small,By Our Elements Combined | The Unexpectables | Episode 193 | D&D 5e,2022-04-14 02:51:53+00:00,15928,16841,205,25,False,0.013657146250222671,265.5,180_plus,2022,2022-04,1452,11.6
dpERSFzao-U,UCB9zFd3_X5A9XAxeHBIjudQ,Unexpectables,small,Attack the Darkness | The Unexpectables | Episode 192 | D&D 5e,2022-04-14 02:51:51+00:00,12918,31347,210,20,False,0.007337225252815261,215.3,180_plus,2022,2022-04,1452,21.59
g7WbtiG8gDk,UCB9zFd3_X5A9XAxeHBIjudQ,Unexpectables,small,Party Vs Party - A Game Show Special,2022-04-14 02:51:48+00:00,14470,3145,91,14,False,0.033386327503974564,241.2,180_plus,2022,2022-04,1452,2.17
YPGOpKrHynM,UCB9zFd3_X5A9XAxeHBIjudQ,Unexpectables,small,Tour De Mort | Strixhaven | One-Shot Special | D&D 5e,2022-04-14 02:51:46+00:00,18809,7232,124,20,False,0.01991150442477876,313.5,180_plus,2022,2022-04,1452,4.98
xoym5wAR3Oo,UCB9zFd3_X5A9XAxeHBIjudQ,Unexpectables,small,Where the Sun Don't Shine | The Unexpectables | Episode 191 | D&D 5e,2022-04-14 02:51:43+00:00,16148,13063,194,20,False,0.016382148051749215,269.1,180_plus,2022,2022-04,1452,9.0
d8JKE521eoE,UCB9zFd3_X5A9XAxeHBIjudQ,Unexpectables,small,What Lys Ahead | The Unexpectables | Episode 190 | D&D 5e,2022-04-14 02:51:41+00:00,11422,25265,190,18,False,0.008232733029883237,190.4,180_plus,2022,2022-04,1452,17.4
04WAk9LPPek,UCB9zFd3_X5A9XAxeHBIjudQ,Unexpectables,small,Mourning After | The Unexpectables | Episode 189 | D&D 5e,2022-04-14 02:51:38+00:00,13849,37305,219,27,False,0.006594290309609972,230.8,180_plus,2022,2022-04,1452,25.69
uNn0dm8lMjw,UCB9zFd3_X5A9XAxeHBIjudQ,Unexpectables,small,Until Dawn | The Unexpectables | Episode 188 | D&D 5e,2022-04-14 02:51:35+00:00,13822,33470,180,14,False,0.005796235434717658,230.4,180_plus,2022,2022-04,1452,23.05
o065RUyb1Rk,UCB9zFd3_X5A9XAxeHBIjudQ,Unexpectables,small,No Refunds | The Unexpectables | Episode 187 | D&D 5e,2022-04-14 02:51:32+00:00,13920,36515,206,22,False,0.006244009311241955,232.0,180_plus,2022,2022-04,1452,25.15
C1ndDMa3J6Q,UCB9zFd3_X5A9XAxeHBIjudQ,Unexpectables,small,Through the Ire and the Flames | The Unexpectables | Episode 186 | D&D 5e,2022-04-14 02:51:29+00:00,13491,28728,191,18,False,0.007275132275132275,224.8,180_plus,2022,2022-04,1452,19.79
0VJ_-uKqCiI,UCB9zFd3_X5A9XAxeHBIjudQ,Unexpectables,small,Malice in Wonderland | The Unexpectables | Episode 185 | D&D 5e,2022-04-14 02:51:27+00:00,11933,24110,182,18,False,0.00829531314807134,198.9,180_plus,2022,2022-04,1452,16.6
sVYYhnDtKwY,UCB9zFd3_X5A9XAxeHBIjudQ,Unexpectables,small,All Fun and Games | The Unexpectables | Episode 184 | D&D 5e,2022-04-14 02:51:25+00:00,13643,35673,193,14,False,0.005802707930367505,227.4,180_plus,2022,2022-04,1452,24.57
gtdKYnPGFKI,UCB9zFd3_X5A9XAxeHBIjudQ,Unexpectables,small,Peacocks and Faegle Rocks | The Unexpectables | Episode 183 | D&D 5e,2022-04-14 02:51:23+00:00,13301,21417,177,21,False,0.009244992295839754,221.7,180_plus,2022,2022-04,1452,14.75
J2DNd8AbfJU,UCB9zFd3_X5A9XAxeHBIjudQ,Unexpectables,small,DND Ravenloft Heir to the Throne Episode 12  See You Next Fall,2022-04-14 02:51:20+00:00,18355,5564,112,17,False,0.023184759166067576,305.9,180_plus,2022,2022-04,1452,3.83
G_c0I_wi8bw,UCB9zFd3_X5A9XAxeHBIjudQ,Unexpectables,small,DND Ravenloft Heir to the Throne Episode 11  Trick or Treat,2022-04-14 02:51:18+00:00,15139,4551,99,15,False,0.025049439683586024,252.3,180_plus,2022,2022-04,1452,3.13
bCTfMiFMcoQ,UCB9zFd3_X5A9XAxeHBIjudQ,Unexpectables,small,DND Ravenloft Heir to the Throne Episode 10  Nightmare Wonderland,2022-04-14 02:51:16+00:00,14531,4735,97,17,False,0.024076029567053854,242.2,180_plus,2022,2022-04,1452,3.26
JebPXphxYCY,UCB9zFd3_X5A9XAxeHBIjudQ,Unexpectables,small,DND Ravenloft Heir to the Throne Episode 9  Visiting Friends,2022-04-14 02:51:13+00:00,14633,4956,98,15,False,0.022800645682001613,243.9,180_plus,2022,2022-04,1452,3.41
PRiClyqUp50,UCB9zFd3_X5A9XAxeHBIjudQ,Unexpectables,small,DND Ravenloft Heir to the Throne Episode 8  A Face in the Dark,2022-04-14 02:51:11+00:00,16350,5540,102,20,False,0.022021660649819495,272.5,180_plus,2022,2022-04,1452,3.82
aefPjI9sodw,UCB9zFd3_X5A9XAxeHBIjudQ,Unexpectables,small,DND Ravenloft Heir to the Throne Episode 7  On Brand,2022-04-14 02:51:09+00:00,14038,5877,127,28,False,0.02637400034030968,234.0,180_plus,2022,2022-04,1452,4.05
mX-VMO-BihY,UCB9zFd3_X5A9XAxeHBIjudQ,Unexpectables,small,At Summer's End | Gobtober | Episode 5 | D&D 5e,2022-04-14 02:51:05+00:00,20539,3664,92,18,False,0.030021834061135372,342.3,180_plus,2022,2022-04,1452,2.52
IYo_jU7noHk,UCB9zFd3_X5A9XAxeHBIjudQ,Unexpectables,small,More Monsters More Problems | Gobtober | Episode 4 | D&D 5e,2022-04-14 02:51:02+00:00,16701,3482,82,12,False,0.026995979322228605,278.4,180_plus,2022,2022-04,1452,2.4
XwkAMPW5XhM,UCB9zFd3_X5A9XAxeHBIjudQ,Unexpectables,small,Ghouls 'n' Goblins | Gobtober | Episode 3 | D&D 5e,2022-04-14 02:51:00+00:00,15194,3584,90,11,False,0.028180803571428572,253.2,180_plus,2022,2022-04,1452,2.47
-LFxZg6EiRQ,UCB9zFd3_X5A9XAxeHBIjudQ,Unexpectables,small,The Floor is Lava | Gobtober | Episode 2 | D&D 5e,2022-04-14 02:50:57+00:00,14993,4110,92,15,False,0.026034063260340634,249.9,180_plus,2022,2022-04,1452,2.83
ZedWAfafly0,UCB9zFd3_X5A9XAxeHBIjudQ,Unexpectables,small,White Plume Mountain | Gobtober | Episode 1 | D&D 5e,2022-04-14 02:50:55+00:00,13658,7500,150,22,False,0.022933333333333333,227.6,180_plus,2022,2022-04,1452,5.17
GrOJDbBnuGc,UCB9zFd3_X5A9XAxeHBIjudQ,Unexpectables,small,Feyst and The Furious | The Unexpectables | Episode 182 | D&D 5e,2022-04-14 02:50:52+00:00,13466,27514,196,37,False,0.00846841607908701,224.4,180_plus,2022,2022-04,1452,18.95
J3QxRURh0_4,UCB9zFd3_X5A9XAxeHBIjudQ,Unexpectables,small,Branching Destinies | The Unexpectables | Episode 181 | D&D 5e,2022-04-14 02:50:49+00:00,13306,25592,192,29,False,0.00863551109721788,221.8,180_plus,2022,2022-04,1452,17.63
sHSLCvkrZx0,UCB9zFd3_X5A9XAxeHBIjudQ,Unexpectables,small,We Are the War | The Unexpectables | Episode 180 | D&D 5e,2022-04-14 02:50:47+00:00,13896,28448,163,31,False,0.006819460067491564,231.6,180_plus,2022,2022-04,1452,19.59
h6YDv1AaUcw,UCB9zFd3_X5A9XAxeHBIjudQ,Unexpectables,small,All About that Bloom | The Unexpectables | Episode 179 | D&D 5e,2022-04-14 02:50:44+00:00,13860,19281,154,25,False,0.00928375084279861,231.0,180_plus,2022,2022-04,1452,13.28
qRhaM9b6yeg,UCB9zFd3_X5A9XAxeHBIjudQ,Unexpectables,small,Plants Vs Zombies | The Unexpectables | Episode 178 | D&D 5e,2022-04-14 02:50:42+00:00,14428,10187,156,30,False,0.01825856483753804,240.5,180_plus,2022,2022-04,1452,7.02
_BQ2ScAp6zE,UCB9zFd3_X5A9XAxeHBIjudQ,Unexpectables,small,In the Thick of It | The Unexpectables | Episode 177 | D&D 5e,2022-04-14 02:50:40+00:00,12114,18182,161,23,False,0.01011989880101199,201.9,180_plus,2022,2022-04,1452,12.52
RmDARMVwlio,UCB9zFd3_X5A9XAxeHBIjudQ,Unexpectables,small,New Directive | The Unexpectables | Episode 176 | D&D 5e,2022-04-14 02:50:37+00:00,13298,25032,186,25,False,0.008429210610418665,221.6,180_plus,2022,2022-04,1452,17.24
c4pwT6uLekg,UCB9zFd3_X5A9XAxeHBIjudQ,Unexpectables,small,Forgotten Toys | The Unexpectables | Episode 175 | D&D 5e,2022-04-14 02:50:34+00:00,13947,33290,167,36,False,0.006097927305497146,232.4,180_plus,2022,2022-04,1452,22.93
U_t7_SXKS20,UCB9zFd3_X5A9XAxeHBIjudQ,Unexpectables,small,Son of a Birch | The Unexpectables | Episode 174 | D&D 5e,2022-04-14 02:50:32+00:00,11411,14825,143,36,False,0.012074198988195615,190.2,180_plus,2022,2022-04,1452,10.21
iqaz9vpVIvI,UCB9zFd3_X5A9XAxeHBIjudQ,Unexpectables,small,Chain Reaction | The Prince Division | Episode 40 | D&D 5e,2022-04-14 02:50:30+00:00,11855,16955,92,7,False,0.005838985549985255,197.6,180_plus,2022,2022-04,1452,11.68
rRTUMyhcefI,UCB9zFd3_X5A9XAxeHBIjudQ,Unexpectables,small,Cruel Shepherds | The Prince Division | Episode 39 | D&D 5e,2022-04-14 02:50:18+00:00,13329,16804,87,13,False,0.005950964056177101,222.2,180_plus,2022,2022-04,1452,11.57
ZRRpK665we0,UCB9zFd3_X5A9XAxeHBIjudQ,Unexpectables,small,Breaking Ground | The Prince Division | Episode 38 | D&D 5e,2022-04-14 02:50:16+00:00,12643,16164,93,6,False,0.006124721603563474,210.7,180_plus,2022,2022-04,1452,11.13
8-7rvS7AWtE,UCB9zFd3_X5A9XAxeHBIjudQ,Unexpectables,small,Stone Cold Killer | The Prince Division | Episode 37 | D&D 5e,2022-04-14 02:50:14+00:00,17117,6283,108,18,False,0.02005411427661945,285.3,180_plus,2022,2022-04,1452,4.33
ZyVZ5uNglxw,UCB9zFd3_X5A9XAxeHBIjudQ,Unexpectables,small,Road Rage | The Prince Division | Episode 36 | D&D 5e,2022-04-14 02:50:12+00:00,13119,17924,114,25,False,0.007754965409506807,218.6,180_plus,2022,2022-04,1452,12.34
uZTU6oMEGdY,UCB9zFd3_X5A9XAxeHBIjudQ,Unexpectables,small,Sorry for Party Rockin' | The Prince Division | Episode 35 | D&D 5e,2022-04-14 02:50:10+00:00,13795,3567,102,7,False,0.03055789178581441,229.9,180_plus,2022,2022-04,1452,2.46
Go_Sn8UjVkM,UCB9zFd3_X5A9XAxeHBIjudQ,Unexpectables,small,Bad Chemistry | The Prince Division | Episode 34 | D&D 5e,2022-04-14 02:50:08+00:00,13732,3631,90,4,False,0.02588818507298265,228.9,180_plus,2022,2022-04,1452,2.5
Ng93uKybtI0,UCB9zFd3_X5A9XAxeHBIjudQ,Unexpectables,small,Artist's Alley | The Prince Division | Episode 33 | D&D 5e,2022-04-14 02:50:05+00:00,13091,3485,87,12,False,0.028407460545193688,218.2,180_plus,2022,2022-04,1452,2.4
PB_t1IDnF7o,UCB9zFd3_X5A9XAxeHBIjudQ,Unexpectables,small,In a Grickle | The Prince Division | Episode 32 | D&D 5e,2022-04-14 02:50:02+00:00,14059,3724,87,5,False,0.024704618689581095,234.3,180_plus,2022,2022-04,1452,2.56
JqN0Uwrs5yw,UCB9zFd3_X5A9XAxeHBIjudQ,Unexpectables,small,Family Matters | The Prince Division | Episode 31 | D&D 5e,2022-04-14 02:50:00+00:00,15449,3957,95,8,False,0.026029820571139752,257.5,180_plus,2022,2022-04,1452,2.73
_KIGnouduB0,UCB9zFd3_X5A9XAxeHBIjudQ,Unexpectables,small,Dividing Winds | The Prince Division | Episode 30 | D&D 5e,2022-04-14 02:49:58+00:00,13917,3653,99,10,False,0.029838488913222008,232.0,180_plus,2022,2022-04,1452,2.52
xKrAjy3BW5E,UCB9zFd3_X5A9XAxeHBIjudQ,Unexpectables,small,Beware the Beasts | The Prince Division | Episode 29 | D&D 5e,2022-04-14 02:49:56+00:00,15414,4004,93,7,False,0.024975024975024976,256.9,180_plus,2022,2022-04,1452,2.76
j_VsB9bB3WQ,UCB9zFd3_X5A9XAxeHBIjudQ,Unexpectables,small,The Night Takes | The Prince Division | Episode 28 | D&D 5e,2022-04-14 02:49:53+00:00,16359,4595,106,5,False,0.024156692056583242,272.6,180_plus,2022,2022-04,1452,3.16
TRf-pudH0Gw,UCB9zFd3_X5A9XAxeHBIjudQ,Unexpectables,small,Strange Bedfellows | The Prince Division | Episode 27 | D&D 5e,2022-04-14 02:49:51+00:00,14664,4581,104,11,False,0.02510368915084043,244.4,180_plus,2022,2022-04,1452,3.15
DM7oIgopsB4,UCB9zFd3_X5A9XAxeHBIjudQ,Unexpectables,small,Festival of Fears | The Prince Division | Episode 26 | D&D 5e,2022-04-14 02:49:49+00:00,15879,5446,115,14,False,0.023687109805361733,264.6,180_plus,2022,2022-04,1452,3.75
MrdgOnFXu-o,UCB9zFd3_X5A9XAxeHBIjudQ,Unexpectables,small,Puzzle Agony | The Parched Sandfields | Episode 3 | D&D 5e,2022-04-14 02:49:46+00:00,14977,1211,39,6,False,0.037159372419488024,249.6,180_plus,2022,2022-04,1452,0.83
ajcLemjlJvQ,UCB9zFd3_X5A9XAxeHBIjudQ,Unexpectables,small,Eat Fresh! | The Parched Sandfields| Episode 2 | D&D 5e,2022-04-14 02:49:43+00:00,15952,1407,38,6,False,0.03127221037668799,265.9,180_plus,2022,2022-04,1452,0.97
_-i2ET5ShqQ,UCB9zFd3_X5A9XAxeHBIjudQ,Unexpectables,small,New Faces | The Parched Sandfields | Episode 1 | D&D 5e,2022-04-14 02:49:40+00:00,15616,3880,77,10,False,0.022422680412371134,260.3,180_plus,2022,2022-04,1452,2.67
vmlmUMlkoVU,UCB9zFd3_X5A9XAxeHBIjudQ,Unexpectables,small,Gateway Episode 22 Rocket 88,2022-04-14 02:49:36+00:00,13230,35802,180,11,False,0.005334897491760237,220.5,180_plus,2022,2022-04,1452,24.66
iDCQ1EMPoIc,UCB9zFd3_X5A9XAxeHBIjudQ,Unexpectables,small,Gateway   Episode 21  Beep Beep,2022-04-14 02:49:34+00:00,13758,65023,170,11,False,0.00278363040770189,229.3,180_plus,2022,2022-04,1452,44.78
DLTQo22X4vU,UCB9zFd3_X5A9XAxeHBIjudQ,Unexpectables,small,Gateway   Episode 20  Flat Tires,2022-04-14 02:49:31+00:00,13302,39844,156,12,False,0.004216444132115249,221.7,180_plus,2022,2022-04,1452,27.44
6r_B9C3fwCk,UCB9zFd3_X5A9XAxeHBIjudQ,Unexpectables,small,Gateway   Episode 19  One Piece at a Time,2022-04-14 02:49:29+00:00,15073,22526,151,13,False,0.007280475894521886,251.2,180_plus,2022,2022-04,1452,15.51
ti50OLyZuKk,UCB9zFd3_X5A9XAxeHBIjudQ,Unexpectables,small,Gateway   Episode 18  Ol' Man River,2022-04-14 02:49:27+00:00,13035,71596,168,15,False,0.0025560087155707023,217.2,180_plus,2022,2022-04,1452,49.31
1jFBQoA1RTE,UCB9zFd3_X5A9XAxeHBIjudQ,Unexpectables,small,Gateway   Episode 17  Way Back Home,2022-04-14 02:49:24+00:00,14100,47686,148,13,False,0.0033762529882984523,235.0,180_plus,2022,2022-04,1452,32.84
k1kERzUOACA,UCB9zFd3_X5A9XAxeHBIjudQ,Unexpectables,small,Gateway   Episode 16  Meet me in St  Louis,2022-04-14 02:49:22+00:00,12182,35831,140,18,False,0.004409589461639362,203.0,180_plus,2022,2022-04,1452,24.68
wTYrJz0s_aU,UCB9zFd3_X5A9XAxeHBIjudQ,Unexpectables,small,Gateway   Episode 15  There's a Tear in my Beer,2022-04-14 02:49:19+00:00,14142,41813,151,15,False,0.00397005715925669,235.7,180_plus,2022,2022-04,1452,28.8
aCNguwZcCNE,UCB9zFd3_X5A9XAxeHBIjudQ,Unexpectables,small,Gateway   Episode 13  The Old Home Brew,2022-04-14 02:49:14+00:00,13666,46712,156,15,False,0.00366072957698236,227.8,180_plus,2022,2022-04,1452,32.17
-d7yVSdjglk,UCB9zFd3_X5A9XAxeHBIjudQ,Unexpectables,small,Gateway   Episode 12  Bloodshot Eyes,2022-04-14 02:49:11+00:00,13172,38737,139,19,False,0.004078787722332653,219.5,180_plus,2022,2022-04,1452,26.68
pgMFUgC5cIs,UCB9zFd3_X5A9XAxeHBIjudQ,Unexpectables,small,Gateway   Episode 11  Walk the Line,2022-04-14 02:49:08+00:00,13078,145631,210,23,False,0.0015999340799692373,218.0,180_plus,2022,2022-04,1452,100.3
KcASYeNqxEg,UCB9zFd3_X5A9XAxeHBIjudQ,Unexpectables,small,"Gateway   Episode 10  Hit the Road, Jack",2022-04-14 02:49:06+00:00,12947,44004,161,10,False,0.0038860103626943004,215.8,180_plus,2022,2022-04,1452,30.31
7ZfZDTL1xpo,UCB9zFd3_X5A9XAxeHBIjudQ,Unexpectables,small,Gateway   Episode 9  Don't Fence Me In,2022-04-14 02:49:03+00:00,11943,28641,173,13,False,0.006494186655493873,199.0,180_plus,2022,2022-04,1452,19.73
PwvEbLslkvg,UCB9zFd3_X5A9XAxeHBIjudQ,Unexpectables,small,Gateway   Episode 8  Shop Around,2022-04-14 02:49:01+00:00,14575,11313,173,21,False,0.01714841332979758,242.9,180_plus,2022,2022-04,1453,7.79
X3vGn6HAZ3Q,UCB9zFd3_X5A9XAxeHBIjudQ,Unexpectables,small,Gateway   Episode 7  Heartaches by the Numbers,2022-04-14 02:48:59+00:00,12575,13874,163,12,False,0.012613521695257316,209.6,180_plus,2022,2022-04,1453,9.55
1p8_ej1Rrbo,UCB9zFd3_X5A9XAxeHBIjudQ,Unexpectables,small,Gateway   Episode 6  I've Got you Under my Skin,2022-04-14 02:48:56+00:00,13397,28078,172,19,False,0.006802478809031983,223.3,180_plus,2022,2022-04,1453,19.32
oWFOVLkhzUY,UCB9zFd3_X5A9XAxeHBIjudQ,Unexpectables,small,Gateway   Episode 5  Keep A Knocking,2022-04-14 02:48:53+00:00,12230,20157,193,9,False,0.01002133253956442,203.8,180_plus,2022,2022-04,1453,13.87
HebsV-ndglU,UCB9zFd3_X5A9XAxeHBIjudQ,Unexpectables,small,Gateway   Episode 4  Uranium Fever,2022-04-14 02:48:51+00:00,14092,52880,229,22,False,0.00474659606656581,234.9,180_plus,2022,2022-04,1453,36.39
fm--FMLv0Po,UCB9zFd3_X5A9XAxeHBIjudQ,Unexpectables,small,Gateway   Episode 3  Do No Harm,2022-04-14 02:48:48+00:00,13217,38666,238,38,False,0.00713805410438111,220.3,180_plus,2022,2022-04,1453,26.61
Z6REcqNKABE,UCB9zFd3_X5A9XAxeHBIjudQ,Unexpectables,small,Gateway   Episode 2  Down the Road,2022-04-14 02:48:45+00:00,13107,45662,296,16,False,0.006832815032193071,218.4,180_plus,2022,2022-04,1453,31.43
Z10txPpAKe4,UCB9zFd3_X5A9XAxeHBIjudQ,Unexpectables,small,Saint Louis Blues | Gateway | Episode 1 | Ready to Role,2022-04-14 02:48:42+00:00,13379,35546,613,54,False,0.018764417937320654,223.0,180_plus,2022,2022-04,1453,24.46
r1Ai3Dp_QWk,UCB9zFd3_X5A9XAxeHBIjudQ,Unexpectables,small,Legend Lore | The Unexpectables | Episode 173 | D&D 5e,2022-04-14 02:48:40+00:00,12596,17952,169,31,False,0.011140819964349376,209.9,180_plus,2022,2022-04,1453,12.36
SnkK41MpGFw,UCB9zFd3_X5A9XAxeHBIjudQ,Unexpectables,small,A Rat ical Performance | The Unexpectables | Episode 172 | D&D 5e,2022-04-14 02:48:37+00:00,12788,19722,165,19,False,0.009329682587972822,213.1,180_plus,2022,2022-04,1453,13.57
wC9MbZvQVEg,UCB9zFd3_X5A9XAxeHBIjudQ,Unexpectables,small,But at What Cost | The Unexpectables | Episode 171 | D&D 5e,2022-04-14 02:48:34+00:00,12998,27813,161,15,False,0.006327976126271887,216.6,180_plus,2022,2022-04,1453,19.14
l7hfI3k5y1k,UCB9zFd3_X5A9XAxeHBIjudQ,Unexpectables,small,The Glaring Truth | The Unexpectables | Episode 170 | D&D 5e,2022-04-14 02:48:32+00:00,12749,34248,172,17,False,0.005518570427470218,212.5,180_plus,2022,2022-04,1453,23.57
0ZJVyyJBdE8,UCB9zFd3_X5A9XAxeHBIjudQ,Unexpectables,small,Relaxation and Revelation | The Unexpectables | Episode 169 | D&D 5e,2022-04-14 02:48:30+00:00,12526,14989,166,23,False,0.012609246780972713,208.8,180_plus,2022,2022-04,1453,10.32
u6LB7GLA41w,UCB9zFd3_X5A9XAxeHBIjudQ,Unexpectables,small,Passing the Torch | The Unexpectables | Episode 168 | D&D 5e,2022-04-14 02:48:27+00:00,13810,19977,185,19,False,0.010211743505030785,230.2,180_plus,2022,2022-04,1453,13.75
-HRgk023DX8,UCB9zFd3_X5A9XAxeHBIjudQ,Unexpectables,small,From the Ashes | The Unexpectables | Episode 167 | D&D 5e,2022-04-14 02:48:25+00:00,14813,9452,172,36,False,0.022005924672027083,246.9,180_plus,2022,2022-04,1453,6.51
mIchmVps-qg,UCB9zFd3_X5A9XAxeHBIjudQ,Unexpectables,small,An Old Flame | The Unexpectables | Episode 166 | D&D 5e,2022-04-14 02:48:23+00:00,15264,10209,168,19,False,0.018317171123518463,254.4,180_plus,2022,2022-04,1453,7.03
IsjV1VtHex8,UCB9zFd3_X5A9XAxeHBIjudQ,Unexpectables,small,You Oni Live Once | The Unexpectables | Episode 165 | D&D 5e,2022-04-14 02:48:20+00:00,15810,11153,191,33,False,0.020084282255895276,263.5,180_plus,2022,2022-04,1453,7.68
V6sH0xdQ024,UCB9zFd3_X5A9XAxeHBIjudQ,Unexpectables,small,Rock and Roll | The Unexpectables | Episode 164 | D&D 5e,2022-04-14 02:48:18+00:00,12899,19049,157,16,False,0.00908184156648643,215.0,180_plus,2022,2022-04,1453,13.11
dmowsNOFrIc,UCB9zFd3_X5A9XAxeHBIjudQ,Unexpectables,small,Losing our Marbles | The Unexpectables | Episode 163 | D&D 5e,2022-04-14 02:48:15+00:00,13382,25473,164,21,False,0.007262591763828367,223.0,180_plus,2022,2022-04,1453,17.53
Sk4oV1Jbeo4,UCB9zFd3_X5A9XAxeHBIjudQ,Unexpectables,small,Arocknophobia | The Unexpectables | Episode 162 | D&D 5e,2022-04-14 02:48:00+00:00,15369,11073,165,19,False,0.01661699629729974,256.2,180_plus,2022,2022-04,1453,7.62
GSd4TA6T_6Q,UCB9zFd3_X5A9XAxeHBIjudQ,Unexpectables,small,"Two Birds, One Stone | The Unexpectables | Episode 161 | D&D 5e",2022-04-14 02:47:57+00:00,13413,31632,170,23,False,0.006101416287303996,223.6,180_plus,2022,2022-04,1453,21.77
Bem0zU9rqS8,UCB9zFd3_X5A9XAxeHBIjudQ,Unexpectables,small,A Joyride Through the Forest | B&E | One-shot Special | D&D 5e,2022-04-14 02:47:54+00:00,20328,2389,41,8,False,0.020510673922143157,338.8,180_plus,2022,2022-04,1453,1.64
Zp8Hkn0aqks,UCB9zFd3_X5A9XAxeHBIjudQ,Unexpectables,small,Land Ho! | The Unexpectables | Episode 160 | D&D 5e,2022-04-14 02:47:40+00:00,13949,26481,166,23,False,0.007137192704203013,232.5,180_plus,2022,2022-04,1453,18.23
IEft5zcLOjA,UCB9zFd3_X5A9XAxeHBIjudQ,Unexpectables,small,CORAL COMBAT!!! | The Unexpectables | Episode 159 | D&D 5e,2022-04-14 02:47:38+00:00,15197,10728,166,23,False,0.01761744966442953,253.3,180_plus,2022,2022-04,1453,7.38
EAyrhedLKhg,UCB9zFd3_X5A9XAxeHBIjudQ,Unexpectables,small,Never Eat Soggy Waffles | The Unexpectables | Episode 158 | D&D 5e,2022-04-14 02:47:35+00:00,12944,32649,167,20,False,0.00572758736867898,215.7,180_plus,2022,2022-04,1453,22.47
MDWaplNQdMU,UCB9zFd3_X5A9XAxeHBIjudQ,Unexpectables,small,Chumming the Waters | The Unexpectables | Episode 157 | D&D 5e,2022-04-14 02:47:33+00:00,14058,21806,164,22,False,0.008529762450701642,234.3,180_plus,2022,2022-04,1453,15.01
1SpJu4AzxyM,UCB9zFd3_X5A9XAxeHBIjudQ,Unexpectables,small,Eelectric Boogaloo | The Unexpectables | Episode 156 | D&D 5e,2022-04-14 02:47:30+00:00,13697,23643,172,20,False,0.008120796853191219,228.3,180_plus,2022,2022-04,1453,16.27
lt9SMJpF4v0,UCB9zFd3_X5A9XAxeHBIjudQ,Unexpectables,small,Going with the Flow | The Unexpectables | Episode 155 | D&D 5e,2022-04-14 02:47:28+00:00,13443,20431,173,16,False,0.009250648524301307,224.0,180_plus,2022,2022-04,1453,14.06
ZLANgdAHogY,UCB9zFd3_X5A9XAxeHBIjudQ,Unexpectables,small,Part of the Crew | The Unexpectables | Episode 154 | D&D 5e,2022-04-14 02:47:26+00:00,14775,9243,163,16,False,0.01936600670777886,246.2,180_plus,2022,2022-04,1453,6.36
fzTMdtLbxWc,UCB9zFd3_X5A9XAxeHBIjudQ,Unexpectables,small,Whale of a Time | The Unexpectables | Episode 153 | D&D 5e,2022-04-14 02:47:23+00:00,13666,24320,184,18,False,0.008305921052631579,227.8,180_plus,2022,2022-04,1453,16.74
TDfZaq6pH9I,UCB9zFd3_X5A9XAxeHBIjudQ,Unexpectables,small,Tailwinds and Treasures | The Unexpectables | Episode 152 | D&D 5e,2022-04-14 02:47:20+00:00,13983,23571,194,18,False,0.00899410292308345,233.0,180_plus,2022,2022-04,1453,16.22
gL_3iZ8gTEM,UCB9zFd3_X5A9XAxeHBIjudQ,Unexpectables,small,Every Case begins with a Kay | The Unexpectables | Episode 108 | D&D 5e,2022-04-14 02:47:18+00:00,13027,16577,154,21,False,0.01055679556011341,217.1,180_plus,2022,2022-04,1453,11.41
7Wz_9gjRW2o,UCB9zFd3_X5A9XAxeHBIjudQ,Unexpectables,small,SEE NO EVIL | The Unexpectables | Episode 107 | D&D 5e,2022-04-14 02:47:13+00:00,12378,12582,152,18,False,0.013511365442695916,206.3,180_plus,2022,2022-04,1453,8.66
sEqQDtfv8SI,UCB9zFd3_X5A9XAxeHBIjudQ,Unexpectables,small,Dire Interrogations | The Unexpectables | Episode 106 | D&D 5e,2022-04-14 02:47:09+00:00,15238,10988,184,25,False,0.01902074990899163,254.0,180_plus,2022,2022-04,1453,7.56
Lx_Z-Z7Ua1A,UCB9zFd3_X5A9XAxeHBIjudQ,Unexpectables,small,Seeds of Deceit | The Unexpectables | Episode 105 | D&D 5e,2022-04-14 02:47:07+00:00,13202,15548,158,23,False,0.011641368664780036,220.0,180_plus,2022,2022-04,1453,10.7
VOjKxSxqFpc,UCB9zFd3_X5A9XAxeHBIjudQ,Unexpectables,small,They split the Party | The Unexpectables | Episode 104 | D&D 5e,2022-04-14 02:47:04+00:00,13877,15985,205,43,False,0.015514544885830466,231.3,180_plus,2022,2022-04,1453,11.0
X6Z6ntXR2gM,UCB9zFd3_X5A9XAxeHBIjudQ,Unexpectables,small,Playing Catchup | The Unexpectables | Episode 103 | D&D 5e,2022-04-14 02:47:01+00:00,13567,27603,211,27,False,0.008622251204579212,226.1,180_plus,2022,2022-04,1453,19.0
an05BOYmtZg,UCB9zFd3_X5A9XAxeHBIjudQ,Unexpectables,small,Kokyū | The Unexpectables | Episode 151 | D&D 5e,2022-04-14 02:46:59+00:00,14683,8053,181,46,False,0.02818825282503415,244.7,180_plus,2022,2022-04,1453,5.54
f9d74zpNb-c,UCB9zFd3_X5A9XAxeHBIjudQ,Unexpectables,small,Monkey Wrench in Our Plans | The Unexpectables | Episode 150 | D&D 5e,2022-04-14 02:46:52+00:00,15445,9337,166,21,False,0.020027846203277282,257.4,180_plus,2022,2022-04,1453,6.43
CcpsyHhCi90,UCB9zFd3_X5A9XAxeHBIjudQ,Unexpectables,small,Undetectables | The Unexpectables | Episode 149 | D&D 5e,2022-04-14 02:46:49+00:00,12538,12667,164,23,False,0.014762769400805242,209.0,180_plus,2022,2022-04,1453,8.72
5LceP-teXLM,UCB9zFd3_X5A9XAxeHBIjudQ,Unexpectables,small,Cloudy With a Chance of B&E | The Unexpectables | Episode 148 | D&D 5e,2022-04-14 02:46:47+00:00,12976,16342,166,18,False,0.01125933178313548,216.3,180_plus,2022,2022-04,1453,11.25
6P8iH1SCdCA,UCB9zFd3_X5A9XAxeHBIjudQ,Unexpectables,small,Between a Roc and a Hard Place | The Unexpectables | Episode 147 | D&D 5e,2022-04-14 02:46:45+00:00,12922,21863,171,18,False,0.008644742258610437,215.4,180_plus,2022,2022-04,1453,15.05
zPtA1ZQAKzg,UCB9zFd3_X5A9XAxeHBIjudQ,Unexpectables,small,Potion Seller | The Unexpectables | Episode 146 | D&D 5e,2022-04-14 02:46:42+00:00,12942,11827,159,42,False,0.016995011414559905,215.7,180_plus,2022,2022-04,1453,8.14
lC337kzUOn4,UCB9zFd3_X5A9XAxeHBIjudQ,Unexpectables,small,Of Ice and Men | The Unexpectables | Episode 145 | D&D 5e,2022-04-14 02:46:40+00:00,14178,29319,182,29,False,0.007196698386711688,236.3,180_plus,2022,2022-04,1453,20.18
G4UtaqozwaE,UCB9zFd3_X5A9XAxeHBIjudQ,Unexpectables,small,Die Hard Ice | The Unexpectables | Episode 144 | D&D 5e,2022-04-14 02:46:37+00:00,14295,34676,182,10,False,0.0055369708155496595,238.2,180_plus,2022,2022-04,1453,23.87
IM59Eh1bDN0,UCB9zFd3_X5A9XAxeHBIjudQ,Unexpectables,small,Raun's Fault | The Unexpectables | Episode 143 | D&D 5e,2022-04-14 02:46:35+00:00,12699,18191,177,13,False,0.010444725413666098,211.6,180_plus,2022,2022-04,1453,12.52
9SHV1hrzWJ4,UCB9zFd3_X5A9XAxeHBIjudQ,Unexpectables,small,All is Fair | The Unexpectables | Episode 142 | D&D 5e,2022-04-14 02:46:33+00:00,16622,9794,192,20,False,0.021645905656524404,277.0,180_plus,2022,2022-04,1453,6.74
6A247ds3Iwc,UCB9zFd3_X5A9XAxeHBIjudQ,Unexpectables,small,GREEN MEAN REVENGE | DA KREW | Episode 11 | Wrath & Glory,2022-04-14 02:46:30+00:00,20834,3067,66,21,False,0.028366481904140855,347.2,180_plus,2022,2022-04,1453,2.11
U6OID7e-nTs,UCB9zFd3_X5A9XAxeHBIjudQ,Unexpectables,small,MORE DOS-A | DA KREW | Episode 10 | Wrath & Glory,2022-04-14 02:46:28+00:00,12984,2103,52,10,False,0.029481692819781264,216.4,180_plus,2022,2022-04,1453,1.45
HvpdU-Gnn0A,UCB9zFd3_X5A9XAxeHBIjudQ,Unexpectables,small,ATTACK DA DARKNESS | DA KREW | Episode 9 | Wrath & Glory,2022-04-14 02:46:26+00:00,12864,2719,54,10,False,0.023538065465244576,214.4,180_plus,2022,2022-04,1453,1.87
BS2kwNfgqVw,UCB9zFd3_X5A9XAxeHBIjudQ,Unexpectables,small,ORK KWEST | DA KREW | Episode 8 | Wrath & Glory,2022-04-14 02:46:23+00:00,14175,3481,68,13,False,0.023269175524274634,236.2,180_plus,2022,2022-04,1453,2.4
OFSivgfBnIg,UCB9zFd3_X5A9XAxeHBIjudQ,Unexpectables,small,Ghosts of the Past | Ravenloft: Heir to the Throne | Episode 6 | D&D 5e,2022-04-14 02:46:21+00:00,23003,5833,114,22,False,0.023315618035316305,383.4,180_plus,2022,2022-04,1453,4.01
naxzlStejiA,UCB9zFd3_X5A9XAxeHBIjudQ,Unexpectables,small,Dancing With Wolves | Ravenloft: Heir to the Throne | Episode 5 | D&D 5e,2022-04-14 02:46:19+00:00,16114,5401,111,18,False,0.023884465839659322,268.6,180_plus,2022,2022-04,1453,3.72
_qyD2zx0m4M,UCB9zFd3_X5A9XAxeHBIjudQ,Unexpectables,small,Your Own Worst Enemy | Ravenloft: Heir to the Throne | Episode 4 | D&D 5e,2022-04-14 02:46:16+00:00,16815,5998,124,29,False,0.025508502834278093,280.2,180_plus,2022,2022-04,1453,4.13
fg0o9BpidVg,UCB9zFd3_X5A9XAxeHBIjudQ,Unexpectables,small,Quote the Raven | Ravenloft: Heir to the Throne | Episode 3 | D&D 5e,2022-04-14 02:46:14+00:00,16867,6652,137,14,False,0.02269993986770896,281.1,180_plus,2022,2022-04,1453,4.58
CEMS53fyXjA,UCB9zFd3_X5A9XAxeHBIjudQ,Unexpectables,small,Madam Ava's Council | Ravenloft: Heir to the Throne | Episode 2 | D&D 5e,2022-04-14 02:46:11+00:00,13296,6963,140,22,False,0.023265833692373977,221.6,180_plus,2022,2022-04,1453,4.79
yplbPHAht-g,UCB9zFd3_X5A9XAxeHBIjudQ,Unexpectables,small,Descent into Ravenloft | Ravenloft: Heir to the Throne | Episode 1 |  D&D 5e,2022-04-14 02:46:08+00:00,16177,16339,281,16,False,0.01817736703592631,269.6,180_plus,2022,2022-04,1453,11.25
GvFMTD-yUYw,UCB9zFd3_X5A9XAxeHBIjudQ,Unexpectables,small,Kermit To Your God | The Unexpectables | Episode 141 | D&D 5e,2022-04-14 02:46:05+00:00,12814,17424,197,29,False,0.012970615243342516,213.6,180_plus,2022,2022-04,1453,11.99
zNHocJj2y54,UCB9zFd3_X5A9XAxeHBIjudQ,Unexpectables,small,They Have Battletoads! | The Unexpectables | Episode 140 | D&D 5e,2022-04-14 02:46:02+00:00,13267,20409,185,17,False,0.009897594198637855,221.1,180_plus,2022,2022-04,1453,14.05
VnCI-lwpBmc,UCB9zFd3_X5A9XAxeHBIjudQ,Unexpectables,small,Culture Shock | The Unexpectables | Episode 139 | D&D 5e,2022-04-14 02:46:00+00:00,13371,39676,235,34,False,0.006779917330376046,222.8,180_plus,2022,2022-04,1453,27.31
51W5sZfEzKA,UCB9zFd3_X5A9XAxeHBIjudQ,Unexpectables,small,Too Close To The Sun | The Unexpectables | Episode 138 | D&D 5e,2022-04-14 02:45:57+00:00,15900,9178,182,15,False,0.021464371322728264,265.0,180_plus,2022,2022-04,1453,6.32
Zzt9895SBOo,UCB9zFd3_X5A9XAxeHBIjudQ,Unexpectables,small,Yakkity Yak Take Him Back! | The Unexpectables | Episode 137 | D&D 5e,2022-04-14 02:45:55+00:00,14644,8360,173,19,False,0.022966507177033493,244.1,180_plus,2022,2022-04,1453,5.75
2sHUdR_40d0,UCB9zFd3_X5A9XAxeHBIjudQ,Unexpectables,small,Taking it Cheesy | The Unexpectables | Episode 136 | D&D 5e,2022-04-14 02:45:53+00:00,12008,12090,167,10,False,0.014640198511166254,200.1,180_plus,2022,2022-04,1453,8.32
JQ86Rxf5eo8,UCB9zFd3_X5A9XAxeHBIjudQ,Unexpectables,small,Getting Down to It | The Unexpectables | Episode 135 | D&D 5e,2022-04-14 02:45:50+00:00,11601,12442,170,18,False,0.015110110914643949,193.4,180_plus,2022,2022-04,1453,8.56
6EwAd1lISNQ,UCB9zFd3_X5A9XAxeHBIjudQ,Unexpectables,small,Stonks and Bonds | The Unexpectables | Episode 134 | D&D 5e,2022-04-14 02:45:47+00:00,14828,10002,182,34,False,0.021595680863827234,247.1,180_plus,2022,2022-04,1453,6.88
MrEHT3UYoow,UCB9zFd3_X5A9XAxeHBIjudQ,Unexpectables,small,An Epoch Return | The Unexpectables | Episode 133 | D&D 5e,2022-04-14 02:45:44+00:00,13013,22561,194,17,False,0.009352422321705599,216.9,180_plus,2022,2022-04,1453,15.53
TOpo_oRYuFY,UCB9zFd3_X5A9XAxeHBIjudQ,Unexpectables,small,Alivast's Task | The Unexpectables | Episode 132 | D&D 5e,2022-04-14 02:45:41+00:00,16502,11374,207,36,False,0.021364515561807632,275.0,180_plus,2022,2022-04,1453,7.83
VomMsIaEwBY,UCB9zFd3_X5A9XAxeHBIjudQ,Unexpectables,small,In The Darkus Hour | The Unexpectables | Episode 131 | D&D 5e,2022-04-14 02:45:39+00:00,12278,13399,178,17,False,0.014553324874990671,204.6,180_plus,2022,2022-04,1453,9.22
OxKiRC0XNvo,UCB9zFd3_X5A9XAxeHBIjudQ,Unexpectables,small,OOPS! All Kobolds! | One-Shot Special | D&D 5e,2022-04-14 02:45:37+00:00,16027,6479,153,24,False,0.027319030714616454,267.1,180_plus,2022,2022-04,1453,4.46
NEX4sWGW04g,UCB9zFd3_X5A9XAxeHBIjudQ,Unexpectables,small,Scorching Negotiations | The Unexpectables | Episode 130 | D&D 5e,2022-04-14 02:45:15+00:00,15374,11729,177,37,False,0.018245374712251683,256.2,180_plus,2022,2022-04,1453,8.07
mQtp5ro5nBo,UCB9zFd3_X5A9XAxeHBIjudQ,Unexpectables,small,Levity and Legacy | The Unexpectables | Episode 129 | D&D 5e,2022-04-14 02:45:13+00:00,12608,22853,168,22,False,0.008314006913753117,210.1,180_plus,2022,2022-04,1453,15.73
JlTZPufZfvU,UCB9zFd3_X5A9XAxeHBIjudQ,Unexpectables,small,Oreyara's Task | The Unexpectables | Episode 128 | D&D 5e,2022-04-14 02:45:10+00:00,12824,24578,168,38,False,0.008381479371795914,213.7,180_plus,2022,2022-04,1453,16.92
pe8SErRM3QA,UCB9zFd3_X5A9XAxeHBIjudQ,Unexpectables,small,Nuts & Dolts | The Unexpectables | Episode 127 | D&D 5e,2022-04-14 02:45:07+00:00,14055,33199,176,16,False,0.005783306726106208,234.2,180_plus,2022,2022-04,1453,22.85
w6hXZPZzmtI,UCB9zFd3_X5A9XAxeHBIjudQ,Unexpectables,small,Objects and Secret Projects | The Unexpectables | Episode 126 | D&D 5e,2022-04-14 02:45:05+00:00,13279,37040,189,34,False,0.006020518358531317,221.3,180_plus,2022,2022-04,1453,25.49
ph-uTqZqzHY,UCB9zFd3_X5A9XAxeHBIjudQ,Unexpectables,small,Bolts and Jolts | The Unexpectables | Episode 125 | D&D 5e,2022-04-14 02:45:01+00:00,13354,26208,158,24,False,0.006944444444444444,222.6,180_plus,2022,2022-04,1453,18.04
5pCoYfsSEOE,UCB9zFd3_X5A9XAxeHBIjudQ,Unexpectables,small,No Bones About It | The Unexpectables | Episode 124 | D&D 5e,2022-04-14 02:44:59+00:00,11209,14586,171,17,False,0.012889071712601124,186.8,180_plus,2022,2022-04,1453,10.04
AJMHQ4aFE9I,UCB9zFd3_X5A9XAxeHBIjudQ,Unexpectables,small,Beeware of Dragons | The Unexpectables | Episode 123 | D&D 5e,2022-04-14 02:44:51+00:00,13029,22058,181,32,False,0.009656360504125487,217.2,180_plus,2022,2022-04,1453,15.18
NtzcyswzDMI,UCB9zFd3_X5A9XAxeHBIjudQ,Unexpectables,small,Under and Above | The Unexpectables | Episode 122 | D&D 5e,2022-04-14 02:44:49+00:00,13802,30722,187,17,False,0.0066401926957880344,230.0,180_plus,2022,2022-04,1453,21.14
O5ata5uY8bk,UCB9zFd3_X5A9XAxeHBIjudQ,Unexpectables,small,"Passing Through, Passing On | The Prince Division | Episode 25 | D&D 5e",2022-04-14 02:44:46+00:00,14495,5090,94,13,False,0.021021611001964636,241.6,180_plus,2022,2022-04,1453,3.5
m8JNqKccBG4,UCB9zFd3_X5A9XAxeHBIjudQ,Unexpectables,small,A Price to Pay | The Prince Division | Episode 24 | D&D 5e,2022-04-14 02:44:44+00:00,11608,7026,103,8,False,0.015798462852263023,193.5,180_plus,2022,2022-04,1453,4.84
XyBpP-Zi43E,UCB9zFd3_X5A9XAxeHBIjudQ,Unexpectables,small,Bad Blood | The Prince Division | Episode 23 | D&D 5e,2022-04-14 02:44:40+00:00,14905,6867,116,9,False,0.018202999854376,248.4,180_plus,2022,2022-04,1453,4.73
_RUwu48eXik,UCB9zFd3_X5A9XAxeHBIjudQ,Unexpectables,small,Interrogation Station | The Prince Division | Episode 22 | D&D 5e,2022-04-14 02:44:36+00:00,14391,19091,116,8,False,0.006495207165680163,239.8,180_plus,2022,2022-04,1453,13.14
tHO7_QhGTnc,UCB9zFd3_X5A9XAxeHBIjudQ,Unexpectables,small,Cupcake Crackdown | The Prince Division | Episode 21 | D&D 5e,2022-04-14 02:44:30+00:00,14638,5026,116,12,False,0.025467568643056108,244.0,180_plus,2022,2022-04,1453,3.46
jby8d9L-TTw,UCB9zFd3_X5A9XAxeHBIjudQ,Unexpectables,small,Eyes In the Dark | The Prince Division | Episode 20 | D&D 5e,2022-04-14 02:44:24+00:00,17632,5895,117,9,False,0.021374045801526718,293.9,180_plus,2022,2022-04,1453,4.06
c_baTgrLtsE,UCB9zFd3_X5A9XAxeHBIjudQ,Unexpectables,small,Gotta Go FAST! | The Prince Division | Episode 19 | D&D 5e,2022-04-14 02:44:22+00:00,12876,5454,122,27,False,0.02731939860652732,214.6,180_plus,2022,2022-04,1453,3.75
c12To2aFKvU,UCB9zFd3_X5A9XAxeHBIjudQ,Unexpectables,small,"Adopt, Adapt, Overcome | The Prince Division | Episode 18 | D&D 5e",2022-04-14 02:44:19+00:00,15137,5876,128,13,False,0.02399591558883594,252.3,180_plus,2022,2022-04,1453,4.04
PehKhQN1NyE,UCB9zFd3_X5A9XAxeHBIjudQ,Unexpectables,small,Five Hundred Needles | The Prince Division | Episode 17 | D&D 5e,2022-04-14 02:44:17+00:00,12795,6136,124,18,False,0.023142112125162973,213.2,180_plus,2022,2022-04,1453,4.22
--p9Bq-H9Hg,UCB9zFd3_X5A9XAxeHBIjudQ,Unexpectables,small,Graveyard Shift | The Prince Division | Episode 16 | D&D 5e,2022-04-14 02:44:15+00:00,11661,6122,133,8,False,0.023031688990525972,194.4,180_plus,2022,2022-04,1453,4.21
XnauLYWpFFM,UCB9zFd3_X5A9XAxeHBIjudQ,Unexpectables,small,Lil' Pet Shop of Horrors | The Prince Division | Episode 15 | D&D 5e,2022-04-14 02:44:11+00:00,14542,5341,125,11,False,0.0254633963677214,242.4,180_plus,2022,2022-04,1453,3.68
CzVi2j2qpoQ,UCB9zFd3_X5A9XAxeHBIjudQ,Unexpectables,small,Friends on the Other Side | The Prince Division | Episode 14 | D&D 5e,2022-04-14 02:44:09+00:00,15577,5906,132,12,False,0.024381984422621062,259.6,180_plus,2022,2022-04,1453,4.06
8aXSswjpnng,UCB9zFd3_X5A9XAxeHBIjudQ,Unexpectables,small,An Offer You Can't Refuse | The Prince Division | Episode 13 | D&D 5e,2022-04-14 02:44:06+00:00,12197,8234,127,6,False,0.016152538256011657,203.3,180_plus,2022,2022-04,1453,5.67
vrEWvVbYY00,UCB9zFd3_X5A9XAxeHBIjudQ,Unexpectables,small,Speak Not of Fight Club | The Prince Division | Episode 12 | D&D 5e,2022-04-14 02:43:58+00:00,14441,5991,124,11,False,0.022533800701051578,240.7,180_plus,2022,2022-04,1453,4.12
GSDp_YMPtSI,UCB9zFd3_X5A9XAxeHBIjudQ,Unexpectables,small,"Were, What and Why | The Prince Division | Episode 11 | D&D 5e",2022-04-14 02:43:55+00:00,16447,7884,125,11,False,0.017250126839167934,274.1,180_plus,2022,2022-04,1453,5.43
7yJi2fWUKP4,UCB9zFd3_X5A9XAxeHBIjudQ,Unexpectables,small,Gilded Cages | The Prince Division | Episode 10 | D&D 5e,2022-04-14 02:43:51+00:00,14618,8926,146,10,False,0.017477033385615057,243.6,180_plus,2022,2022-04,1453,6.14
Zi5a4QgMbus,UCB9zFd3_X5A9XAxeHBIjudQ,Unexpectables,small,Spiritual Goals | The Prince Division | Episode 9 | D&D 5e,2022-04-14 02:43:49+00:00,13921,20168,154,19,False,0.008577945259817532,232.0,180_plus,2022,2022-04,1453,13.88
3hN73hnkBi0,UCB9zFd3_X5A9XAxeHBIjudQ,Unexpectables,small,It's Not Easy Being Green | The Prince Division | Episode 8 | D&D 5e,2022-04-14 02:43:47+00:00,16202,8718,143,15,False,0.018123422803395274,270.0,180_plus,2022,2022-04,1453,6.0
gDHVhgSFueQ,UCB9zFd3_X5A9XAxeHBIjudQ,Unexpectables,small,Green with Envy | The Prince Division | Episode 7 | D&D 5e,2022-04-14 02:43:45+00:00,14361,22058,156,9,False,0.0074802792637591806,239.4,180_plus,2022,2022-04,1453,15.18
HYTxLI7LXro,UCB9zFd3_X5A9XAxeHBIjudQ,Unexpectables,small,Interrogation and Betrayal | The Prince Division | Episode 6 | D&D 5e,2022-04-14 02:43:42+00:00,15032,7908,164,12,False,0.02225594334850784,250.5,180_plus,2022,2022-04,1453,5.44
F-tWlNU19Ag,UCB9zFd3_X5A9XAxeHBIjudQ,Unexpectables,small,Desk work and Dragons | The Prince Division | Episode 5 | D&D 5e,2022-04-14 02:43:38+00:00,14457,10684,147,12,False,0.014882066641707225,241.0,180_plus,2022,2022-04,1453,7.35
csnyh4F_Y_g,UCB9zFd3_X5A9XAxeHBIjudQ,Unexpectables,small,Draconic Pull | The Prince Division | Episode 4 | D&D 5e,2022-04-14 02:43:36+00:00,13610,30288,171,19,False,0.0062731114632857896,226.8,180_plus,2022,2022-04,1453,20.85
cFzqhuwD-Us,UCB9zFd3_X5A9XAxeHBIjudQ,Unexpectables,small,Stake and Shake | The Prince Division | Episode 3 | D&D 5e,2022-04-14 02:43:33+00:00,14074,45509,189,13,False,0.004438682458414819,234.6,180_plus,2022,2022-04,1453,31.32
jZFVvWnvnbM,UCB9zFd3_X5A9XAxeHBIjudQ,Unexpectables,small,What Peeks in the Windows | The Prince Division | Episode 2 | D&D 5e,2022-04-14 02:43:31+00:00,12966,9983,164,21,False,0.018531503556045277,216.1,180_plus,2022,2022-04,1453,6.87
JV6FY6BjLho,UCB9zFd3_X5A9XAxeHBIjudQ,Unexpectables,small,Brave Men and Women | The Prince Division | Episode 1 | D&D 5e,2022-04-14 02:43:29+00:00,10711,16484,277,36,False,0.01898810968211599,178.5,120_to_180,2022,2022-04,1453,11.34
lxuRSd1qf68,UCB9zFd3_X5A9XAxeHBIjudQ,Unexpectables,small,Rocky Negotiations | The Unexpectables | Episode 121 (Part 2) | D&D 5e,2022-04-14 02:43:24+00:00,7040,14446,157,24,False,0.012529419908625225,117.3,60_to_120,2022,2022-04,1453,9.94
lfwDgpLAZb8,UCB9zFd3_X5A9XAxeHBIjudQ,Unexpectables,small,Rocky Negotiations | The Unexpectables | Episode 121 (Part 1) | D&D 5e,2022-04-14 02:43:22+00:00,6454,9736,146,13,False,0.01633114215283484,107.6,60_to_120,2022,2022-04,1453,6.7
IAsGW_bz6HI,UCB9zFd3_X5A9XAxeHBIjudQ,Unexpectables,small,The Lion the Wish and the Wartribe | The Unexpectables | Episode 120 | D&D 5e,2022-04-14 02:43:19+00:00,13372,18543,173,31,False,0.011001456075068758,222.9,180_plus,2022,2022-04,1453,12.76
S1pZkQYt-0M,UCB9zFd3_X5A9XAxeHBIjudQ,Unexpectables,small,A Daunting Task | The Unexpectables | Episode 119 | D&D 5e,2022-04-14 02:43:16+00:00,13541,27949,177,32,False,0.007477906186267845,225.7,180_plus,2022,2022-04,1453,19.24
BrU0mSeOIqw,UCB9zFd3_X5A9XAxeHBIjudQ,Unexpectables,small,History Repeats Itself | The Unexpectables | Episode 118 | D&D 5e,2022-04-14 02:43:14+00:00,12599,16343,183,18,False,0.012298843541577434,210.0,180_plus,2022,2022-04,1453,11.25
QrIfK0V58Vk,UCB9zFd3_X5A9XAxeHBIjudQ,Unexpectables,small,Bird Business | The Unexpectables | Episode 117 | D&D 5e,2022-04-14 02:43:10+00:00,11688,11863,165,33,False,0.016690550450982045,194.8,180_plus,2022,2022-04,1453,8.16
_VpelwqmiYk,UCB9zFd3_X5A9XAxeHBIjudQ,Unexpectables,small,My Big Fat Goliath Wedding | The Unexpectables | Episode 116 | D&D 5e,2022-04-14 02:43:08+00:00,14474,11597,197,34,False,0.019918944554626197,241.2,180_plus,2022,2022-04,1453,7.98
QM2ojGI_Yfw,UCB9zFd3_X5A9XAxeHBIjudQ,Unexpectables,small,Toss a coin to your digger | The Unexpectables | Episode 115 | D&D 5e,2022-04-14 02:43:06+00:00,15399,15972,206,35,False,0.015088905584773353,256.6,180_plus,2022,2022-04,1453,10.99
T40OBylyJfs,UCB9zFd3_X5A9XAxeHBIjudQ,Unexpectables,small,The Fox and the Hounds | The Unexpectables | Episode 114 | D&D 5e,2022-04-14 02:43:03+00:00,13686,31737,210,29,False,0.007530642467782084,228.1,180_plus,2022,2022-04,1453,21.84
oOqjjjDlack,UCB9zFd3_X5A9XAxeHBIjudQ,Unexpectables,small,Hell's Kitchen | The Unexpectables | Episode 113 | D&D 5e,2022-04-14 02:43:01+00:00,14479,11805,160,29,False,0.016010165184243964,241.3,180_plus,2022,2022-04,1453,8.12
LQAju1s9FSw,UCB9zFd3_X5A9XAxeHBIjudQ,Unexpectables,small,Monty Pythons Infernal Circus | The Unexpectables | Episode 112 | D&D 5e,2022-04-14 02:42:59+00:00,12131,24467,172,22,False,0.007929047288184084,202.2,180_plus,2022,2022-04,1453,16.84
dJpfIVNaPUc,UCB9zFd3_X5A9XAxeHBIjudQ,Unexpectables,small,Unearthed Lore | The Unexpectables | Episode 111 | D&D 5e,2022-04-14 02:42:57+00:00,13492,20734,166,32,False,0.009549532169383621,224.9,180_plus,2022,2022-04,1453,14.27
SbKHfEKHD5o,UCB9zFd3_X5A9XAxeHBIjudQ,Unexpectables,small,The Panic Room | The Unexpectables | Episode 110 | D&D 5e,2022-04-14 02:42:54+00:00,14372,25740,180,24,False,0.007925407925407926,239.5,180_plus,2022,2022-04,1453,17.72
7y_ODR_gAwQ,UCB9zFd3_X5A9XAxeHBIjudQ,Unexpectables,small,Bed Bath and Begone | The Unexpectables | Episode 109 | D&D 5e,2022-04-14 02:42:52+00:00,12494,12940,163,27,False,0.014683153013910355,208.2,180_plus,2022,2022-04,1453,8.91
1aHSYF_shDk,UCB9zFd3_X5A9XAxeHBIjudQ,Unexpectables,small,My Little Pony: Dungeons & Friendship,2022-04-14 02:42:49+00:00,12005,3198,78,11,False,0.02782989368355222,200.1,180_plus,2022,2022-04,1453,2.2
DUE770t1a0I,UCB9zFd3_X5A9XAxeHBIjudQ,Unexpectables,small,The Tempest Halls |  One-Shot | D&D 5e,2022-04-14 02:42:43+00:00,19519,1643,30,8,False,0.023128423615337797,325.3,180_plus,2022,2022-04,1453,1.13
wpX7Td2RwwI,UCB9zFd3_X5A9XAxeHBIjudQ,Unexpectables,small,Chicken Dinner | DA KREW | Episode 7 | Wrath & Glory,2022-04-14 02:42:33+00:00,15324,2499,53,8,False,0.024409763905562223,255.4,180_plus,2022,2022-04,1453,1.72
BiBehx6OUV4,UCB9zFd3_X5A9XAxeHBIjudQ,Unexpectables,small,WARE WE DROPPIN' BOYZ? | DA KREW | Episode 6 | Wrath & Glory,2022-04-14 02:42:30+00:00,11700,2359,58,9,False,0.02840186519711742,195.0,180_plus,2022,2022-04,1453,1.62
ria8KkZ3K6k,UCB9zFd3_X5A9XAxeHBIjudQ,Unexpectables,small,The Colors of Chaos | DA KREW | Episode 5 | Wrath & Glory,2022-04-14 02:42:27+00:00,12084,2757,60,5,False,0.023576351106274936,201.4,180_plus,2022,2022-04,1453,1.9
T8CwC-60EAc,UCB9zFd3_X5A9XAxeHBIjudQ,Unexpectables,small,Prison Break-in | DA KREW | Episode 4 | Wrath & Glory,2022-04-14 02:42:22+00:00,12321,3453,76,14,False,0.026064291920069503,205.4,180_plus,2022,2022-04,1453,2.38
Q3-A78yTu0Q,UCB9zFd3_X5A9XAxeHBIjudQ,Unexpectables,small,Where are we!? | The Unexpectables | Episode 102 | D&D 5e,2022-04-14 02:42:20+00:00,12228,32874,186,30,False,0.006570542069720752,203.8,180_plus,2022,2022-04,1453,22.62
HIPSp7Sn7OY,UCB9zFd3_X5A9XAxeHBIjudQ,Unexpectables,small,Louder Than Hell | The Unexpectables | Episode 101 | D&D 5e,2022-04-14 02:42:17+00:00,12156,14910,173,28,False,0.013480885311871227,202.6,180_plus,2022,2022-04,1453,10.26
RuFAW7WRhzE,UCB9zFd3_X5A9XAxeHBIjudQ,Unexpectables,small,The Beach Episode | The Unexpectables | Episode 100 | D&D 5e,2022-04-14 02:42:14+00:00,15152,8986,203,33,False,0.02626307589583797,252.5,180_plus,2022,2022-04,1453,6.18
FuEPBMZKDVg,UCB9zFd3_X5A9XAxeHBIjudQ,Unexpectables,small,The Hungry Bois | The Unexpectables | Episode 13 | D&D 5e,2022-04-14 02:42:12+00:00,12564,33346,262,35,False,0.008906615486115276,209.4,180_plus,2022,2022-04,1453,22.95
ZD0YGS2DJls,UCB9zFd3_X5A9XAxeHBIjudQ,Unexpectables,small,The Face in the Realm of Discord | The Unexpectables | Episode 99 | D&D 5e,2022-04-14 02:42:09+00:00,11060,17275,169,25,False,0.011230101302460202,184.3,180_plus,2022,2022-04,1453,11.89
F83lCI_Vjyo,UCB9zFd3_X5A9XAxeHBIjudQ,Unexpectables,small,It runs in the family | The Unexpectables | Episode 98 | D&D 5e,2022-04-14 02:42:07+00:00,13200,25493,215,35,False,0.009806613580198485,220.0,180_plus,2022,2022-04,1453,17.55
uzk-xJWYcDU,UCB9zFd3_X5A9XAxeHBIjudQ,Unexpectables,small,The Merkz 2: Cliff Hanger | The Unexpectables | One-Shot Special | D&D 5e,2022-04-14 02:41:58+00:00,14153,2861,58,19,False,0.026913666550157287,235.9,180_plus,2022,2022-04,1453,1.97
E6nDGcxNXBM,UCB9zFd3_X5A9XAxeHBIjudQ,Unexpectables,small,S Series | One-Shot Special | Episode 2 | D&D 5e,2022-04-14 02:41:55+00:00,11652,1105,31,11,False,0.03800904977375565,194.2,180_plus,2022,2022-04,1453,0.76
yN3EM51dBtg,UCB9zFd3_X5A9XAxeHBIjudQ,Unexpectables,small,Back By Popular Demand | The Unexpectables | Episode 97 | D&D 5e,2022-04-14 02:41:52+00:00,13042,22130,200,36,False,0.010664256665160415,217.4,180_plus,2022,2022-04,1453,15.23
JcbpSWShShk,UCB9zFd3_X5A9XAxeHBIjudQ,Unexpectables,small,Gazed and Confused | The Unexpectables | Episode 96 | D&D 5e,2022-04-14 02:41:50+00:00,12632,21695,203,38,False,0.011108550357225168,210.5,180_plus,2022,2022-04,1453,14.93
IaZ59ezCxcc,UCB9zFd3_X5A9XAxeHBIjudQ,Unexpectables,small,Three In The Chamber | The Unexpectables | Episode 95 | D&D 5e,2022-04-14 02:41:47+00:00,14347,38217,185,20,False,0.005364104979459403,239.1,180_plus,2022,2022-04,1453,26.3
oggWDzViOLA,UCB9zFd3_X5A9XAxeHBIjudQ,Unexpectables,small,Getting in too deep | The Unexpectables | Episode 94 | D&D 5e,2022-04-14 02:41:45+00:00,13976,30049,158,28,False,0.006189889846583913,232.9,180_plus,2022,2022-04,1453,20.68
1nvOkckKeWU,UCB9zFd3_X5A9XAxeHBIjudQ,Unexpectables,small,The Merkz | The Unexpectables | One-Shot Special | D&D 5e,2022-04-14 02:41:42+00:00,11799,3590,77,8,False,0.023676880222841225,196.6,180_plus,2022,2022-04,1453,2.47
SkYvfHvu40U,UCB9zFd3_X5A9XAxeHBIjudQ,Unexpectables,small,Welcome to the Fungal | The Unexpectables | Episode 93 | D&D 5e,2022-04-14 02:41:39+00:00,11416,10774,141,26,False,0.015500278448115834,190.3,180_plus,2022,2022-04,1453,7.42
MtD07UqYL7w,UCB9zFd3_X5A9XAxeHBIjudQ,Unexpectables,small,It Gets Worse | The Unexpectables | Episode 92 | D&D 5e,2022-04-14 02:41:37+00:00,12695,19126,162,18,False,0.009411272613196695,211.6,180_plus,2022,2022-04,1453,13.16
PWYbaPYAEio,UCB9zFd3_X5A9XAxeHBIjudQ,Unexpectables,small,Reeking Havoc | The Unexpectables | Episode 91 | D&D 5e,2022-04-14 02:41:34+00:00,11750,15480,169,16,False,0.011950904392764857,195.8,180_plus,2022,2022-04,1453,10.65
7kV_ocoh47c,UCB9zFd3_X5A9XAxeHBIjudQ,Unexpectables,small,Omelette Du Fromaw | The Unexpectables | Episode 90 | D&D 5e,2022-04-14 02:41:31+00:00,8453,9886,152,12,False,0.01658911592150516,140.9,120_to_180,2022,2022-04,1453,6.8
afXqYc-bx5o,UCB9zFd3_X5A9XAxeHBIjudQ,Unexpectables,small,Two funerals and a wedding | The Unexpectables | Episode 89 | D&D 5e,2022-04-14 02:41:28+00:00,13420,25260,178,28,False,0.008155186064924783,223.7,180_plus,2022,2022-04,1453,17.38
X_nyb8YeWYg,UCB9zFd3_X5A9XAxeHBIjudQ,Unexpectables,small,Hard to Swallow | The Unexpectables | Episode 88 | D&D 5e,2022-04-14 02:41:24+00:00,13974,24166,179,35,False,0.008855416701150377,232.9,180_plus,2022,2022-04,1453,16.63
3Ew4qCpoHv8,UCB9zFd3_X5A9XAxeHBIjudQ,Unexpectables,small,A Crap Guide To Tracadia | The Unexpectables | Episode 87 | D&D 5e,2022-04-14 02:41:21+00:00,12106,19686,175,37,False,0.010769074469165904,201.8,180_plus,2022,2022-04,1453,13.55
6pWCJYksH2g,UCB9zFd3_X5A9XAxeHBIjudQ,Unexpectables,small,Pasta La Vista | The Unexpectables | Episode 86 | D&D 5e,2022-04-14 02:41:18+00:00,12675,13127,170,25,False,0.014854879256494249,211.2,180_plus,2022,2022-04,1453,9.03
VuI6_AP8ct8,UCB9zFd3_X5A9XAxeHBIjudQ,Unexpectables,small,Nevermore | The Unexpectables | Episode 85 | D&D 5e,2022-04-14 02:41:16+00:00,14836,10022,175,26,False,0.02005587707044502,247.3,180_plus,2022,2022-04,1453,6.9
N7Sm_U1WxT0,UCB9zFd3_X5A9XAxeHBIjudQ,Unexpectables,small,Bard Room Blitz | The Unexpectables | Episode 84 | D&D 5e,2022-04-14 02:41:13+00:00,12621,13848,178,24,False,0.014586943963027153,210.4,180_plus,2022,2022-04,1453,9.53
AuTFRqzMwHo,UCB9zFd3_X5A9XAxeHBIjudQ,Unexpectables,small,I Smell A Rat | The Unexpectables | Episode 83 | D&D 5e,2022-04-14 02:41:10+00:00,12300,11963,177,21,False,0.016551032349745046,205.0,180_plus,2022,2022-04,1453,8.23
7FmgmQvqeLg,UCB9zFd3_X5A9XAxeHBIjudQ,Unexpectables,small,Law and Orun | The Unexpectables | Episode 82 | D&D 5e,2022-04-14 02:41:07+00:00,14551,10474,179,17,False,0.018713003628031317,242.5,180_plus,2022,2022-04,1453,7.21
zxMpDK88mG4,UCB9zFd3_X5A9XAxeHBIjudQ,Unexpectables,small,A night to forget | The Unexpectables | Episode 81 | D&D 5e,2022-04-14 02:41:04+00:00,15062,12319,186,24,False,0.017046838217387776,251.0,180_plus,2022,2022-04,1453,8.48
uMcW0whOYzY,UCB9zFd3_X5A9XAxeHBIjudQ,Unexpectables,small,Super Smashed Bros | The Unexpectables | Episode 80 | D&D 5e,2022-04-14 02:41:02+00:00,13013,25465,194,27,False,0.008678578440997448,216.9,180_plus,2022,2022-04,1453,17.53
mWCL7YMj99o,UCB9zFd3_X5A9XAxeHBIjudQ,Unexpectables,small,Plucking at the Heart Strings | The Unexpectables | Episode 79 | D&D 5e,2022-04-14 02:40:47+00:00,13774,21029,198,20,False,0.010366636549526844,229.6,180_plus,2022,2022-04,1453,14.47
qe_HAcV_Vmg,UCB9zFd3_X5A9XAxeHBIjudQ,Unexpectables,small,"and now, your moment of Zen | The Unexpectables | Episode 78 | D&D 5e",2022-04-14 02:40:44+00:00,12895,10345,188,18,False,0.019913001449975834,214.9,180_plus,2022,2022-04,1453,7.12
cQqTMiRlGu8,UCB9zFd3_X5A9XAxeHBIjudQ,Unexpectables,small,The Afterparty | The Unexpectables | Episode 77 | D&D 5e,2022-04-14 02:40:42+00:00,11748,9160,176,14,False,0.02074235807860262,195.8,180_plus,2022,2022-04,1453,6.3
W3_FQ9mOs70,UCB9zFd3_X5A9XAxeHBIjudQ,Unexpectables,small,Flame War | The Unexpectables | Episode 76 | D&D 5e,2022-04-14 02:40:38+00:00,16449,10986,214,34,False,0.022574185326779538,274.2,180_plus,2022,2022-04,1453,7.56
WfudVfFhhx0,UCB9zFd3_X5A9XAxeHBIjudQ,Unexpectables,small,Plan Bees | The Unexpectables | Episode 75 | D&D 5e,2022-04-14 02:40:35+00:00,12785,10821,184,23,False,0.019129470474078182,213.1,180_plus,2022,2022-04,1453,7.45
wysu2tbSQ5g,UCB9zFd3_X5A9XAxeHBIjudQ,Unexpectables,small,Blame It On Orun G | The Unexpectables | Episode 74 | D&D 5e,2022-04-14 02:40:32+00:00,12010,9164,171,15,False,0.0202968136185072,200.2,180_plus,2022,2022-04,1453,6.31
ACSY_dXOOIU,UCB9zFd3_X5A9XAxeHBIjudQ,Unexpectables,small,Dragon Appreciation Day | The Unexpectables | Episode 73 | D&D 5e,2022-04-14 02:40:30+00:00,12291,10498,177,11,False,0.01790817298533054,204.8,180_plus,2022,2022-04,1453,7.23
0464RFstWwU,UCB9zFd3_X5A9XAxeHBIjudQ,Unexpectables,small,Tactics & Tanneruks | The Unexpectables | Episode 72 | D&D 5e,2022-04-14 02:40:27+00:00,12195,9972,183,16,False,0.0199558764540714,203.2,180_plus,2022,2022-04,1453,6.86
wCEz5l2u39s,UCB9zFd3_X5A9XAxeHBIjudQ,Unexpectables,small,The Deep End | The Unexpectables | Episode 71 | D&D 5e,2022-04-14 02:40:25+00:00,11314,9350,169,22,False,0.020427807486631016,188.6,180_plus,2022,2022-04,1453,6.43
dYpkeSrgdF0,UCB9zFd3_X5A9XAxeHBIjudQ,Unexpectables,small,Hell and High Water | The Unexpectables | Episode 70 | D&D 5e,2022-04-14 02:40:22+00:00,10213,8652,170,8,False,0.020573277854831252,170.2,120_to_180,2022,2022-04,1453,5.95
THPryLXiTO4,UCB9zFd3_X5A9XAxeHBIjudQ,Unexpectables,small,Rockin' the Boat | The Unexpectables | Episode 69 | D&D 5e,2022-04-14 02:40:20+00:00,11307,10001,189,48,False,0.023697630236976304,188.4,180_plus,2022,2022-04,1453,6.88
vA-7FLky0ag,UCB9zFd3_X5A9XAxeHBIjudQ,Unexpectables,small,Nautical Nonsense | The Unexpectables | Episode 68 | D&D 5e,2022-04-14 02:40:18+00:00,10342,9046,188,20,False,0.02299358832633208,172.4,120_to_180,2022,2022-04,1453,6.23
MPvMp-2JRdo,UCB9zFd3_X5A9XAxeHBIjudQ,Unexpectables,small,A Sinking Feeling | The Unexpectables | Episode 67 | D&D 5e,2022-04-14 02:40:15+00:00,11256,7587,169,28,False,0.025965467246606037,187.6,180_plus,2022,2022-04,1453,5.22
3Qau6xI43sk,UCB9zFd3_X5A9XAxeHBIjudQ,Unexpectables,small,Quite the Catch | The Unexpectables | Episode 66 | D&D 5e,2022-04-14 02:40:13+00:00,8488,7724,158,20,False,0.023045054375971,141.5,120_to_180,2022,2022-04,1453,5.32
UPYxTDkp7Z8,UCB9zFd3_X5A9XAxeHBIjudQ,Unexpectables,small,Stay a while and listen | The Unexpectables | Episode 65 | D&D 5e,2022-04-14 02:40:10+00:00,9906,10185,171,16,False,0.01836033382425135,165.1,120_to_180,2022,2022-04,1453,7.01
YrnMKhaHbX8,UCB9zFd3_X5A9XAxeHBIjudQ,Unexpectables,small,Legends Collide | The Unexpectables | Episode 64 | D&D 5e,2022-04-14 02:40:07+00:00,9719,11408,181,12,False,0.0169179523141655,162.0,120_to_180,2022,2022-04,1453,7.85
jWp732o6lQw,UCB9zFd3_X5A9XAxeHBIjudQ,Unexpectables,small,Feeling Green | DA KREW | Episode 3 | Rogue Trader,2022-04-14 02:40:04+00:00,15476,3920,82,4,False,0.02193877551020408,257.9,180_plus,2022,2022-04,1453,2.7
7jg9Ytzp8SI,UCB9zFd3_X5A9XAxeHBIjudQ,Unexpectables,small,Scions of Scilon | DA KREW | Episode 2 | Rogue Trader,2022-04-14 02:40:01+00:00,10226,3923,90,7,False,0.02472597501911802,170.4,120_to_180,2022,2022-04,1453,2.7
X0K6nHGk7PY,UCB9zFd3_X5A9XAxeHBIjudQ,Unexpectables,small,Grit Ya Teef | DA KREW | Episode 1 | Rogue Trader,2022-04-14 02:39:59+00:00,10975,7954,169,23,False,0.024138798089011818,182.9,180_plus,2022,2022-04,1453,5.47
Bjf-zhZYUTI,UCB9zFd3_X5A9XAxeHBIjudQ,Unexpectables,small,Just Desserts | The Unexpectables | Episode 63 | D&D 5e,2022-04-14 02:39:46+00:00,8935,11486,182,20,False,0.0175866271983284,148.9,120_to_180,2022,2022-04,1453,7.91
HuO9vGVCG7A,UCB9zFd3_X5A9XAxeHBIjudQ,Unexpectables,small,Remy fications | The Unexpectables | Episode 62 | D&D 5e,2022-04-14 02:39:43+00:00,12454,16163,185,22,False,0.012807028398193405,207.6,180_plus,2022,2022-04,1453,11.12
OYl351fwl1E,UCB9zFd3_X5A9XAxeHBIjudQ,Unexpectables,small,Breaking the Ice | The Unexpectables | Episode 61 | D&D 5e,2022-04-14 02:39:41+00:00,12817,12811,186,22,False,0.01623604714698306,213.6,180_plus,2022,2022-04,1453,8.82
nma7iM0cB-k,UCB9zFd3_X5A9XAxeHBIjudQ,Unexpectables,small,Ain't No Mountain High Enough | The Unexpectables | Episode 60 | D&D 5e,2022-04-14 02:39:38+00:00,11400,11676,183,23,False,0.01764302843439534,190.0,180_plus,2022,2022-04,1453,8.04
2HZL_WOKCv4,UCB9zFd3_X5A9XAxeHBIjudQ,Unexpectables,small,Cruel Runnings | The Unexpectables | Episode 59 | D&D 5e,2022-04-14 02:39:36+00:00,8752,11124,186,20,False,0.018518518518518517,145.9,120_to_180,2022,2022-04,1453,7.66
4VmfsaCPjoo,UCB9zFd3_X5A9XAxeHBIjudQ,Unexpectables,small,Of Monster's and Men | The Unexpectables | Episode 58 | D&D 5e,2022-04-14 02:39:32+00:00,10329,10841,176,16,False,0.017710543307812934,172.2,120_to_180,2022,2022-04,1453,7.46
2pxMg79L834,UCB9zFd3_X5A9XAxeHBIjudQ,Unexpectables,small,"Shrugs, Flubs, and Shrubs | The Unexpectables | Episode 57 | D&D 5e",2022-04-14 02:39:30+00:00,11773,13725,185,7,False,0.013989071038251366,196.2,180_plus,2022,2022-04,1453,9.45
CrbCmkXk4ZE,UCB9zFd3_X5A9XAxeHBIjudQ,Unexpectables,small,Ranger Danger | The Unexpectables | Episode 56 | D&D 5e,2022-04-14 02:39:27+00:00,14252,39749,207,24,False,0.005811466955143525,237.5,180_plus,2022,2022-04,1453,27.36
idbsGw_FxHM,UCB9zFd3_X5A9XAxeHBIjudQ,Unexpectables,small,Bird Up | The Unexpectables | Episode 55 | D&D 5e,2022-04-14 02:39:24+00:00,11237,14440,208,21,False,0.015858725761772854,187.3,180_plus,2022,2022-04,1453,9.94
nx73QifFolY,UCB9zFd3_X5A9XAxeHBIjudQ,Unexpectables,small,Dancing Around Our Issues | The Unexpectables | Episode 54 | D&D 5e,2022-04-14 02:39:19+00:00,12063,15245,198,21,False,0.014365365693670055,201.0,180_plus,2022,2022-04,1453,10.49
ZHt2Ln85qjw,UCB9zFd3_X5A9XAxeHBIjudQ,Unexpectables,small,Long Nights Quest | Shadow War | One-Shot Special | D&D 5e,2022-04-14 02:39:16+00:00,17732,2101,54,11,False,0.03093764873869586,295.5,180_plus,2022,2022-04,1453,1.45
ZUO515CM4YQ,UCB9zFd3_X5A9XAxeHBIjudQ,Unexpectables,small,Dragon Force | The Unexpectables | Episode 53 | D&D 5e,2022-04-14 02:39:12+00:00,12956,20268,218,12,False,0.011347937635681864,215.9,180_plus,2022,2022-04,1453,13.95
JZUYKJPOzNc,UCB9zFd3_X5A9XAxeHBIjudQ,Unexpectables,small,Naked Fear | The Unexpectables | Episode 52 | D&D 5e,2022-04-14 02:39:09+00:00,9310,10162,185,27,False,0.020862035032473924,155.2,120_to_180,2022,2022-04,1453,6.99
zUhUebvCMjw,UCB9zFd3_X5A9XAxeHBIjudQ,Unexpectables,small,Slayride | The Unexpectables | Episode 51 | D&D 5e,2022-04-14 02:39:02+00:00,10673,12411,183,24,False,0.016678752719361856,177.9,120_to_180,2022,2022-04,1453,8.54
_UeGcAeWQ90,UCB9zFd3_X5A9XAxeHBIjudQ,Unexpectables,small,Tea Pose | The Unexpectables | Episode 50 | D&D 5e,2022-04-14 02:38:59+00:00,12267,18354,190,25,False,0.011714067778141005,204.4,180_plus,2022,2022-04,1453,12.63
9-j89NgSCT8,UCB9zFd3_X5A9XAxeHBIjudQ,Unexpectables,small,Snow Angel | The Unexpectables | Episode 49 | D&D 5e,2022-04-14 02:38:57+00:00,11520,13217,196,17,False,0.01611560868578346,192.0,180_plus,2022,2022-04,1453,9.1
1YzofFgWSAs,UCB9zFd3_X5A9XAxeHBIjudQ,Unexpectables,small,Oh no! He's Hot | The Unexpectables | Episode 48 | D&D 5e,2022-04-14 02:38:53+00:00,12879,13276,220,15,False,0.017701114793612534,214.6,180_plus,2022,2022-04,1453,9.14
oThvyZdOkLA,UCB9zFd3_X5A9XAxeHBIjudQ,Unexpectables,small,Lightning Never Strikes Twice | The Unexpectables | Episode 47 | D&D 5e,2022-04-14 02:38:50+00:00,12969,24121,204,15,False,0.009079225571079142,216.2,180_plus,2022,2022-04,1453,16.6
P04tVy0CO7Y,UCB9zFd3_X5A9XAxeHBIjudQ,Unexpectables,small,THE BOIZ ARE BACK IN TOWN | The Unexpectables | Episode 46 | D&D 5e,2022-04-14 02:38:46+00:00,12734,30163,212,22,False,0.0077578490203229124,212.2,180_plus,2022,2022-04,1453,20.76
cwlG0__yToo,UCB9zFd3_X5A9XAxeHBIjudQ,Unexpectables,small,The Tables Have Turned | The Unexpectables | Episode 45 | D&D 5e,2022-04-14 02:38:44+00:00,12647,19700,202,22,False,0.011370558375634518,210.8,180_plus,2022,2022-04,1453,13.56
DONZxdJiwoY,UCB9zFd3_X5A9XAxeHBIjudQ,Unexpectables,small,S Series | One-Shot Special | D&D 5e,2022-04-14 02:38:41+00:00,13613,1535,44,6,False,0.03257328990228013,226.9,180_plus,2022,2022-04,1453,1.06
zaz-OM_aGWw,UCB9zFd3_X5A9XAxeHBIjudQ,Unexpectables,small,The Unpredictables | The Unexpectables | One-Shot Special | D&D 5e,2022-04-14 02:38:38+00:00,10585,2648,76,12,False,0.03323262839879154,176.4,120_to_180,2022,2022-04,1453,1.82
8WZAyeZRvfM,UCB9zFd3_X5A9XAxeHBIjudQ,Unexpectables,small,PoultryGeist | The Unexpectables | Episode 44 | D&D 5e,2022-04-14 02:38:35+00:00,12277,10172,178,12,False,0.01867872591427448,204.6,180_plus,2022,2022-04,1453,7.0
gWINX3U7mVI,UCB9zFd3_X5A9XAxeHBIjudQ,Unexpectables,small,Too Many Cooks | The Unexpectables | Episode 43 | D&D 5e,2022-04-14 02:38:32+00:00,11284,8824,180,17,False,0.02232547597461469,188.1,180_plus,2022,2022-04,1453,6.07
4h8sg4Pwjdc,UCB9zFd3_X5A9XAxeHBIjudQ,Unexpectables,small,Oh The Hugh Manity | The Unexpectables | Episode 42 | D&D 5e,2022-04-14 02:38:29+00:00,11814,11178,181,9,False,0.01699767400250492,196.9,180_plus,2022,2022-04,1453,7.69
SADYGtx7k9A,UCB9zFd3_X5A9XAxeHBIjudQ,Unexpectables,small,Flower of Death | The Unexpectables | Episode 41 | D&D 5e,2022-04-14 02:38:26+00:00,12877,12277,203,21,False,0.018245499714914067,214.6,180_plus,2022,2022-04,1453,8.45
rlhiAGjW3OE,UCB9zFd3_X5A9XAxeHBIjudQ,Unexpectables,small,Echoes of War | The Unexpectables | Episode 40 | D&D 5e,2022-04-14 02:38:23+00:00,10384,10168,187,13,False,0.01966955153422502,173.1,120_to_180,2022,2022-04,1453,7.0
-FSF6iXI6As,UCB9zFd3_X5A9XAxeHBIjudQ,Unexpectables,small,WATERLOGGED 2 | The Unexpectables | Episode 39 (Part 2) | D&D 5e,2022-04-14 02:38:20+00:00,1820,5546,122,3,False,0.02253876667868734,30.3,under_60,2022,2022-04,1453,3.82
YAiJsCfOApk,UCB9zFd3_X5A9XAxeHBIjudQ,Unexpectables,small,WATERLOGGED | The Unexpectables | Episode 39 (Part 1) | D&D 5e,2022-04-14 02:38:18+00:00,9280,11206,186,14,False,0.017847581652686063,154.7,120_to_180,2022,2022-04,1453,7.71
GjKPnJoMlb0,UCB9zFd3_X5A9XAxeHBIjudQ,Unexpectables,small,Can You Dig It | The Unexpectables | Episode 38 | D&D 5e,2022-04-14 02:38:15+00:00,12766,15565,226,24,False,0.016061676839061997,212.8,180_plus,2022,2022-04,1453,10.71
k1obrIhClJE,UCB9zFd3_X5A9XAxeHBIjudQ,Unexpectables,small,Butthurt in the sewers | The Unexpectables | Episode 37 | D&D 5e,2022-04-14 02:38:12+00:00,11541,11856,197,28,False,0.018977732793522266,192.4,180_plus,2022,2022-04,1453,8.16
oukeuLh-o7U,UCB9zFd3_X5A9XAxeHBIjudQ,Unexpectables,small,It Boggles The Mind | The Unexpectables | Episode 36 | D&D 5e,2022-04-14 02:38:09+00:00,13405,21940,224,29,False,0.011531449407474931,223.4,180_plus,2022,2022-04,1453,15.1
gXFLpS9AaYs,UCB9zFd3_X5A9XAxeHBIjudQ,Unexpectables,small,Flavors of life | The Unexpectables | Episode 35 | D&D 5e,2022-04-14 02:37:53+00:00,12087,12025,216,28,False,0.02029106029106029,201.4,180_plus,2022,2022-04,1453,8.28
B_vdsIqArBo,UCB9zFd3_X5A9XAxeHBIjudQ,Unexpectables,small,A Giant Performance | The Unexpectables | Episode 34 | D&D 5e,2022-04-14 02:37:50+00:00,10040,9321,211,11,False,0.023817186997103314,167.3,120_to_180,2022,2022-04,1453,6.42
uUIZ69Gp1cU,UCB9zFd3_X5A9XAxeHBIjudQ,Unexpectables,small,SkyJinx | The Unexpectables | Episode 33 | D&D 5e,2022-04-14 02:37:47+00:00,11086,9698,201,16,False,0.02237574757681996,184.8,180_plus,2022,2022-04,1453,6.67
0cfrwfDPJm8,UCB9zFd3_X5A9XAxeHBIjudQ,Unexpectables,small,Curtain Call | The Unexpectables | Episode 32 | D&D 5e,2022-04-14 02:37:45+00:00,11667,13082,216,26,False,0.018498700504510013,194.4,180_plus,2022,2022-04,1453,9.0
Xa1fodOTJak,UCB9zFd3_X5A9XAxeHBIjudQ,Unexpectables,small,Branching Paths & Aching Hearts | The Unexpectables | Episode 31 | D&D 5e,2022-04-14 02:37:42+00:00,14264,43003,231,28,False,0.006022835616119805,237.7,180_plus,2022,2022-04,1453,29.6
IcpSVMSTOuo,UCB9zFd3_X5A9XAxeHBIjudQ,Unexpectables,small,It's Hard To Pocket A Baby | The Unexpectables | Episode 30 | D&D 5e,2022-04-14 02:37:40+00:00,11210,12240,209,18,False,0.018545751633986928,186.8,180_plus,2022,2022-04,1453,8.42
cN19p_iMANU,UCB9zFd3_X5A9XAxeHBIjudQ,Unexpectables,small,Wild Hunt | The Unexpectables | Episode 29 | D&D 5e,2022-04-14 02:37:37+00:00,14750,12975,211,23,False,0.018034682080924857,245.8,180_plus,2022,2022-04,1453,8.93
GVNVw--BS54,UCB9zFd3_X5A9XAxeHBIjudQ,Unexpectables,small,New Friends & Old Enemies | The Unexpectables | Episode 28 | D&D 5e,2022-04-14 02:37:34+00:00,14162,21755,250,41,False,0.013376235348195818,236.0,180_plus,2022,2022-04,1453,14.97
HKrdncEj_38,UCB9zFd3_X5A9XAxeHBIjudQ,Unexpectables,small,Dangerously Cheesy | The Unexpectables | Episode 27 | D&D 5e,2022-04-14 02:37:32+00:00,14855,12828,231,26,False,0.02003429996881821,247.6,180_plus,2022,2022-04,1453,8.83
qRkRk5IaiFo,UCB9zFd3_X5A9XAxeHBIjudQ,Unexpectables,small,A Straightforward Good Time | The Unexpectables | Episode 26 | D&D 5e,2022-04-14 02:37:30+00:00,11717,15247,239,23,False,0.01718370827047944,195.3,180_plus,2022,2022-04,1453,10.49
UdQI27a2yZE,UCB9zFd3_X5A9XAxeHBIjudQ,Unexpectables,small,Homeward Bound | The Unexpectables | Episode 25 | D&D 5e,2022-04-14 02:37:27+00:00,11826,16442,263,44,False,0.018671694441065565,197.1,180_plus,2022,2022-04,1453,11.32
gPIj8x8hhBc,UCB9zFd3_X5A9XAxeHBIjudQ,Unexpectables,small,The Kindness of Strangers | The Unexpectables | Episode 24 | D&D 5e,2022-04-14 02:37:25+00:00,12425,17111,235,25,False,0.015194903863012097,207.1,180_plus,2022,2022-04,1453,11.78
aWdzrzE9FWc,UCB9zFd3_X5A9XAxeHBIjudQ,Unexpectables,small,Fowl Play | The Unexpectables | Episode 23 | D&D 5e,2022-04-14 02:37:22+00:00,12044,20330,248,19,False,0.013133300541072307,200.7,180_plus,2022,2022-04,1453,13.99
7Q3ZnntIv2s,UCB9zFd3_X5A9XAxeHBIjudQ,Unexpectables,small,Down to earth | The Unexpectables | Episode 22 | D&D 5e,2022-04-14 02:37:20+00:00,12139,22457,257,27,False,0.012646390880349112,202.3,180_plus,2022,2022-04,1453,15.46
O_h34SFie0s,UCB9zFd3_X5A9XAxeHBIjudQ,Unexpectables,small,Painful Memories | The Unexpectables | Episode 21 | D&D 5e,2022-04-14 02:37:17+00:00,16282,15337,276,41,False,0.020668970463584794,271.4,180_plus,2022,2022-04,1453,10.56
tD4mP1ihqhs,UCB9zFd3_X5A9XAxeHBIjudQ,Unexpectables,small,The Face in the Attic | The Unexpectables | Episode 20 | D&D 5e,2022-04-14 02:37:15+00:00,13314,35073,263,35,False,0.00849656430872751,221.9,180_plus,2022,2022-04,1453,24.14
NhALBUo_Mwg,UCB9zFd3_X5A9XAxeHBIjudQ,Unexpectables,small,Orun's Folly | The Unexpectables | Episode 19 | D&D 5e,2022-04-14 02:37:12+00:00,16116,14403,250,36,False,0.01985697424147747,268.6,180_plus,2022,2022-04,1453,9.91
gIxEXSAehow,UCB9zFd3_X5A9XAxeHBIjudQ,Unexpectables,small,Initial DnD | The Unexpectables | Episode 18 | D&D 5e,2022-04-14 02:37:01+00:00,12982,18768,266,33,False,0.015931372549019607,216.4,180_plus,2022,2022-04,1453,12.92
LFseoQ8bmzU,UCB9zFd3_X5A9XAxeHBIjudQ,Unexpectables,small,Eggs & gold | The Unexpectables | Episode 17 | D&D 5e,2022-04-14 02:36:58+00:00,13317,17474,257,20,False,0.015852123154400825,222.0,180_plus,2022,2022-04,1453,12.03
6wd-dpyc6Sg,UCB9zFd3_X5A9XAxeHBIjudQ,Unexpectables,small,Good Boi's and Bad Orcs | The Unexpectables | Episode 16 | D&D 5e,2022-04-14 02:36:55+00:00,13922,37312,266,36,False,0.008093910806174958,232.0,180_plus,2022,2022-04,1453,25.68
Jzaqwb0CR28,UCB9zFd3_X5A9XAxeHBIjudQ,Unexpectables,small,The Dog Zone | The Unexpectables | Episode 15 | D&D 5e,2022-04-14 02:36:53+00:00,13902,28373,279,44,False,0.011384062312762133,231.7,180_plus,2022,2022-04,1453,19.53
6GdvzCdzZdw,UCB9zFd3_X5A9XAxeHBIjudQ,Unexpectables,small,A Web Of Troubles | The Unexpectables | Episode 14 | D&D 5e,2022-04-14 02:36:25+00:00,14435,15104,253,31,False,0.018802966101694914,240.6,180_plus,2022,2022-04,1453,10.4
uOCt9wWRa2M,UCB9zFd3_X5A9XAxeHBIjudQ,Unexpectables,small,Tragically Hilarious | The Unexpectables | Episode 12 | D&D 5e,2022-04-14 02:36:23+00:00,11556,18398,288,26,False,0.01706707250788129,192.6,180_plus,2022,2022-04,1453,12.66
1VJ1stwD394,UCB9zFd3_X5A9XAxeHBIjudQ,Unexpectables,small,...and the prom is tomorrow! | The Unexpectables | Episode 11 | D&D 5e,2022-04-14 02:36:20+00:00,11906,18483,284,32,False,0.017096791646377753,198.4,180_plus,2022,2022-04,1453,12.72
U6BhlyQGhmw,UCB9zFd3_X5A9XAxeHBIjudQ,Unexpectables,small,"Breaking, Entering and Breaking | The Unexpectables | Episode 10 | D&D 5e",2022-04-14 02:36:17+00:00,12419,26273,289,39,False,0.012484299470939748,207.0,180_plus,2022,2022-04,1453,18.08
kYQ1qpHo1f0,UCB9zFd3_X5A9XAxeHBIjudQ,Unexpectables,small,The Pit | The Unexpectables | Episode 9 | D&D 5e,2022-04-14 02:36:14+00:00,13127,40549,311,49,False,0.008878147426570322,218.8,180_plus,2022,2022-04,1453,27.91
nh21tUxNHuA,UCB9zFd3_X5A9XAxeHBIjudQ,Unexpectables,small,That which slithers | The Unexpectables | Episode 8 | D&D 5e,2022-04-14 02:36:11+00:00,12475,34979,301,30,False,0.00946282054947254,207.9,180_plus,2022,2022-04,1453,24.07
5dyvIrMV3gI,UCB9zFd3_X5A9XAxeHBIjudQ,Unexpectables,small,"The Shy, the Proud, the Ugly | The Unexpectables | Episode 7 | D&D 5e",2022-04-14 02:36:06+00:00,14334,68009,402,49,False,0.006631475245923333,238.9,180_plus,2022,2022-04,1453,46.81
q8AonRHndy0,UCB9zFd3_X5A9XAxeHBIjudQ,Unexpectables,small,Unexpected Rewards | The Unexpectables | Episode 6 | D&D 5e,2022-04-14 02:35:47+00:00,13896,43002,370,45,False,0.009650713920282777,231.6,180_plus,2022,2022-04,1453,29.6
-Sez7KRSkmQ,UCB9zFd3_X5A9XAxeHBIjudQ,Unexpectables,small,Where the Fault lies | The Unexpectables | Episode 5 (Part 2) | D&D 5e,2022-04-14 02:35:44+00:00,6049,21039,262,21,False,0.01345120965825372,100.8,60_to_120,2022,2022-04,1453,14.48
K4zKvTHwuOw,UCB9zFd3_X5A9XAxeHBIjudQ,Unexpectables,small,Where the Fault lies | The Unexpectables | Episode 5 (Part 1) | D&D 5e,2022-04-14 02:35:41+00:00,4470,21943,278,19,False,0.013535068131066854,74.5,60_to_120,2022,2022-04,1453,15.1
jLnmWbo1JfI,UCB9zFd3_X5A9XAxeHBIjudQ,Unexpectables,small,Bloody Cultists! | The Unexpectables | Episode 4 | D&D 5e,2022-04-14 02:35:34+00:00,11220,24821,394,25,False,0.016880867007775673,187.0,180_plus,2022,2022-04,1453,17.08
lnlBcNaRHJg,UCB9zFd3_X5A9XAxeHBIjudQ,Unexpectables,small,Wildlife Halflife | The Unexpectables | Episode 3 | D&D 5e,2022-04-14 02:35:29+00:00,9133,22078,367,21,False,0.01757405562098016,152.2,120_to_180,2022,2022-04,1453,15.19
h4m5s2U3RLY,UCB9zFd3_X5A9XAxeHBIjudQ,Unexpectables,small,A Thieve's Trail | The Unexpectables | Episode 2 | D&D 5e,2022-04-14 02:35:25+00:00,13642,55191,558,56,False,0.011125002264862025,227.4,180_plus,2022,2022-04,1453,37.98
xJsaONDfYUc,UCB9zFd3_X5A9XAxeHBIjudQ,Unexpectables,small,Welcome to Alivast! | The Unexpectables | Episode 1 | D&D 5e,2022-04-14 02:35:00+00:00,10099,111166,1617,211,False,0.016443876724897902,168.3,120_to_180,2022,2022-04,1453,76.51
kj8ncGVr2Ls,UCB9zFd3_X5A9XAxeHBIjudQ,Unexpectables,small,Strife in the Sharpwoods | Shadow War | One-Shot Special | D&D 5e,2022-04-12 02:52:12+00:00,18096,2331,55,10,False,0.027885027885027884,301.6,180_plus,2022,2022-04,1454,1.6
beSG1rC6PjA,UCB9zFd3_X5A9XAxeHBIjudQ,Unexpectables,small,Gateway   Episode 14  Sh Boom,2022-04-11 23:24:23+00:00,13026,24348,144,18,False,0.00665352390340069,217.1,180_plus,2022,2022-04,1455,16.73
wMcSd0UxqV0,UChvmHyl5CVxV8--0qU5e9xQ,VibeCheckDND,small,Terror Time D&D: Ep. 5 PANIC IN THE ATTIC 【Animated Curse of Strahd Campaign】,2025-12-27 18:00:06+00:00,1221,32784,2752,336,False,0.09419228892142509,20.4,under_60,2025,2025-12,99,331.15
QPIYoYz-hdM,UChvmHyl5CVxV8--0qU5e9xQ,VibeCheckDND,small,Terror Time D&D: Ep. 4 THE DEATH HOUSE 【Animated Curse of Strahd Campaign】,2025-10-25 18:30:06+00:00,2757,54771,3543,472,False,0.07330521626408136,46.0,under_60,2025,2025-10,162,338.09
47pa4oFkueQ,UChvmHyl5CVxV8--0qU5e9xQ,VibeCheckDND,small,Channel Update | VTUBER ANNOUNCEMENT,2025-06-07 22:50:27+00:00,391,42275,3701,257,False,0.09362507392075695,6.5,under_60,2025,2025-06,302,139.98
Bu5ETvdZGDg,UChvmHyl5CVxV8--0qU5e9xQ,VibeCheckDND,small,Terror Time D&D: Ep. 3 WELCOME TO BAROVIA【Animated Curse of Strahd Campaign】,2024-10-05 19:00:31+00:00,2400,118225,6449,625,False,0.05983506026644111,40.0,under_60,2024,2024-10,547,216.13
-DuooEiWC_8,UChvmHyl5CVxV8--0qU5e9xQ,VibeCheckDND,small,Terror Time D&D: Ep. 2 A DIRE SITUATION 【Animated Curse of Strahd Campaign】,2024-05-18 16:31:06+00:00,1863,117056,6476,601,False,0.0604582422088573,31.0,under_60,2024,2024-05,687,170.39
n4CkUrotRKA,UChvmHyl5CVxV8--0qU5e9xQ,VibeCheckDND,small,Terror Time D&D: Ep. 1 FRIEND PARTY【Animated Curse of Strahd Campaign】,2024-02-03 17:00:44+00:00,2508,409293,18738,1080,False,0.04842008048024276,41.8,under_60,2024,2024-02,792,516.78
LPg7XTToqeM,UCssTrx7qnoG5ufeBEF4dezg,Just Roll With It,small,Freezing Order (Riptide 124),2026-03-28 17:30:07+00:00,7070,15660,1328,163,False,0.09521072796934867,117.8,60_to_120,2026,2026-03,8,1957.5
iIqnqNMUViM,UCssTrx7qnoG5ufeBEF4dezg,Just Roll With It,small,Tidestrider v. Bubbletrench (Riptide 123),2026-03-14 21:38:01+00:00,9440,24779,1653,166,False,0.07340893498526979,157.3,120_to_180,2026,2026-03,22,1126.32
UQkw5j5-GWA,UCssTrx7qnoG5ufeBEF4dezg,Just Roll With It,small,I Forced My Friends To Play Anime D&D,2026-02-28 23:31:25+00:00,6341,162949,9408,552,False,0.061123418983853844,105.7,60_to_120,2026,2026-02,36,4526.36
Ntom71LA1mk,UCssTrx7qnoG5ufeBEF4dezg,Just Roll With It,small,Modify Memory (Riptide 122),2026-02-22 06:07:28+00:00,4976,23516,1609,156,False,0.07505528151046097,82.9,60_to_120,2026,2026-02,42,559.9
xGjHYUYQ7Y8,UCssTrx7qnoG5ufeBEF4dezg,Just Roll With It,small,D&D But Our Stats Are 1,2026-02-19 06:36:00+00:00,10809,649011,31970,1360,False,0.051355061778613924,180.2,180_plus,2026,2026-02,45,14422.47
M9ARDAr6P9o,UCssTrx7qnoG5ufeBEF4dezg,Just Roll With It,small,"""You Take 317 Damage"" (Riptide 121)",2026-02-08 00:00:20+00:00,6640,26987,1816,170,False,0.07359098825360359,110.7,60_to_120,2026,2026-02,57,473.46
gMrdEAUixh0,UCssTrx7qnoG5ufeBEF4dezg,Just Roll With It,small,NEVER Run an Underwater D&D Session (Riptide 120),2026-01-25 00:00:51+00:00,8463,39669,2258,233,False,0.06279462552622955,141.0,120_to_180,2026,2026-01,71,558.72
3cm5d2XU9ag,UCssTrx7qnoG5ufeBEF4dezg,Just Roll With It,small,We Added a New Player to Our D&D Game (Riptide 119),2026-01-11 05:00:04+00:00,6300,49936,2658,274,False,0.058715155398910604,105.0,60_to_120,2026,2026-01,84,594.48
SRUiEvH8-b8,UCssTrx7qnoG5ufeBEF4dezg,Just Roll With It,small,My Grandma Cast Fireball (Riptide 118),2025-12-20 19:00:34+00:00,7609,31041,2061,220,False,0.07348345736284269,126.8,120_to_180,2025,2025-12,106,292.84
JiHK88JE5yI,UCssTrx7qnoG5ufeBEF4dezg,Just Roll With It,small,We Never Should Have Split Our D&D Party (Riptide 117),2025-12-06 19:00:32+00:00,6582,40501,2392,312,False,0.06676378361028122,109.7,60_to_120,2025,2025-12,120,337.51
yTPTd6nSE9o,UCssTrx7qnoG5ufeBEF4dezg,Just Roll With It,small,We Met the Final Boss of Our D&D Campaign (Riptide 116),2025-11-22 19:00:59+00:00,11657,149389,8398,1193,False,0.0642015141677098,194.3,180_plus,2025,2025-11,134,1114.84
nCp1egc8kww,UCssTrx7qnoG5ufeBEF4dezg,Just Roll With It,small,I Forced My Friends to play D&D's Worst-Rated Adventure,2025-11-01 19:00:52+00:00,12330,1453029,67109,2863,False,0.0481559555934534,205.5,180_plus,2025,2025-11,155,9374.38
nkEH4npdvY4,UCssTrx7qnoG5ufeBEF4dezg,Just Roll With It,small,I Forced D&D Players to Try the Scariest Horror RPG,2025-10-18 18:55:53+00:00,9830,774145,33180,1378,False,0.044640215980210424,163.8,120_to_180,2025,2025-10,169,4580.74
KkF3ysQRQcE,UCssTrx7qnoG5ufeBEF4dezg,Just Roll With It,small,Humanity's Weakness | Total Monster Kill #6,2025-10-11 22:00:06+00:00,10236,22559,1023,118,False,0.0505784830887894,170.6,120_to_180,2025,2025-10,176,128.18
LliWvUzOjTQ,UCssTrx7qnoG5ufeBEF4dezg,Just Roll With It,small,Natural Selection | Total Monster Kill #5,2025-10-04 18:00:06+00:00,5253,13749,882,94,False,0.07098698087133609,87.6,60_to_120,2025,2025-10,183,75.13
jsI1MN6yEVI,UCssTrx7qnoG5ufeBEF4dezg,Just Roll With It,small,A Bad Egg | Total Monster Kill #4,2025-09-29 18:00:06+00:00,6469,14588,993,74,False,0.07314230874691527,107.8,60_to_120,2025,2025-09,188,77.6
s2IA1MHpEPw,UCssTrx7qnoG5ufeBEF4dezg,Just Roll With It,small,Bad Will Hunting | Total Monster Kill #3,2025-09-20 23:01:12+00:00,6200,18035,1118,88,False,0.06686997504851677,103.3,60_to_120,2025,2025-09,197,91.55
uxBU8ADfx8o,UCssTrx7qnoG5ufeBEF4dezg,Just Roll With It,small,The Horned Primate | Total Monster Kill #2,2025-09-13 18:00:06+00:00,9286,27137,1343,94,False,0.05295353207797472,154.8,120_to_180,2025,2025-09,204,133.02
5sl5X1fbros,UCssTrx7qnoG5ufeBEF4dezg,Just Roll With It,small,The Dragon's Egg | Total Monster Kill #1,2025-09-06 18:00:06+00:00,6194,68120,3444,282,False,0.054697592483852024,103.2,60_to_120,2025,2025-09,211,322.84
Auw_wDtisck,UCssTrx7qnoG5ufeBEF4dezg,Just Roll With It,small,We're So Back | Wonderlust #29 (FINALE),2025-08-02 18:08:33+00:00,11888,49263,2987,500,False,0.07078334652782006,198.1,180_plus,2025,2025-08,246,200.26
ut-BM2NuGh8,UCssTrx7qnoG5ufeBEF4dezg,Just Roll With It,small,It's So Over | Wonderlust #28,2025-07-14 02:37:21+00:00,5134,30870,2063,194,False,0.07311305474570781,85.6,60_to_120,2025,2025-07,266,116.05
D_q4J_ny4IY,UCssTrx7qnoG5ufeBEF4dezg,Just Roll With It,small,Payback | Wonderlust #27,2025-06-29 00:00:22+00:00,7996,39532,2197,208,False,0.06083679044824446,133.3,120_to_180,2025,2025-06,281,140.68
9CzfRPKCl7A,UCssTrx7qnoG5ufeBEF4dezg,Just Roll With It,small,Little Runt | Wonderlust #26,2025-06-14 16:00:13+00:00,5364,32711,2200,222,False,0.07404237106783651,89.4,60_to_120,2025,2025-06,295,110.88
c2jAyhmY5s0,UCssTrx7qnoG5ufeBEF4dezg,Just Roll With It,small,Losing ground | Wonderlust #25,2025-05-31 18:00:39+00:00,9270,44068,2415,239,False,0.060225106653353906,154.5,120_to_180,2025,2025-05,309,142.61
RD2K46jNiQs,UCssTrx7qnoG5ufeBEF4dezg,Just Roll With It,small,Extraordinary | Wonderlust #24,2025-05-17 17:30:10+00:00,5091,33601,2396,240,False,0.07845004612957948,84.8,60_to_120,2025,2025-05,323,104.03
KlbxuN-zrNc,UCssTrx7qnoG5ufeBEF4dezg,Just Roll With It,small,Small World | Wonderlust #23,2025-05-03 16:00:25+00:00,6656,39378,2519,258,False,0.07052161105185636,110.9,60_to_120,2025,2025-05,337,116.85
EWYaXUwXH3c,UCssTrx7qnoG5ufeBEF4dezg,Just Roll With It,small,My Fellow Wonderians | Wonderlust #22,2025-04-05 16:00:14+00:00,8388,49426,2620,216,False,0.057378707562821187,139.8,120_to_180,2025,2025-04,365,135.41
iaUxOw7bPTQ,UCssTrx7qnoG5ufeBEF4dezg,Just Roll With It,small,ROCKFIGHT! | Wonderlust #21,2025-03-22 19:00:37+00:00,7618,42539,2671,254,False,0.06876043160393991,127.0,120_to_180,2025,2025-03,379,112.24
sjUoMMqZJgU,UCssTrx7qnoG5ufeBEF4dezg,Just Roll With It,small,The Inventor | Wonderlust #20,2025-03-15 16:00:57+00:00,6132,39766,2392,250,False,0.06643866619725393,102.2,60_to_120,2025,2025-03,386,103.02
DdddFS0GblU,UCssTrx7qnoG5ufeBEF4dezg,Just Roll With It,small,Hourglass | Wonderlust #19,2025-03-08 23:00:13+00:00,5326,40008,2369,197,False,0.0641371725654869,88.8,60_to_120,2025,2025-03,393,101.8
Jtrybu0Q8tw,UCssTrx7qnoG5ufeBEF4dezg,Just Roll With It,small,Small Thinking  | Wonderlust #18,2025-03-01 17:00:31+00:00,4259,34753,2393,218,False,0.07513020458665438,71.0,60_to_120,2025,2025-03,400,86.88
5aIMSsFDUfY,UCssTrx7qnoG5ufeBEF4dezg,Just Roll With It,small,A Helping Hand | Wonderlust #17,2025-02-22 17:00:05+00:00,5673,41402,2542,226,False,0.0668566735906478,94.6,60_to_120,2025,2025-02,407,101.72
0D9qxdzetnY,UCssTrx7qnoG5ufeBEF4dezg,Just Roll With It,small,Cogtopolis | Wonderlust #16,2025-02-08 17:00:02+00:00,5554,49425,2776,302,False,0.06227617602427921,92.6,60_to_120,2025,2025-02,421,117.4
lx5bb4bhyqE,UCssTrx7qnoG5ufeBEF4dezg,Just Roll With It,small,Odyssey | Wonderlust #15,2025-01-25 17:00:48+00:00,4474,42144,3190,293,False,0.08264521640091116,74.6,60_to_120,2025,2025-01,435,96.88
LpcoFET8028,UCssTrx7qnoG5ufeBEF4dezg,Just Roll With It,small,A Heroes Journey | Wonderlust #14,2025-01-11 17:00:19+00:00,4927,49994,2983,275,False,0.06516782013841661,82.1,60_to_120,2025,2025-01,449,111.35
JoQGY34Uea8,UCssTrx7qnoG5ufeBEF4dezg,Just Roll With It,small,Grandpa | Wonderlust #13,2024-12-21 17:00:26+00:00,5689,59224,3305,367,False,0.062001891125219505,94.8,60_to_120,2024,2024-12,470,126.01
jBnrEAf4fLo,UCssTrx7qnoG5ufeBEF4dezg,Just Roll With It,small,The Harrowed Mountains | Wonderlust #12,2024-12-07 17:00:42+00:00,5304,55090,3365,279,False,0.0661463060446542,88.4,60_to_120,2024,2024-12,484,113.82
3D65U17lTPM,UCssTrx7qnoG5ufeBEF4dezg,Just Roll With It,small,Time Runs Out | Wonderlust #11,2024-11-23 17:00:02+00:00,5720,58496,3535,325,False,0.06598741794310722,95.3,60_to_120,2024,2024-11,498,117.46
fCremTx5Qlo,UCssTrx7qnoG5ufeBEF4dezg,Just Roll With It,small,In a Pinch | Wonderlust #10,2024-11-09 21:00:22+00:00,4863,53478,3537,385,False,0.07333856913123153,81.0,60_to_120,2024,2024-11,512,104.45
qkmZ_G7wQzg,UCssTrx7qnoG5ufeBEF4dezg,Just Roll With It,small,A Wonderful Heist | Wonderlust #9,2024-10-26 23:00:32+00:00,4368,60007,3502,251,False,0.06254270335127568,72.8,60_to_120,2024,2024-10,526,114.08
V6IwrMVZvjA,UCssTrx7qnoG5ufeBEF4dezg,Just Roll With It,small,Return to Wonder | Wonderlust #8,2024-10-12 18:05:23+00:00,5162,65277,4075,355,False,0.06786463838718078,86.0,60_to_120,2024,2024-10,540,120.88
xjUYNZ4HXX8,UCssTrx7qnoG5ufeBEF4dezg,Just Roll With It,small,Left Behind | Wonderlust #7,2024-09-28 16:00:58+00:00,3468,54595,3749,208,False,0.07247916475867754,57.8,under_60,2024,2024-09,554,98.55
oC8IK48s56U,UCssTrx7qnoG5ufeBEF4dezg,Just Roll With It,small,Did I Stutter? | Wonderlust #6,2024-09-14 16:00:48+00:00,3720,63239,4203,269,False,0.07071585572194374,62.0,60_to_120,2024,2024-09,568,111.34
99Cv_5fIlVo,UCssTrx7qnoG5ufeBEF4dezg,Just Roll With It,small,Oasis Flora | Wonderlust #5,2024-08-31 18:00:08+00:00,5512,82259,5004,359,False,0.06519651345141565,91.9,60_to_120,2024,2024-08,582,141.34
_tiW_FxC9qY,UCssTrx7qnoG5ufeBEF4dezg,Just Roll With It,small,Arms Race | Wonderlust #4,2024-08-17 18:00:15+00:00,3399,70477,4893,255,False,0.07304510691431247,56.6,under_60,2024,2024-08,596,118.25
b0FFcNaENns,UCssTrx7qnoG5ufeBEF4dezg,Just Roll With It,small,Into The Workshop | Wonderlust #3,2024-08-03 22:55:37+00:00,4576,86310,5921,390,False,0.07312014830263006,76.3,60_to_120,2024,2024-08,610,141.49
EAzQMDLKuQs,UCssTrx7qnoG5ufeBEF4dezg,Just Roll With It,small,The Alcoholosseum | Wonderlust #2,2024-07-21 01:09:04+00:00,3443,87513,6481,395,False,0.07857118370984882,57.4,under_60,2024,2024-07,624,140.25
ttRcVMZkIU4,UCssTrx7qnoG5ufeBEF4dezg,Just Roll With It,small,One Man's Trash | Wonderlust #1,2024-07-07 02:16:36+00:00,8490,291564,15340,1090,False,0.05635126421643276,141.5,120_to_180,2024,2024-07,638,457.0
fexBduOqGoY,UCssTrx7qnoG5ufeBEF4dezg,Just Roll With It,small,The Unseen One | THE SUCKENING #5,2024-01-27 18:00:19+00:00,11368,80532,3653,347,False,0.049669696518154276,189.5,180_plus,2024,2024-01,799,100.79
MyQJHybt7es,UCssTrx7qnoG5ufeBEF4dezg,Just Roll With It,small,Elysium | THE SUCKENING #4,2024-01-13 20:00:08+00:00,8873,79618,3814,266,False,0.051244693411037705,147.9,120_to_180,2024,2024-01,813,97.93
M9ig9XCUrvU,UCssTrx7qnoG5ufeBEF4dezg,Just Roll With It,small,The Last Chapter | Just Roll With It #115,2023-12-23 19:00:07+00:00,7564,90166,3988,612,False,0.05101701306479161,126.1,120_to_180,2023,2023-12,834,108.11
HSCz0-0asqY,UCssTrx7qnoG5ufeBEF4dezg,Just Roll With It,small,Riptide Original Soundtrack - Vol. 2,2023-12-20 18:06:42+00:00,4595,12161,949,87,False,0.08519036263465175,76.6,60_to_120,2023,2023-12,837,14.53
V7wR6JOhRlg,UCssTrx7qnoG5ufeBEF4dezg,Just Roll With It,small,Welcome To Your New Unlife | THE SUCKENING #3,2023-12-16 20:00:09+00:00,7206,84945,4236,220,False,0.05245747248219436,120.1,120_to_180,2023,2023-12,841,101.0
xQN1m7tkxOI,UCssTrx7qnoG5ufeBEF4dezg,Just Roll With It,small,Still Not Ferin Well | Just Roll With It #114,2023-12-09 19:00:09+00:00,12693,97992,4196,565,False,0.048585598824393825,211.6,180_plus,2023,2023-12,848,115.56
vGTJQLgro5s,UCssTrx7qnoG5ufeBEF4dezg,Just Roll With It,small,A Beginner's Guide to Unlife | THE SUCKENING #2,2023-12-02 17:04:12+00:00,7497,102108,5518,333,False,0.05730207231558742,125.0,120_to_180,2023,2023-12,855,119.42
2nFVBxMZWzE,UCssTrx7qnoG5ufeBEF4dezg,Just Roll With It,small,Dark Puckered Hole | Just Roll With It #113,2023-11-25 21:00:01+00:00,7018,71617,3842,479,False,0.06033483670078334,117.0,60_to_120,2023,2023-11,862,83.08
lq6wqujrgbU,UCssTrx7qnoG5ufeBEF4dezg,Just Roll With It,small,Kindred Spirits | THE SUCKENING #1,2023-11-18 18:00:08+00:00,9405,225272,11162,612,False,0.05226570545829042,156.8,120_to_180,2023,2023-11,869,259.23
oAPJovxBG8s,UCssTrx7qnoG5ufeBEF4dezg,Just Roll With It,small,Light in the Dark | Just Roll With It #112,2023-10-29 16:00:11+00:00,5823,52012,3274,247,False,0.06769591632700146,97.0,60_to_120,2023,2023-10,889,58.51
WoTvjFdnNQE,UCssTrx7qnoG5ufeBEF4dezg,Just Roll With It,small,THE GOAT | Just Roll With It #111,2023-10-14 19:00:11+00:00,6743,56748,3028,211,False,0.05707690138859519,112.4,60_to_120,2023,2023-10,904,62.77
dD9QMYqwikM,UCssTrx7qnoG5ufeBEF4dezg,Just Roll With It,small,Desire Daddy | Just Roll With It #110,2023-09-30 19:00:11+00:00,9086,70600,3616,353,False,0.05621813031161473,151.4,120_to_180,2023,2023-09,918,76.91
OeZIVB3MtFw,UCssTrx7qnoG5ufeBEF4dezg,Just Roll With It,small,Fates Worse Than Death | Just Roll With It #109,2023-09-16 19:00:11+00:00,8807,70531,3821,407,False,0.059945272291616454,146.8,120_to_180,2023,2023-09,932,75.68
Coxaxg-irsk,UCssTrx7qnoG5ufeBEF4dezg,Just Roll With It,small,"SUCK IT, WE BALL! | Just Roll With It #108",2023-09-02 19:00:06+00:00,5298,50512,3122,218,False,0.06612290148875515,88.3,60_to_120,2023,2023-09,946,53.4
630yU2ly40s,UCssTrx7qnoG5ufeBEF4dezg,Just Roll With It,small,Widow’s Peak | Just Roll With It #107,2023-08-19 19:00:08+00:00,7055,56537,3182,303,False,0.061641049224401716,117.6,60_to_120,2023,2023-08,960,58.89
341gR45SfsE,UCssTrx7qnoG5ufeBEF4dezg,Just Roll With It,small,Corridor of Chaos | Just Roll With It #106,2023-08-05 19:00:09+00:00,11965,97507,3730,403,False,0.042386700442019545,199.4,180_plus,2023,2023-08,974,100.11
l8vumP_7YCg,UCssTrx7qnoG5ufeBEF4dezg,Just Roll With It,small,The Hollowed | Just Roll With It #105,2023-07-22 19:00:08+00:00,5836,60492,3110,282,False,0.05607353038418303,97.3,60_to_120,2023,2023-07,988,61.23
2M--O6FtsdM,UCssTrx7qnoG5ufeBEF4dezg,Just Roll With It,small,Infrared Laser Beam Canon | Just Roll With It #104,2023-07-08 19:00:08+00:00,8727,87870,3811,441,False,0.048389666552862184,145.4,120_to_180,2023,2023-07,1002,87.69
yb-DjAeral8,UCssTrx7qnoG5ufeBEF4dezg,Just Roll With It,small,The Black Sea | Just Roll With It #103,2023-06-24 19:00:08+00:00,7153,110898,5522,426,False,0.0536348716838897,119.2,60_to_120,2023,2023-06,1016,109.15
QT5eyBdlF-Q,UCssTrx7qnoG5ufeBEF4dezg,Just Roll With It,small,"Happy Wife, Happy Life | Just Roll With It #102",2023-06-10 16:00:10+00:00,6657,84559,3903,311,False,0.04983502643124919,111.0,60_to_120,2023,2023-06,1030,82.1
QL-_QizuqKU,UCssTrx7qnoG5ufeBEF4dezg,Just Roll With It,small,Daughter of Violence | Just Roll With It #101,2023-05-27 21:00:10+00:00,6568,69896,3860,294,False,0.05943115485864713,109.5,60_to_120,2023,2023-05,1044,66.95
wzQqGKZ7qQs,UCssTrx7qnoG5ufeBEF4dezg,Just Roll With It,small,Riptide Original Soundtrack - Vol. 1,2023-05-21 16:00:07+00:00,4352,31815,1814,125,False,0.060946094609460946,72.5,60_to_120,2023,2023-05,1050,30.3
o9LbyG39dc8,UCssTrx7qnoG5ufeBEF4dezg,Just Roll With It,small,Hot Dads in Your Area | Just Roll With It #100,2023-05-18 20:00:09+00:00,12736,112073,5180,587,False,0.05145753214422742,212.3,180_plus,2023,2023-05,1053,106.43
WcAeiuGfLSk,UCssTrx7qnoG5ufeBEF4dezg,Just Roll With It,small,Under New Management | Just Roll With It #99,2023-04-29 21:21:49+00:00,5774,66729,3833,355,False,0.06276131816751337,96.2,60_to_120,2023,2023-04,1072,62.25
dB9nSzjhing,UCssTrx7qnoG5ufeBEF4dezg,Just Roll With It,small,Til The End | Just Roll With It #98,2023-04-15 16:00:25+00:00,7582,76880,4088,415,False,0.058571800208116545,126.4,120_to_180,2023,2023-04,1086,70.79
R3NJtbjfoNo,UCssTrx7qnoG5ufeBEF4dezg,Just Roll With It,small,At What Cost | Just Roll With It #97,2023-04-01 16:00:20+00:00,6584,76722,4210,484,False,0.06118192956387998,109.7,60_to_120,2023,2023-04,1100,69.75
ICTuYVKKM74,UCssTrx7qnoG5ufeBEF4dezg,Just Roll With It,small,Home Inspectre | Just Roll With It #96,2023-03-19 06:52:44+00:00,8158,67064,3073,230,False,0.049251461290707385,136.0,120_to_180,2023,2023-03,1113,60.26
uMjvMhO-8XI,UCssTrx7qnoG5ufeBEF4dezg,Just Roll With It,small,A Date with Destiny | Just Roll With It #95,2023-03-04 17:00:39+00:00,5798,63468,3589,191,False,0.05955757231990925,96.6,60_to_120,2023,2023-03,1128,56.27
Xw0VwrBnVbQ,UCssTrx7qnoG5ufeBEF4dezg,Just Roll With It,small,Back to Zero | Just Roll With It #94,2023-02-18 17:00:45+00:00,7663,74738,3928,337,False,0.05706601728705612,127.7,120_to_180,2023,2023-02,1142,65.44
z_skL8aKy3M,UCssTrx7qnoG5ufeBEF4dezg,Just Roll With It,small,Legend Lore | Just Roll With It #93,2023-02-04 17:00:40+00:00,7683,72854,3758,362,False,0.05655145908254866,128.0,120_to_180,2023,2023-02,1156,63.02
YA1mLDG1QfI,UCssTrx7qnoG5ufeBEF4dezg,Just Roll With It,small,Electrodon | Just Roll With It #92,2023-01-21 17:00:27+00:00,5091,54769,3360,261,False,0.0661140426153481,84.8,60_to_120,2023,2023-01,1170,46.81
rP8WpNXCw9E,UCssTrx7qnoG5ufeBEF4dezg,Just Roll With It,small,You’re It | Just Roll With It #91,2023-01-14 17:00:27+00:00,7388,75920,4124,439,False,0.0601027397260274,123.1,120_to_180,2023,2023-01,1177,64.5
WHM56P4K5QA,UCssTrx7qnoG5ufeBEF4dezg,Just Roll With It,small,21 Ton Salute | Just Roll With It #90,2022-12-18 00:53:07+00:00,5829,75903,4218,448,False,0.061473196052856935,97.2,60_to_120,2022,2022-12,1205,62.99
hVlouw11Dkw,UCssTrx7qnoG5ufeBEF4dezg,Just Roll With It,small,What Lies Beyond | Just Roll With It #89,2022-12-03 16:14:17+00:00,4569,57980,3428,250,False,0.06343566747154192,76.2,60_to_120,2022,2022-12,1219,47.56
-tnGXSDlHDc,UCssTrx7qnoG5ufeBEF4dezg,Just Roll With It,small,Juice Roll With It | Just Roll With It #88,2022-11-19 17:00:00+00:00,6899,73298,3835,484,False,0.05892384512537859,115.0,60_to_120,2022,2022-11,1233,59.45
oARYg7tu2vQ,UCssTrx7qnoG5ufeBEF4dezg,Just Roll With It,small,Swimming in Circles | Just Roll With It #87,2022-11-12 17:26:43+00:00,7886,79003,3914,378,False,0.05432705087148589,131.4,120_to_180,2022,2022-11,1240,63.71
SJL2aufoAFk,UCssTrx7qnoG5ufeBEF4dezg,Just Roll With It,small,The Fish on My Shoulder | Just Roll With It #86,2022-11-05 22:09:04+00:00,10371,105754,4466,583,False,0.047742874973996256,172.8,120_to_180,2022,2022-11,1247,84.81
n67Dd8h458s,UCssTrx7qnoG5ufeBEF4dezg,Just Roll With It,small,Blood in the Bayou - Full Original Soundtrack,2022-10-31 19:00:19+00:00,9051,45067,2572,187,False,0.06121996139081812,150.8,120_to_180,2022,2022-10,1252,36.0
bOOQK3clWcI,UCssTrx7qnoG5ufeBEF4dezg,Just Roll With It,small,A Loan at Sea | Just Roll With It #85,2022-10-29 18:50:51+00:00,3639,53334,3436,266,False,0.06941163235459556,60.6,60_to_120,2022,2022-10,1254,42.53
R6MOTNlcgJk,UCssTrx7qnoG5ufeBEF4dezg,Just Roll With It,small,BLOOD IN THE BAYOU - HOMECOMING | Episode 1,2022-10-23 16:01:56+00:00,7781,268096,13684,582,False,0.05321228216758176,129.7,120_to_180,2022,2022-10,1260,212.77
mU9896wLuIQ,UCssTrx7qnoG5ufeBEF4dezg,Just Roll With It,small,We Need To Talk About The Frog | Just Roll With It #84,2022-10-22 16:00:34+00:00,7842,75979,3924,333,False,0.056028639492491344,130.7,120_to_180,2022,2022-10,1261,60.25
nLgBhVAQTMs,UCssTrx7qnoG5ufeBEF4dezg,Just Roll With It,small,All Hands on Deck | Just Roll With It #83,2022-10-15 16:00:23+00:00,7741,74818,4179,345,False,0.060466732604453476,129.0,120_to_180,2022,2022-10,1268,59.0
G1PlJ_DHbuY,UCssTrx7qnoG5ufeBEF4dezg,Just Roll With It,small,"Moonlight, Storm, and Sea | Just Roll With It #82",2022-10-01 16:00:09+00:00,8474,84812,4607,455,False,0.05968495024289016,141.2,120_to_180,2022,2022-10,1282,66.16
xirBgV0PPFM,UCssTrx7qnoG5ufeBEF4dezg,Just Roll With It,small,All Falls Apart | Just Roll With It #81,2022-09-24 16:02:20+00:00,5101,56795,3995,322,False,0.07601021216656396,85.0,60_to_120,2022,2022-09,1289,44.06
rd86X5lqDnw,UCssTrx7qnoG5ufeBEF4dezg,Just Roll With It,small,The Doctor | Just Roll With It #80,2022-09-17 16:00:33+00:00,6609,67623,3814,300,False,0.06083728908803218,110.2,60_to_120,2022,2022-09,1296,52.18
iSUB8lYPyBk,UCssTrx7qnoG5ufeBEF4dezg,Just Roll With It,small,Regrets & Reflection | Just Roll With It #79,2022-09-10 21:35:15+00:00,6699,80301,4595,417,False,0.06241516294940287,111.6,60_to_120,2022,2022-09,1303,61.63
5X_k7M8YHJU,UCssTrx7qnoG5ufeBEF4dezg,Just Roll With It,small,Welcome to the Jungle | Just Roll With It #78,2022-09-03 19:37:24+00:00,6211,71139,4029,368,False,0.06180857195068809,103.5,60_to_120,2022,2022-09,1310,54.3
Ew4QmetJX_w,UCssTrx7qnoG5ufeBEF4dezg,Just Roll With It,small,Strung Along | Just Roll With It #77,2022-08-06 23:22:39+00:00,7514,80864,4526,354,False,0.06034823901859913,125.2,120_to_180,2022,2022-08,1338,60.44
YRUevpGrAF0,UCssTrx7qnoG5ufeBEF4dezg,Just Roll With It,small,"Uh Oh, Spaghettio. | Just Roll With It #76",2022-07-23 20:33:31+00:00,3989,64218,3902,314,False,0.065651375003893,66.5,60_to_120,2022,2022-07,1352,47.5
jeDNMmjBnCA,UCssTrx7qnoG5ufeBEF4dezg,Just Roll With It,small,"Shattered Worlds, Crossing Fates | Just Roll With It: Apotheosis #1",2022-07-18 16:00:26+00:00,11215,74170,3680,317,False,0.05388971282189565,186.9,180_plus,2022,2022-07,1357,54.66
UiSxY531AoE,UCssTrx7qnoG5ufeBEF4dezg,Just Roll With It,small,A Sticky Situation | Just Roll With It #75,2022-07-16 19:04:46+00:00,6804,87178,4669,381,False,0.05792745876253183,113.4,60_to_120,2022,2022-07,1359,64.15
GRagivptxWk,UCssTrx7qnoG5ufeBEF4dezg,Just Roll With It,small,The Final Episode,2022-07-09 16:44:52+00:00,7396,73507,3960,529,False,0.06106901383541703,123.3,120_to_180,2022,2022-07,1366,53.81
FeG5vq3k36s,UCssTrx7qnoG5ufeBEF4dezg,Just Roll With It,small,The Greatest Improv Show | Just Roll With It #74,2022-07-02 22:43:11+00:00,5481,94874,5058,377,False,0.057286506313637034,91.4,60_to_120,2022,2022-07,1373,69.1
G0UbGF_JsYQ,UCssTrx7qnoG5ufeBEF4dezg,Just Roll With It,small,Oath of Vengeance | Just Roll With It #73,2022-06-25 16:00:07+00:00,5328,76667,4504,428,False,0.06433015508628223,88.8,60_to_120,2022,2022-06,1380,55.56
bdgWEVcDOaE,UCssTrx7qnoG5ufeBEF4dezg,Just Roll With It,small,No Fey Home | Just Roll With It #72,2022-06-17 22:00:28+00:00,4111,69472,4321,282,False,0.06625690925840627,68.5,60_to_120,2022,2022-06,1388,50.05
uaNg66_jKM0,UCssTrx7qnoG5ufeBEF4dezg,Just Roll With It,small,Two Sides to a Coin | Just Roll With It #71,2022-06-11 16:00:34+00:00,6705,83519,5037,414,False,0.06526658604628886,111.8,60_to_120,2022,2022-06,1394,59.91
HkIm_Hy0XnQ,UCssTrx7qnoG5ufeBEF4dezg,Just Roll With It,small,Chip's Worst Nightmare | Just Roll With It #70,2022-05-27 20:00:03+00:00,8373,90625,4169,365,False,0.050030344827586205,139.6,120_to_180,2022,2022-05,1409,64.32
fEH-eDHmzW8,UCssTrx7qnoG5ufeBEF4dezg,Just Roll With It,small,The Greatest Form of Flattery | Just Roll With It #68 Part 2 (ft. Jonah Scott),2022-05-13 20:26:34+00:00,6233,71403,3769,230,False,0.056006050165959415,103.9,60_to_120,2022,2022-05,1423,50.18
M1pgf40ekps,UCssTrx7qnoG5ufeBEF4dezg,Just Roll With It,small,A Stranger at Sea  | Just Roll With It #68 (ft. Jonah Scott),2022-05-06 16:00:11+00:00,5140,73318,3912,225,False,0.05642543440901279,85.7,60_to_120,2022,2022-05,1430,51.27
Ie-sMJmfBn4,UCssTrx7qnoG5ufeBEF4dezg,Just Roll With It,small,A Grimm Finale | Just Roll With It #67,2022-04-22 16:00:19+00:00,9344,85331,4288,443,False,0.05544292226740575,155.7,120_to_180,2022,2022-04,1444,59.09
llsqsE8qpcY,UCssTrx7qnoG5ufeBEF4dezg,Just Roll With It,small,We Let Our Stream DM Our D&D Campaign,2022-04-15 15:17:22+00:00,5836,39375,3060,185,False,0.08241269841269841,97.3,60_to_120,2022,2022-04,1451,27.14
1T148usk1Fs,UCssTrx7qnoG5ufeBEF4dezg,Just Roll With It,small,A Grimm Murder Mystery | Just Roll With It #66,2022-04-01 16:00:00+00:00,8769,92151,4237,406,False,0.05038469468589597,146.2,120_to_180,2022,2022-04,1465,62.9
JJ1SOBAZO5U,UCssTrx7qnoG5ufeBEF4dezg,Just Roll With It,small,Dressed to the Nines | Just Roll With It #65,2022-03-25 20:43:26+00:00,8608,100657,4616,410,False,0.0499319471075037,143.5,120_to_180,2022,2022-03,1472,68.38
RMHI2DQ0xpo,UCssTrx7qnoG5ufeBEF4dezg,Just Roll With It,small,Humble Beginnings | Just Roll With It: Riptide Origins,2022-03-18 22:49:58+00:00,6646,72854,4204,241,False,0.06101243583056524,110.8,60_to_120,2022,2022-03,1479,49.26
8VbA-TC0gV4,UCssTrx7qnoG5ufeBEF4dezg,Just Roll With It,small,The City of Night | Just Roll With It #64,2022-03-04 23:17:57+00:00,7095,90790,4158,285,False,0.04893710761097037,118.2,60_to_120,2022,2022-03,1493,60.81
TF5J6qF4iX8,UCssTrx7qnoG5ufeBEF4dezg,Just Roll With It,small,Farewells | Just Roll With It #63,2022-02-25 21:32:08+00:00,8794,98501,4801,407,False,0.05287255966944498,146.6,120_to_180,2022,2022-02,1500,65.67
QabDSbuNfHI,UCssTrx7qnoG5ufeBEF4dezg,Just Roll With It,small,Chaos and Consequence | Just Roll With It #62,2022-02-18 21:42:36+00:00,8204,89259,4372,429,False,0.053787293158112905,136.7,120_to_180,2022,2022-02,1507,59.23
HcjJOg8EkEI,UCssTrx7qnoG5ufeBEF4dezg,Just Roll With It,small,Super Savvy Sleuthing Slugs  | Just Roll With It #61,2022-02-11 19:11:19+00:00,9853,110241,4682,277,False,0.04498326393991346,164.2,120_to_180,2022,2022-02,1514,72.81
wHF1ZQKCeek,UCssTrx7qnoG5ufeBEF4dezg,Just Roll With It,small,Price is Right | Just Roll With It #60,2022-02-04 20:41:54+00:00,3998,59972,3936,207,False,0.0690822383779097,66.6,60_to_120,2022,2022-02,1521,39.43
64BVY5neZiI,UCssTrx7qnoG5ufeBEF4dezg,Just Roll With It,small,A Price to be Paid | Just Roll With It #59,2022-01-28 16:00:03+00:00,6615,85724,4235,260,False,0.05243572395128552,110.2,60_to_120,2022,2022-01,1528,56.1
gtzmm6Bd2oI,UCssTrx7qnoG5ufeBEF4dezg,Just Roll With It,small,The Tides Between Us  | Just Roll With It #58,2022-01-21 23:00:03+00:00,8633,105451,5135,417,False,0.05265004599292562,143.9,120_to_180,2022,2022-01,1535,68.7
Gy3VDISB3n4,UCssTrx7qnoG5ufeBEF4dezg,Just Roll With It,small,The Hull of the World | Just Roll With It #57,2022-01-14 17:00:17+00:00,7122,99630,5217,419,False,0.05656930643380508,118.7,60_to_120,2022,2022-01,1542,64.61
Jfr_U8gZ-fY,UCssTrx7qnoG5ufeBEF4dezg,Just Roll With It,small,Mystery and Misery | Just Roll With It #56,2022-01-07 17:00:21+00:00,5805,83978,4852,372,False,0.06220676843935316,96.8,60_to_120,2022,2022-01,1549,54.21
1bl5s940Dc0,UCssTrx7qnoG5ufeBEF4dezg,Just Roll With It,small,"Good Cop, Ghost Cop | Just Roll With It: Prime Defenders #5",2021-12-31 17:00:02+00:00,6071,39211,2073,158,False,0.056897299227257656,101.2,60_to_120,2021,2021-12,1556,25.2
gcYBFASn5pM,UCssTrx7qnoG5ufeBEF4dezg,Just Roll With It,small,Heroes Don't Run | Just Roll With It: Prime Defenders #4,2021-12-25 19:26:53+00:00,6765,44932,2162,164,False,0.05176711475117956,112.8,60_to_120,2021,2021-12,1562,28.77
X3TPQJIgzKQ,UCssTrx7qnoG5ufeBEF4dezg,Just Roll With It,small,Ultraviolent Light  | Just Roll With It: Prime Defenders #3,2021-12-18 17:00:16+00:00,5852,51834,2366,172,False,0.048964000463016556,97.5,60_to_120,2021,2021-12,1569,33.04
fViAAgRUVqM,UCssTrx7qnoG5ufeBEF4dezg,Just Roll With It,small,Island of Amalgam | Just Roll With It: Prime Defenders #2,2021-12-10 21:29:47+00:00,6561,74023,3095,200,False,0.044513191845777664,109.4,60_to_120,2021,2021-12,1577,46.94
oSmWRFS5w0o,UCssTrx7qnoG5ufeBEF4dezg,Just Roll With It,small,The New Generation | Just Roll With It: Prime Defenders #1,2021-12-03 19:18:24+00:00,6174,123853,5628,511,False,0.04956682518792439,102.9,60_to_120,2021,2021-12,1584,78.19
C-p5UAadG_4,UCssTrx7qnoG5ufeBEF4dezg,Just Roll With It,small,Till Death Do We Part | Just Roll With It #55,2021-11-19 17:00:18+00:00,5643,78862,4334,313,False,0.058925718343435365,94.0,60_to_120,2021,2021-11,1598,49.35
3X0VVottf7Q,UCssTrx7qnoG5ufeBEF4dezg,Just Roll With It,small,A Dead Man’s Tale (Ft. JoCat) | Just Roll With It #54,2021-11-12 17:00:03+00:00,6717,107304,5055,295,False,0.04985834638037725,112.0,60_to_120,2021,2021-11,1605,66.86
BKPH7MJ05rA,UCssTrx7qnoG5ufeBEF4dezg,Just Roll With It,small,Not Ferin Well | Just Roll With It #53,2021-11-05 16:00:03+00:00,6513,117365,6835,555,False,0.06296596089123674,108.6,60_to_120,2021,2021-11,1612,72.81
MbsyK-5n0cg,UCssTrx7qnoG5ufeBEF4dezg,Just Roll With It,small,Death March  | Just Roll With It #52,2021-10-29 16:00:21+00:00,4524,83398,5452,415,False,0.07034940885872563,75.4,60_to_120,2021,2021-10,1619,51.51
0e_cgv8McWo,UCssTrx7qnoG5ufeBEF4dezg,Just Roll With It,small,The Blistering Trials | Just Roll With It #51,2021-10-22 18:40:54+00:00,5229,90369,4926,299,False,0.05781849970675785,87.2,60_to_120,2021,2021-10,1626,55.58
6IQ-cF-Yxr8,UCssTrx7qnoG5ufeBEF4dezg,Just Roll With It,small,The Block | Just Roll With It #50,2021-10-15 16:43:18+00:00,5846,96327,5044,276,False,0.05522854443717753,97.4,60_to_120,2021,2021-10,1633,58.99
3KPx8hDsW68,UCssTrx7qnoG5ufeBEF4dezg,Just Roll With It,small,The Duke of Everything ft. Jschlatt | Just Roll With It #49,2021-10-08 16:00:03+00:00,6606,179797,8850,411,False,0.05150808967891567,110.1,60_to_120,2021,2021-10,1640,109.63
HoFTOmS3Lng,UCssTrx7qnoG5ufeBEF4dezg,Just Roll With It,small,Shattered Kingdom | Just Roll With It #48,2021-09-24 16:00:08+00:00,6790,95456,5237,374,False,0.05878100905129065,113.2,60_to_120,2021,2021-09,1654,57.71
h_PtXAcbVNI,UCssTrx7qnoG5ufeBEF4dezg,Just Roll With It,small,What Binds Us | Just Roll With It #47,2021-09-17 16:00:19+00:00,7355,108090,5385,400,False,0.053520214635951524,122.6,120_to_180,2021,2021-09,1661,65.08
ttsg3oltNKo,UCssTrx7qnoG5ufeBEF4dezg,Just Roll With It,small,Robot Rumble | Just Roll With It #46,2021-09-10 16:00:24+00:00,5863,87519,5036,300,False,0.060969618025800115,97.7,60_to_120,2021,2021-09,1668,52.47
xpEgldbG3hg,UCssTrx7qnoG5ufeBEF4dezg,Just Roll With It,small,The Perfect Crime | Just Roll With It #45,2021-09-03 16:00:35+00:00,7610,113554,5272,353,False,0.04953590362294591,126.8,120_to_180,2021,2021-09,1675,67.79
gno8mL4cqT0,UCssTrx7qnoG5ufeBEF4dezg,Just Roll With It,small,Blossoming Trust | Just Roll With It #44,2021-08-27 16:00:20+00:00,5821,97214,5006,349,False,0.05508465858826918,97.0,60_to_120,2021,2021-08,1682,57.8
_am1vGWMDdE,UCssTrx7qnoG5ufeBEF4dezg,Just Roll With It,small,City of Steam | Just Roll With It #43,2021-08-20 16:00:25+00:00,6009,99543,5264,343,False,0.05632741629245653,100.2,60_to_120,2021,2021-08,1689,58.94
jMe670LAW5o,UCssTrx7qnoG5ufeBEF4dezg,Just Roll With It,small,The Serpent | Just Roll With It #42,2021-08-13 20:03:24+00:00,6364,101468,5306,311,False,0.05535735404265384,106.1,60_to_120,2021,2021-08,1696,59.83
J47r57UbFks,UCssTrx7qnoG5ufeBEF4dezg,Just Roll With It,small,Growing Pains | Just Roll With It #41,2021-08-02 17:14:44+00:00,3909,79639,4882,294,False,0.06499328218586371,65.2,60_to_120,2021,2021-08,1707,46.65
a6sNyUvSuRo,UCssTrx7qnoG5ufeBEF4dezg,Just Roll With It,small,The Navy’s Armada | Just Roll With It #40,2021-07-30 16:00:00+00:00,3458,72307,4919,243,False,0.07139004522383725,57.6,under_60,2021,2021-07,1710,42.28
K3-reA3AkWQ,UCssTrx7qnoG5ufeBEF4dezg,Just Roll With It,small,A Sea of Red and Gold | Just Roll With It #39,2021-07-26 16:06:29+00:00,3923,77174,4791,233,False,0.06509964495814653,65.4,60_to_120,2021,2021-07,1714,45.03
nSTHVLrmqpQ,UCssTrx7qnoG5ufeBEF4dezg,Just Roll With It,small,The People's Champion (ft. Pokay) | Just Roll With It #38,2021-07-23 16:00:35+00:00,4298,76122,5106,279,False,0.07074170410656577,71.6,60_to_120,2021,2021-07,1717,44.33
RBs8NtwqknI,UCssTrx7qnoG5ufeBEF4dezg,Just Roll With It,small,Indemnification (ft. Pokay) | Just Roll With It #37,2021-07-19 16:16:30+00:00,4034,72880,4681,265,False,0.06786498353457739,67.2,60_to_120,2021,2021-07,1721,42.35
z7EqeWuW58A,UCssTrx7qnoG5ufeBEF4dezg,Just Roll With It,small,The Luxbris Pearl (ft. Pokay) | Just Roll With It #36,2021-07-16 19:59:22+00:00,4610,86844,5017,321,False,0.06146653769978352,76.8,60_to_120,2021,2021-07,1724,50.37
F1aBfhgsVvg,UCssTrx7qnoG5ufeBEF4dezg,Just Roll With It,small,Sign Here (ft. Pokay) | Just Roll With It #35,2021-07-13 16:00:06+00:00,4682,86054,4930,243,False,0.06011341715666907,78.0,60_to_120,2021,2021-07,1727,49.83
zRn1WCD8td8,UCssTrx7qnoG5ufeBEF4dezg,Just Roll With It,small,Wrath of La Alma (ft. Pokay) | Just Roll With It #34,2021-07-09 16:00:38+00:00,4896,83227,5065,283,False,0.06425799319932234,81.6,60_to_120,2021,2021-07,1731,48.08
2NCoAGG11gk,UCssTrx7qnoG5ufeBEF4dezg,Just Roll With It,small,Thunderdome of Destiny (ft. Pokay) | Just Roll With It #33,2021-07-05 16:00:03+00:00,3411,82463,5062,255,False,0.0644774019863454,56.8,under_60,2021,2021-07,1735,47.53
Ng0awUHZwmo,UCssTrx7qnoG5ufeBEF4dezg,Just Roll With It,small,Breaking The Ice | Just Roll With It #32,2021-07-02 17:00:12+00:00,4532,94063,5462,293,False,0.06118239903043705,75.5,60_to_120,2021,2021-07,1738,54.12
phUoVbk-SrI,UCssTrx7qnoG5ufeBEF4dezg,Just Roll With It,small,One Remaining Rose | Just Roll With It #31,2021-06-28 19:35:44+00:00,4590,88220,5537,334,False,0.06654953525277715,76.5,60_to_120,2021,2021-06,1742,50.64
ZvjtpHJJhQY,UCssTrx7qnoG5ufeBEF4dezg,Just Roll With It,small,Jack the Jolly Roger | Just Roll With It #30,2021-06-21 16:00:32+00:00,2808,74735,4947,249,False,0.06952565732253964,46.8,under_60,2021,2021-06,1749,42.73
ENkhUlAL6PY,UCssTrx7qnoG5ufeBEF4dezg,Just Roll With It,small,The Paramount Tournament | Just Roll With It #29,2021-06-18 16:00:07+00:00,4814,96812,5287,298,False,0.0576891294467628,80.2,60_to_120,2021,2021-06,1752,55.26
4sYbqKxq9u0,UCssTrx7qnoG5ufeBEF4dezg,Just Roll With It,small,Making a Splash | Just Roll With It #28,2021-06-14 15:00:03+00:00,3041,80302,5022,252,False,0.06567706906428233,50.7,under_60,2021,2021-06,1756,45.73
L2x0TNKNgjg,UCssTrx7qnoG5ufeBEF4dezg,Just Roll With It,small,The Pirate Code | Just Roll With It #27,2021-06-11 15:00:10+00:00,4540,99752,5603,350,False,0.05967800144358008,75.7,60_to_120,2021,2021-06,1759,56.71
e9_Df8iOvQ4,UCssTrx7qnoG5ufeBEF4dezg,Just Roll With It,small,First Blood | Just Roll With it #26,2021-06-07 18:00:16+00:00,5344,112963,6013,357,False,0.056390145445853954,89.1,60_to_120,2021,2021-06,1763,64.07
XFHVrMAMZB4,UCssTrx7qnoG5ufeBEF4dezg,Just Roll With It,small,The Hole in Your Heart | Just Roll With It #25,2021-06-05 18:00:07+00:00,5007,124827,7200,615,False,0.06260664760027879,83.4,60_to_120,2021,2021-06,1765,70.72
Ex9swp51kFQ,UCssTrx7qnoG5ufeBEF4dezg,Just Roll With It,small,Empress of Malice | Just Roll With It #24,2021-05-28 17:07:13+00:00,4574,98136,5822,326,False,0.06264775413711583,76.2,60_to_120,2021,2021-05,1773,55.35
aX5OqwXHC-U,UCssTrx7qnoG5ufeBEF4dezg,Just Roll With It,small,Downhill Desires | Just Roll With It #23,2021-05-24 16:29:44+00:00,4968,107710,6156,375,False,0.060635038529384455,82.8,60_to_120,2021,2021-05,1777,60.61
6ogRVqpJ5NU,UCssTrx7qnoG5ufeBEF4dezg,Just Roll With It,small,True North | Just Roll With It #22,2021-05-21 16:00:04+00:00,3398,95235,5785,319,False,0.06409408305769937,56.6,under_60,2021,2021-05,1780,53.5
oGPSR0bs8TU,UCssTrx7qnoG5ufeBEF4dezg,Just Roll With It,small,An Act of Love | Just Roll With It #21,2021-05-17 16:12:26+00:00,4497,137772,7527,607,False,0.059039572627239204,75.0,60_to_120,2021,2021-05,1784,77.23
XveXD_6nvio,UCssTrx7qnoG5ufeBEF4dezg,Just Roll With It,small,The Sanctuary | Just Roll With It #20,2021-05-14 16:20:51+00:00,4449,114946,6366,301,False,0.05800114836531937,74.2,60_to_120,2021,2021-05,1787,64.32
3eXDLqMDguQ,UCssTrx7qnoG5ufeBEF4dezg,Just Roll With It,small,The One | Just Roll With It #19,2021-05-10 16:00:01+00:00,4736,117681,6681,395,False,0.060128652883643066,78.9,60_to_120,2021,2021-05,1791,65.71
tE-FpuWJwWs,UCssTrx7qnoG5ufeBEF4dezg,Just Roll With It,small,Striking a Chord | Just Roll With It #18,2021-05-07 16:35:50+00:00,5151,128535,6924,313,False,0.056303730501419846,85.8,60_to_120,2021,2021-05,1794,71.65
7U1H4GMrAZ4,UCssTrx7qnoG5ufeBEF4dezg,Just Roll With It,small,The Siren's Call | Just Roll With It #17,2021-05-03 17:00:03+00:00,4570,129249,7082,370,False,0.05765615207854606,76.2,60_to_120,2021,2021-05,1798,71.88
3o-xP6VgmDM,UCssTrx7qnoG5ufeBEF4dezg,Just Roll With It,small,Fish and Chips | Just Roll With It #16,2021-04-30 15:11:32+00:00,3890,120921,7671,416,False,0.06687837513748646,64.8,60_to_120,2021,2021-04,1801,67.14
IpaWiQQg5Ls,UCssTrx7qnoG5ufeBEF4dezg,Just Roll With It,small,The Chip on My Shoulder | Just Roll With It #15,2021-04-26 16:00:06+00:00,3767,126926,8001,601,False,0.06777177252887509,62.8,60_to_120,2021,2021-04,1805,70.32
2AhIioULkP4,UCssTrx7qnoG5ufeBEF4dezg,Just Roll With It,small,The House Always Wins (ft. Ranboo) | Just Roll With It #14,2021-04-23 17:23:50+00:00,5434,166484,9895,632,False,0.06323130150645107,90.6,60_to_120,2021,2021-04,1808,92.08
Jinjj6c2LjI,UCssTrx7qnoG5ufeBEF4dezg,Just Roll With It,small,Showtime! (ft. Ranboo) | Just Roll With It #13,2021-04-19 15:56:28+00:00,2568,148054,10302,590,False,0.07356775230659084,42.8,under_60,2021,2021-04,1812,81.71
w5AC-scsP2Q,UCssTrx7qnoG5ufeBEF4dezg,Just Roll With It,small,The Endless Game (ft. Ranboo) | Just Roll With It #12,2021-04-16 16:42:53+00:00,4099,328726,25645,1317,False,0.08201967596113481,68.3,60_to_120,2021,2021-04,1815,181.12
6akrn4D8n7U,UCssTrx7qnoG5ufeBEF4dezg,Just Roll With It,small,Return to the Open Sea | Just Roll With It #11,2021-04-12 18:00:01+00:00,4585,149142,7848,370,False,0.05510184924434432,76.4,60_to_120,2021,2021-04,1819,81.99
re7Gcrnfxv4,UCssTrx7qnoG5ufeBEF4dezg,Just Roll With It,small,The Hangover | Just Roll With It #10,2021-04-09 16:00:16+00:00,5599,176631,8824,507,False,0.05282764633614711,93.3,60_to_120,2021,2021-04,1822,96.94
ss312OylZ3E,UCssTrx7qnoG5ufeBEF4dezg,Just Roll With It,small,A Victorious Banquet! | Just Roll With It #9,2021-04-05 20:00:15+00:00,3962,149281,8290,440,False,0.05848031564633142,66.0,60_to_120,2021,2021-04,1826,81.75
wySH6rBUupE,UCssTrx7qnoG5ufeBEF4dezg,Just Roll With It,small,A Hero's Burden | Just Roll With It #8,2021-04-02 17:00:20+00:00,3879,143859,8226,400,False,0.059961490070138124,64.6,60_to_120,2021,2021-04,1829,78.65
w5NnjnwtSkg,UCssTrx7qnoG5ufeBEF4dezg,Just Roll With It,small,A Mist Opportunity | Just Roll With It #7,2021-03-29 20:00:06+00:00,4260,159652,8571,415,False,0.056284919700348254,71.0,60_to_120,2021,2021-03,1833,87.1
8Ke0A56Fgto,UCssTrx7qnoG5ufeBEF4dezg,Just Roll With It,small,Off With His Head! | Just Roll With It #6,2021-03-27 17:00:06+00:00,3171,155132,8282,267,False,0.05510790810406622,52.8,under_60,2021,2021-03,1835,84.54
VkDT31x8RLU,UCssTrx7qnoG5ufeBEF4dezg,Just Roll With It,small,The Curse of Loffinlot | Just Roll With It #5,2021-03-22 19:00:13+00:00,4359,196164,9799,441,False,0.05220121938785914,72.6,60_to_120,2021,2021-03,1840,106.61
WckK-ULkD2U,UCssTrx7qnoG5ufeBEF4dezg,Just Roll With It,small,The Baldening | Just Roll With It #4,2021-03-19 16:00:35+00:00,4548,209224,10791,512,False,0.054023438993614496,75.8,60_to_120,2021,2021-03,1843,113.52
nYk2DiLJEao,UCssTrx7qnoG5ufeBEF4dezg,Just Roll With It,small,The Laughing City | Just Roll With It #3,2021-03-15 16:33:45+00:00,4057,233161,11649,507,False,0.05213564875772535,67.6,60_to_120,2021,2021-03,1847,126.24
2ET8TUBEe84,UCssTrx7qnoG5ufeBEF4dezg,Just Roll With It,small,Chipwrecked! | Just Roll With It #2,2021-03-14 16:18:46+00:00,3225,265110,13280,394,False,0.0515785900192373,53.8,under_60,2021,2021-03,1848,143.46
SPllV5nI3-o,UCssTrx7qnoG5ufeBEF4dezg,Just Roll With It,small,The End of The Council,2021-03-10 17:00:12+00:00,685,29027,2546,194,False,0.0943948737382437,11.4,under_60,2021,2021-03,1852,15.67
Urto8Im0B1U,UCssTrx7qnoG5ufeBEF4dezg,Just Roll With It,small,Starting From Zero | Just Roll With It #1,2021-03-08 15:02:09+00:00,5474,1009624,34048,1685,False,0.03539238369927815,91.2,60_to_120,2021,2021-03,1854,544.57
F0T7ZTDkLCo,UCssTrx7qnoG5ufeBEF4dezg,Just Roll With It,small,The World Behind the Curtain (Ep. 3) | Mythborne,2021-03-01 17:32:54+00:00,7997,46107,2307,202,False,0.054416899819983953,133.3,120_to_180,2021,2021-03,1861,24.78
N9RLfucxWnk,UCssTrx7qnoG5ufeBEF4dezg,Just Roll With It,small,Frat out of Hell (Ep. 2) | Mythborne,2021-02-26 20:20:14+00:00,7450,52649,2626,297,False,0.05551862333567589,124.2,120_to_180,2021,2021-02,1864,28.25
evH-jlmiFPM,UCssTrx7qnoG5ufeBEF4dezg,Just Roll With It,small,THE COUNCIL #4: Grizzly's Greatest Fear,2021-02-24 23:00:11+00:00,2363,24086,1668,124,False,0.07440006642863074,39.4,under_60,2021,2021-02,1866,12.91
Jed4t1VzmKI,UCssTrx7qnoG5ufeBEF4dezg,Just Roll With It,small,Ratnarok Begins (Ep. 1) | Mythborne,2021-02-22 15:04:04+00:00,6487,111641,4951,335,False,0.047348196451124584,108.1,60_to_120,2021,2021-02,1868,59.76
OAzRA-IP-jw,UCssTrx7qnoG5ufeBEF4dezg,Just Roll With It,small,The Final Voyage,2021-02-20 00:22:01+00:00,7552,74194,3948,330,False,0.057659649028223306,125.9,120_to_180,2021,2021-02,1871,39.65
vl2G2Cmhl0Q,UCssTrx7qnoG5ufeBEF4dezg,Just Roll With It,small,THE COUNCIL #3: Condi's Condiment Condominium,2021-02-18 01:00:07+00:00,2172,29961,2090,132,False,0.07416307866893629,36.2,under_60,2021,2021-02,1873,16.0
wsp72oB3f9g,UCssTrx7qnoG5ufeBEF4dezg,Just Roll With It,small,The Hole in the Sea,2021-02-15 20:00:08+00:00,8547,149434,6533,678,False,0.0482554171072179,142.4,120_to_180,2021,2021-02,1875,79.7
z96IqA_aMEU,UCssTrx7qnoG5ufeBEF4dezg,Just Roll With It,small,THE COUNCIL #2: The Most Dangerous Mascot.,2021-02-09 20:00:28+00:00,1915,32453,2294,167,False,0.07583274273564848,31.9,under_60,2021,2021-02,1881,17.25
aQlP8qzP5Eo,UCssTrx7qnoG5ufeBEF4dezg,Just Roll With It,small,Darkstar Rises,2021-02-08 20:00:00+00:00,9323,89771,4743,461,False,0.05796972296175825,155.4,120_to_180,2021,2021-02,1882,47.7
VvPBTYT7pbc,UCssTrx7qnoG5ufeBEF4dezg,Just Roll With It,small,The Prime Force Returns,2021-02-05 20:00:05+00:00,6522,167849,8823,746,False,0.05700957408146608,108.7,60_to_120,2021,2021-02,1885,89.04
iPya274VpaA,UCssTrx7qnoG5ufeBEF4dezg,Just Roll With It,small,THE COUNCIL #1 - The Truth.,2021-02-03 20:47:57+00:00,2494,90558,5858,613,False,0.07145696680580402,41.6,under_60,2021,2021-02,1887,47.99
